patient_id,date_of_birth,gender,city,insurance_id
P000001,2009-05-19,Male,Nice,INS002
P000002,1994-12-02,Male,Lille,INS006
P000003,2008-01-06,Male,Paris,INS008
P000004,1949-04-28,Male,Strasbourg,INS007
P000005,1953-04-24,Male,Toulouse,INS002
P000006,1998-10-19,Female,Nice,INS007
P000007,1949-11-01,Female,Paris,INS001
P000008,1934-08-21,Male,Paris,INS005
P000009,1984-03-13,Female,Paris,INS005
P000010,1994-11-16,Male,Nice,INS001
P000011,2008-06-03,Female,Marseille,INS006
P000012,2005-02-23,Male,Nice,INS003
P000013,1939-09-27,Female,Montpellier,INS007
P000014,1992-07-16,Male,Nantes,INS008
P000015,1998-07-14,Female,Montpellier,INS005
P000016,1986-07-19,Female,Montpellier,INS006
P000017,1996-05-26,Male,Nice,INS001
P000018,1997-11-15,Male,Strasbourg,INS008
P000019,1966-03-03,Male,Nantes,INS006
P000020,1933-04-02,Male,Marseille,INS004
P000021,1966-12-14,Female,Lyon,INS001
P000022,1946-05-06,Male,Lille,INS005
P000023,1939-03-19,Female,Toulouse,INS008
P000024,1940-02-13,Male,Lille,INS007
P000025,1986-06-27,Female,Lyon,INS001
P000026,1970-11-13,Female,Bordeaux,INS007
P000027,1973-09-22,Male,Toulouse,INS001
P000028,1990-05-11,Male,Montpellier,INS004
P000029,1974-05-29,Female,Montpellier,INS004
P000030,1981-01-11,Male,Nantes,INS001
P000031,1936-12-19,Male,Strasbourg,INS002
P000032,1998-12-09,Female,Lille,INS008
P000033,1966-05-08,Male,Montpellier,INS006
P000034,1942-07-28,Female,Montpellier,INS007
P000035,1995-11-17,Female,Lyon,INS005
P000036,1989-07-03,Male,Nice,INS004
P000037,1934-04-18,Female,Toulouse,INS001
P000038,1945-08-20,Female,Marseille,INS005
P000039,1931-04-11,Male,Toulouse,INS007
P000040,1951-12-07,Female,Montpellier,INS002
P000041,1938-02-05,Male,Montpellier,INS004
P000042,1987-07-02,Male,Lille,INS004
P000043,1972-04-29,Female,Toulouse,INS007
P000044,2009-05-24,Female,Bordeaux,INS002
P000045,1990-09-13,Female,Nice,INS001
P000046,1979-07-14,Male,Toulouse,INS002
P000047,1971-04-03,Female,Lille,INS002
P000048,1934-06-01,Male,Montpellier,INS007
P000049,1935-09-08,Female,Lille,INS003
P000050,1979-12-02,Male,Marseille,INS003
P000051,1930-05-10,Female,Lille,INS003
P000052,1933-06-06,Female,Lille,INS007
P000053,1947-10-01,Female,Bordeaux,INS006
P000054,2001-08-12,Male,Nantes,INS004
P000055,1967-03-04,Male,Lyon,INS007
P000056,1987-06-23,Female,Strasbourg,INS001
P000057,1963-05-03,Female,Marseille,INS006
P000058,1944-01-09,Female,Lyon,INS003
P000059,1960-01-24,Female,Nantes,INS004
P000060,1937-06-06,Male,Marseille,INS002
P000061,1992-05-22,Male,Nice,INS001
P000062,1944-11-12,Male,Montpellier,INS006
P000063,1960-06-26,Female,Nantes,INS007
P000064,2009-05-19,Female,Nice,INS008
P000065,1977-12-12,Male,Toulouse,INS002
P000066,1967-02-22,Female,Lille,INS007
P000067,1973-12-25,Male,Nantes,INS001
P000068,1993-07-05,Female,Lille,INS007
P000069,1950-08-12,Female,Strasbourg,INS005
P000070,1981-07-19,Male,Toulouse,INS007
P000071,2000-09-07,Female,Toulouse,INS001
P000072,1976-05-13,Male,Nantes,INS007
P000073,1966-03-03,Female,Lyon,INS004
P000074,1941-10-03,Female,Bordeaux,INS005
P000075,1950-02-10,Female,Nice,INS005
P000076,2006-08-17,Female,Nice,INS006
P000077,1973-11-03,Female,Marseille,INS005
P000078,1954-05-29,Female,Paris,INS004
P000079,1963-11-21,Male,Lyon,INS004
P000080,1976-10-26,Male,Strasbourg,INS001
P000081,1973-07-16,Female,Marseille,INS006
P000082,1986-09-06,Female,Paris,INS006
P000083,1950-11-09,Female,Bordeaux,INS005
P000084,1982-08-02,Male,Strasbourg,INS006
P000085,1965-11-09,Male,Marseille,INS003
P000086,2006-03-09,Female,Paris,INS002
P000087,1942-10-16,Male,Lyon,INS008
P000088,1942-01-09,Female,Lyon,INS008
P000089,1967-05-24,Female,Marseille,INS007
P000090,1971-03-06,Female,Lyon,INS001
P000091,1985-12-16,Male,Nantes,INS005
P000092,1962-09-22,Female,Marseille,INS006
P000093,2004-01-04,Female,Bordeaux,INS001
P000094,1968-05-28,Female,Toulouse,INS008
P000095,1940-06-23,Male,Nantes,INS007
P000096,1939-08-28,Female,Nantes,INS003
P000097,2008-11-04,Female,Bordeaux,INS005
P000098,1940-11-11,Female,Strasbourg,INS008
P000099,2006-10-10,Male,Lyon,INS007
P000100,1952-07-10,Female,Bordeaux,INS007
P000101,1937-07-26,Male,Lille,INS008
P000102,1954-09-06,Female,Bordeaux,INS006
P000103,1979-10-16,Female,Lyon,INS008
P000104,1964-08-29,Male,Lille,INS008
P000105,1993-08-18,Male,Montpellier,INS001
P000106,1979-06-28,Female,Strasbourg,INS006
P000107,1962-06-18,Male,Toulouse,INS003
P000108,1981-05-27,Female,Lyon,INS004
P000109,2008-09-07,Female,Nantes,INS002
P000110,1963-05-11,Male,Lille,INS006
P000111,1942-06-06,Male,Lille,INS007
P000112,1963-02-10,Female,Paris,INS004
P000113,1998-01-17,Male,Marseille,INS006
P000114,1947-08-18,Female,Marseille,INS003
P000115,2006-11-17,Female,Paris,INS006
P000116,1977-08-26,Male,Bordeaux,INS001
P000117,1978-09-22,Male,Montpellier,INS008
P000118,1955-09-06,Male,Lyon,INS004
P000119,2004-07-21,Male,Paris,INS005
P000120,1932-12-02,Male,Lyon,INS007
P000121,1954-03-11,Female,Bordeaux,INS001
P000122,1963-11-21,Male,Strasbourg,INS008
P000123,1968-08-28,Male,Lille,INS005
P000124,1968-05-27,Male,Lyon,INS008
P000125,1941-12-25,Female,Paris,INS005
P000126,1948-04-09,Female,Nantes,INS002
P000127,1937-09-18,Female,Lille,INS005
P000128,1976-05-14,Female,Lille,INS005
P000129,1958-06-03,Female,Marseille,INS008
P000130,1975-10-29,Male,Strasbourg,INS005
P000131,1977-10-07,Male,Lille,INS004
P000132,1986-11-11,Female,Nice,INS002
P000133,1974-04-23,Female,Nice,INS003
P000134,1982-06-25,Male,Paris,INS005
P000135,1977-07-23,Female,Marseille,INS003
P000136,1982-11-05,Male,Strasbourg,INS003
P000137,1979-12-12,Female,Strasbourg,INS001
P000138,1955-08-12,Female,Toulouse,INS008
P000139,1949-12-13,Female,Lyon,INS007
P000140,1993-10-12,Male,Marseille,INS003
P000141,1957-10-04,Female,Montpellier,INS002
P000142,1974-06-24,Male,Nantes,INS007
P000143,1945-12-15,Female,Paris,INS007
P000144,1964-12-11,Female,Nice,INS008
P000145,1972-11-25,Male,Lyon,INS005
P000146,1980-09-14,Female,Lille,INS006
P000147,1972-08-20,Female,Toulouse,INS006
P000148,1959-03-19,Female,Lille,INS002
P000149,2007-11-26,Male,Nantes,INS005
P000150,1971-07-13,Female,Lyon,INS003
P000151,1995-06-21,Female,Strasbourg,INS007
P000152,1989-09-02,Male,Bordeaux,INS008
P000153,1975-03-23,Male,Lille,INS001
P000154,2001-10-18,Male,Montpellier,INS001
P000155,1940-05-22,Male,Toulouse,INS003
P000156,2004-08-08,Male,Toulouse,INS001
P000157,1998-11-13,Female,Paris,INS001
P000158,1970-10-17,Female,Montpellier,INS008
P000159,1989-05-27,Male,Strasbourg,INS005
P000160,1972-02-21,Male,Lyon,INS007
P000161,1951-10-09,Male,Montpellier,INS005
P000162,1994-10-15,Male,Nice,INS006
P000163,1949-12-02,Female,Toulouse,INS006
P000164,1955-06-21,Female,Montpellier,INS002
P000165,1972-01-23,Male,Bordeaux,INS002
P000166,1997-10-29,Female,Nantes,INS004
P000167,1961-02-05,Male,Lyon,INS003
P000168,1970-01-09,Male,Lyon,INS007
P000169,1933-05-17,Female,Bordeaux,INS003
P000170,1939-05-21,Male,Lille,INS003
P000171,1934-07-14,Male,Montpellier,INS005
P000172,1935-11-02,Male,Paris,INS002
P000173,2000-05-07,Female,Nice,INS007
P000174,1998-03-14,Male,Nantes,INS001
P000175,1996-07-27,Female,Strasbourg,INS007
P000176,1934-07-02,Male,Montpellier,INS005
P000177,1936-04-16,Female,Strasbourg,INS008
P000178,1952-09-23,Male,Lille,INS003
P000179,1975-10-15,Male,Nantes,INS008
P000180,1957-01-23,Male,Lyon,INS007
P000181,1969-06-28,Male,Toulouse,INS004
P000182,1944-01-05,Female,Marseille,INS003
P000183,1989-03-11,Male,Marseille,INS002
P000184,1955-06-05,Female,Bordeaux,INS002
P000185,1935-05-23,Male,Lyon,INS005
P000186,1990-02-26,Female,Bordeaux,INS008
P000187,2003-02-15,Male,Toulouse,INS005
P000188,1931-03-11,Female,Marseille,INS008
P000189,1965-05-15,Male,Bordeaux,INS007
P000190,1996-12-31,Male,Nice,INS006
P000191,1987-03-14,Female,Nantes,INS006
P000192,1999-05-19,Female,Paris,INS008
P000193,1963-08-19,Male,Bordeaux,INS007
P000194,1960-02-25,Male,Nantes,INS002
P000195,1987-06-11,Female,Nantes,INS005
P000196,1942-06-11,Female,Toulouse,INS004
P000197,1949-05-24,Female,Paris,INS008
P000198,1978-09-01,Male,Lyon,INS002
P000199,1984-02-22,Male,Lille,INS007
P000200,1939-09-11,Female,Nantes,INS004
P000201,1971-03-04,Male,Nice,INS008
P000202,1959-07-23,Male,Nantes,INS007
P000203,1970-08-22,Male,Lille,INS003
P000204,2007-08-19,Female,Toulouse,INS007
P000205,1936-03-16,Female,Paris,INS002
P000206,2010-08-18,Female,Nice,INS001
P000207,1966-06-01,Female,Lille,INS005
P000208,1992-07-15,Female,Bordeaux,INS004
P000209,1964-05-19,Female,Toulouse,INS002
P000210,1955-03-10,Female,Marseille,INS008
P000211,1992-06-01,Male,Lyon,INS001
P000212,1985-09-12,Female,Montpellier,INS005
P000213,1941-09-01,Male,Lyon,INS003
P000214,1987-02-19,Female,Montpellier,INS003
P000215,1990-12-31,Male,Lyon,INS002
P000216,1961-05-31,Female,Paris,INS004
P000217,2004-12-22,Male,Montpellier,INS006
P000218,1981-11-29,Male,Montpellier,INS003
P000219,1957-01-09,Female,Strasbourg,INS006
P000220,1930-11-14,Male,Nice,INS004
P000221,1984-09-02,Female,Toulouse,INS007
P000222,1946-12-07,Male,Lyon,INS004
P000223,1991-04-12,Female,Bordeaux,INS003
P000224,1972-07-13,Female,Bordeaux,INS005
P000225,1967-10-21,Female,Nice,INS006
P000226,1943-04-07,Male,Paris,INS004
P000227,1987-08-19,Female,Paris,INS008
P000228,1943-06-10,Male,Bordeaux,INS005
P000229,1963-11-02,Female,Strasbourg,INS003
P000230,1997-09-27,Female,Montpellier,INS001
P000231,2004-07-19,Female,Bordeaux,INS004
P000232,2010-02-12,Male,Lille,INS001
P000233,2007-08-06,Male,Toulouse,INS001
P000234,1975-01-12,Female,Bordeaux,INS003
P000235,1946-03-29,Male,Nantes,INS003
P000236,1997-12-18,Female,Marseille,INS008
P000237,1994-12-06,Female,Lille,INS006
P000238,2010-03-19,Male,Bordeaux,INS007
P000239,1982-09-22,Female,Strasbourg,INS005
P000240,1941-06-20,Female,Strasbourg,INS001
P000241,1970-09-25,Male,Nice,INS007
P000242,1966-04-22,Female,Marseille,INS004
P000243,1998-04-11,Male,Toulouse,INS004
P000244,1961-10-18,Male,Bordeaux,INS005
P000245,1956-08-13,Male,Montpellier,INS002
P000246,1936-06-26,Male,Lille,INS004
P000247,1997-09-02,Male,Montpellier,INS005
P000248,1991-03-07,Female,Nice,INS006
P000249,1933-05-04,Male,Nantes,INS005
P000250,1965-02-18,Female,Nice,INS008
P000251,1968-11-08,Male,Nice,INS008
P000252,1968-01-06,Female,Nantes,INS001
P000253,2004-06-06,Male,Nantes,INS001
P000254,1942-03-16,Male,Lille,INS005
P000255,1954-10-24,Female,Toulouse,INS007
P000256,1944-08-27,Male,Bordeaux,INS005
P000257,1949-10-08,Female,Strasbourg,INS002
P000258,2003-06-22,Female,Nantes,INS005
P000259,2006-03-13,Male,Montpellier,INS008
P000260,1933-08-13,Female,Nantes,INS002
P000261,1981-03-13,Female,Toulouse,INS004
P000262,1948-11-10,Female,Bordeaux,INS006
P000263,1945-08-06,Female,Nantes,INS004
P000264,1953-08-28,Male,Strasbourg,INS001
P000265,1945-09-29,Male,Marseille,INS006
P000266,1969-09-15,Male,Marseille,INS006
P000267,2010-08-23,Female,Marseille,INS006
P000268,1977-07-02,Male,Paris,INS006
P000269,1988-07-31,Male,Nantes,INS006
P000270,1969-12-15,Male,Montpellier,INS003
P000271,1931-02-16,Female,Nantes,INS001
P000272,1936-10-24,Female,Paris,INS008
P000273,1951-10-12,Male,Lille,INS002
P000274,1949-09-26,Male,Montpellier,INS007
P000275,1998-01-31,Female,Paris,INS005
P000276,1998-04-30,Male,Nantes,INS005
P000277,1999-03-08,Female,Toulouse,INS001
P000278,1981-08-23,Female,Montpellier,INS008
P000279,1975-01-18,Male,Bordeaux,INS005
P000280,1982-07-31,Male,Bordeaux,INS007
P000281,1962-12-13,Female,Nice,INS007
P000282,1984-04-14,Male,Strasbourg,INS002
P000283,1994-05-07,Male,Bordeaux,INS008
P000284,1991-10-17,Female,Nice,INS005
P000285,1979-09-20,Male,Strasbourg,INS002
P000286,1934-09-16,Male,Bordeaux,INS005
P000287,1988-09-19,Male,Nice,INS005
P000288,1959-09-11,Male,Lille,INS006
P000289,1990-03-27,Male,Lille,INS003
P000290,1973-09-13,Female,Paris,INS008
P000291,2001-05-17,Female,Nantes,INS002
P000292,1957-05-31,Male,Marseille,INS004
P000293,2005-06-10,Male,Strasbourg,INS007
P000294,1998-05-27,Female,Montpellier,INS001
P000295,1956-10-26,Female,Strasbourg,INS004
P000296,1969-02-01,Male,Marseille,INS004
P000297,1973-01-14,Female,Nantes,INS007
P000298,1992-04-04,Female,Nice,INS007
P000299,1985-10-27,Male,Bordeaux,INS007
P000300,1999-01-05,Male,Bordeaux,INS003
P000301,1959-12-17,Male,Toulouse,INS004
P000302,1970-11-20,Male,Lille,INS001
P000303,1964-11-24,Female,Bordeaux,INS007
P000304,2003-09-03,Male,Montpellier,INS003
P000305,1954-09-14,Female,Marseille,INS004
P000306,1977-07-22,Female,Paris,INS006
P000307,1939-09-25,Male,Paris,INS007
P000308,1998-11-14,Male,Bordeaux,INS001
P000309,1961-02-13,Male,Marseille,INS007
P000310,1957-08-03,Female,Toulouse,INS004
P000311,1977-03-20,Male,Montpellier,INS004
P000312,1970-05-28,Male,Paris,INS002
P000313,1998-09-07,Male,Lyon,INS006
P000314,1973-01-16,Male,Marseille,INS004
P000315,1971-11-16,Female,Toulouse,INS001
P000316,1938-07-03,Male,Nantes,INS002
P000317,1931-10-12,Male,Lyon,INS006
P000318,1962-04-13,Male,Lyon,INS001
P000319,2010-11-07,Male,Paris,INS005
P000320,2004-04-20,Male,Strasbourg,INS006
P000321,1980-12-11,Female,Paris,INS008
P000322,1981-02-04,Female,Nantes,INS002
P000323,1961-09-17,Male,Bordeaux,INS003
P000324,1944-05-18,Male,Lyon,INS002
P000325,1930-09-10,Male,Bordeaux,INS008
P000326,1957-06-12,Female,Marseille,INS005
P000327,1955-08-20,Female,Bordeaux,INS008
P000328,1945-07-09,Male,Lyon,INS001
P000329,1950-12-29,Male,Nantes,INS006
P000330,1932-01-05,Female,Nice,INS001
P000331,1979-03-30,Male,Paris,INS001
P000332,2005-02-13,Female,Bordeaux,INS004
P000333,1985-12-14,Female,Nantes,INS003
P000334,1966-04-21,Female,Paris,INS003
P000335,1964-01-16,Female,Nice,INS001
P000336,1954-11-29,Female,Bordeaux,INS005
P000337,1941-07-14,Male,Lille,INS003
P000338,1978-06-23,Male,Toulouse,INS008
P000339,1975-11-21,Male,Nantes,INS007
P000340,1930-08-05,Female,Nantes,INS004
P000341,1963-08-28,Female,Nice,INS007
P000342,1952-07-09,Female,Paris,INS005
P000343,1943-10-17,Male,Nice,INS004
P000344,1986-12-11,Female,Paris,INS008
P000345,1972-08-04,Male,Nantes,INS005
P000346,1981-05-02,Male,Lille,INS004
P000347,1987-10-16,Male,Paris,INS005
P000348,2009-07-10,Female,Nantes,INS007
P000349,1995-01-08,Male,Bordeaux,INS006
P000350,1980-03-31,Female,Nantes,INS005
P000351,2001-03-13,Female,Lille,INS002
P000352,1968-09-04,Male,Marseille,INS006
P000353,2009-10-06,Male,Nantes,INS004
P000354,1991-09-04,Male,Marseille,INS008
P000355,1982-09-20,Female,Strasbourg,INS008
P000356,2003-03-03,Male,Nantes,INS001
P000357,1971-09-21,Male,Montpellier,INS008
P000358,1988-05-17,Female,Paris,INS008
P000359,1953-01-23,Male,Bordeaux,INS008
P000360,2008-01-07,Female,Bordeaux,INS004
P000361,1980-06-28,Male,Strasbourg,INS003
P000362,1993-05-04,Male,Toulouse,INS005
P000363,1967-04-27,Male,Montpellier,INS008
P000364,2000-03-17,Male,Marseille,INS004
P000365,1936-01-04,Female,Strasbourg,INS008
P000366,1939-03-30,Male,Bordeaux,INS003
P000367,1971-01-28,Male,Montpellier,INS007
P000368,1989-04-28,Female,Marseille,INS001
P000369,1995-07-18,Female,Marseille,INS007
P000370,1965-08-24,Male,Bordeaux,INS008
P000371,1982-08-15,Male,Bordeaux,INS006
P000372,1974-10-20,Female,Lyon,INS005
P000373,2007-11-18,Male,Nantes,INS004
P000374,1982-12-24,Male,Toulouse,INS007
P000375,1963-10-06,Female,Lyon,INS002
P000376,2008-07-21,Female,Bordeaux,INS003
P000377,1938-09-08,Male,Nantes,INS002
P000378,2009-09-30,Male,Paris,INS003
P000379,1942-06-23,Male,Montpellier,INS005
P000380,1953-05-06,Female,Nantes,INS003
P000381,1996-07-15,Male,Marseille,INS004
P000382,1989-06-07,Male,Nice,INS002
P000383,2008-08-05,Male,Strasbourg,INS003
P000384,1990-09-30,Female,Montpellier,INS004
P000385,1981-08-06,Male,Nice,INS002
P000386,1958-01-24,Female,Marseille,INS008
P000387,1930-05-20,Female,Lyon,INS008
P000388,1940-01-13,Male,Marseille,INS008
P000389,1954-02-13,Male,Strasbourg,INS001
P000390,1933-04-26,Male,Lille,INS004
P000391,1971-02-28,Male,Lille,INS007
P000392,1992-12-17,Female,Strasbourg,INS003
P000393,2008-01-08,Female,Marseille,INS002
P000394,1969-08-31,Female,Toulouse,INS005
P000395,2000-11-15,Female,Marseille,INS001
P000396,2009-10-29,Male,Lille,INS005
P000397,1999-08-24,Male,Bordeaux,INS004
P000398,1967-08-30,Male,Nice,INS006
P000399,1956-05-06,Female,Marseille,INS006
P000400,2009-03-17,Female,Paris,INS005
P000401,1949-08-05,Female,Nantes,INS005
P000402,1963-05-04,Male,Bordeaux,INS001
P000403,1935-12-31,Female,Nantes,INS008
P000404,1994-04-15,Male,Toulouse,INS001
P000405,1982-08-20,Male,Nice,INS008
P000406,1936-11-14,Male,Nantes,INS008
P000407,1947-12-23,Female,Nice,INS006
P000408,1974-12-28,Female,Nice,INS006
P000409,1973-10-09,Male,Toulouse,INS001
P000410,1994-12-19,Male,Lille,INS008
P000411,1951-07-22,Female,Bordeaux,INS005
P000412,2004-11-24,Male,Nantes,INS003
P000413,1966-01-01,Female,Bordeaux,INS006
P000414,1996-08-17,Female,Bordeaux,INS005
P000415,1949-04-23,Female,Lille,INS003
P000416,1932-12-29,Female,Lyon,INS003
P000417,1934-06-17,Female,Toulouse,INS001
P000418,1960-03-10,Female,Strasbourg,INS008
P000419,2007-03-16,Male,Nice,INS006
P000420,1933-12-11,Female,Nice,INS003
P000421,1959-11-20,Male,Nice,INS006
P000422,1938-11-08,Male,Montpellier,INS006
P000423,2005-06-15,Female,Marseille,INS002
P000424,1984-09-12,Female,Nice,INS002
P000425,1991-10-11,Male,Paris,INS002
P000426,1987-10-10,Male,Marseille,INS001
P000427,1983-03-21,Male,Paris,INS007
P000428,1992-09-01,Female,Toulouse,INS002
P000429,1930-08-29,Female,Lyon,INS007
P000430,2000-02-06,Female,Lille,INS005
P000431,1989-12-05,Male,Lyon,INS001
P000432,1989-11-22,Male,Paris,INS007
P000433,1961-11-13,Female,Toulouse,INS002
P000434,1994-11-13,Male,Toulouse,INS008
P000435,1960-12-04,Female,Toulouse,INS001
P000436,1933-12-19,Male,Lille,INS005
P000437,2003-07-13,Female,Toulouse,INS003
P000438,1948-12-30,Male,Paris,INS005
P000439,1938-04-03,Male,Toulouse,INS007
P000440,1980-05-16,Male,Strasbourg,INS007
P000441,1948-12-04,Female,Lyon,INS003
P000442,1999-07-04,Male,Lyon,INS001
P000443,1965-12-10,Male,Nice,INS003
P000444,1930-05-14,Female,Bordeaux,INS007
P000445,2007-02-01,Female,Marseille,INS005
P000446,1971-09-07,Male,Nice,INS007
P000447,1951-04-20,Female,Lille,INS004
P000448,1984-11-09,Female,Nantes,INS005
P000449,1972-12-23,Female,Bordeaux,INS001
P000450,1932-05-25,Female,Lyon,INS001
P000451,1991-07-13,Female,Nice,INS006
P000452,1962-07-05,Male,Nantes,INS002
P000453,1986-09-07,Female,Marseille,INS003
P000454,2002-07-18,Male,Nice,INS003
P000455,1979-06-17,Female,Nantes,INS006
P000456,1984-05-25,Female,Strasbourg,INS008
P000457,1950-08-17,Female,Strasbourg,INS007
P000458,1949-04-01,Male,Lille,INS006
P000459,1963-08-13,Male,Montpellier,INS007
P000460,1999-01-27,Female,Paris,INS005
P000461,1972-06-16,Female,Lille,INS002
P000462,1958-03-11,Female,Nantes,INS004
P000463,1993-02-22,Female,Bordeaux,INS008
P000464,1999-02-13,Male,Marseille,INS007
P000465,2003-02-07,Female,Lyon,INS003
P000466,1954-03-19,Male,Nice,INS003
P000467,1987-06-24,Male,Strasbourg,INS008
P000468,1977-10-25,Female,Nantes,INS001
P000469,1966-05-14,Male,Bordeaux,INS008
P000470,1962-02-25,Female,Nice,INS006
P000471,1939-04-12,Male,Marseille,INS007
P000472,1952-04-05,Female,Montpellier,INS003
P000473,1974-07-10,Male,Lyon,INS006
P000474,2001-10-22,Male,Bordeaux,INS003
P000475,2000-03-03,Female,Lille,INS001
P000476,1945-03-12,Male,Montpellier,INS004
P000477,1985-01-09,Female,Marseille,INS008
P000478,1936-11-14,Female,Nantes,INS002
P000479,1984-09-03,Male,Lyon,INS002
P000480,1957-09-11,Female,Lyon,INS008
P000481,1966-06-09,Male,Toulouse,INS008
P000482,1988-02-16,Male,Nice,INS007
P000483,1964-05-31,Male,Marseille,INS008
P000484,1995-05-27,Female,Nantes,INS008
P000485,1973-03-21,Female,Bordeaux,INS008
P000486,2010-11-23,Male,Montpellier,INS008
P000487,1981-09-11,Female,Lille,INS006
P000488,1954-01-02,Male,Marseille,INS003
P000489,1992-10-18,Female,Montpellier,INS004
P000490,1963-01-16,Female,Lille,INS004
P000491,1973-04-07,Male,Marseille,INS005
P000492,1941-01-30,Male,Strasbourg,INS006
P000493,1939-09-01,Male,Strasbourg,INS002
P000494,1976-07-25,Male,Paris,INS001
P000495,1945-02-14,Female,Strasbourg,INS005
P000496,2010-10-20,Female,Nantes,INS008
P000497,1999-04-23,Female,Marseille,INS007
P000498,1986-10-08,Male,Bordeaux,INS001
P000499,1989-07-05,Female,Marseille,INS005
P000500,1978-03-18,Male,Lyon,INS005
P000501,1934-11-19,Female,Lyon,INS004
P000502,1961-10-12,Male,Lyon,INS006
P000503,1970-02-27,Male,Bordeaux,INS004
P000504,2004-02-20,Male,Strasbourg,INS008
P000505,1947-10-12,Female,Toulouse,INS008
P000506,1970-04-01,Male,Paris,INS006
P000507,1957-11-13,Female,Toulouse,INS004
P000508,1940-11-19,Female,Nice,INS005
P000509,1938-05-06,Female,Strasbourg,INS008
P000510,1959-08-06,Female,Nice,INS003
P000511,1936-09-04,Male,Lille,INS007
P000512,1935-06-11,Female,Nantes,INS005
P000513,1958-06-03,Female,Paris,INS001
P000514,1946-05-12,Male,Toulouse,INS006
P000515,1974-12-09,Male,Bordeaux,INS002
P000516,1931-06-07,Male,Paris,INS005
P000517,1954-06-12,Male,Paris,INS008
P000518,1966-09-18,Female,Strasbourg,INS007
P000519,2008-01-05,Male,Marseille,INS006
P000520,1981-05-25,Female,Lyon,INS001
P000521,2001-05-03,Female,Bordeaux,INS007
P000522,1957-10-21,Female,Marseille,INS003
P000523,1966-06-05,Male,Montpellier,INS001
P000524,1964-01-19,Female,Montpellier,INS008
P000525,2001-11-16,Male,Strasbourg,INS002
P000526,2007-09-11,Female,Lille,INS003
P000527,2007-12-12,Female,Strasbourg,INS002
P000528,1990-11-28,Female,Marseille,INS005
P000529,1970-10-02,Female,Marseille,INS007
P000530,1973-10-22,Female,Montpellier,INS005
P000531,2009-06-02,Male,Nantes,INS007
P000532,1953-01-17,Male,Paris,INS008
P000533,1958-01-30,Female,Strasbourg,INS007
P000534,2002-08-27,Male,Lyon,INS002
P000535,1961-04-16,Female,Nantes,INS002
P000536,1949-01-16,Female,Toulouse,INS003
P000537,1975-05-25,Female,Paris,INS006
P000538,1956-05-08,Female,Nice,INS007
P000539,2002-02-27,Female,Nantes,INS003
P000540,2003-08-19,Male,Strasbourg,INS006
P000541,1954-10-15,Female,Nantes,INS002
P000542,1972-11-21,Male,Nice,INS005
P000543,2009-09-13,Female,Montpellier,INS007
P000544,1990-02-15,Male,Montpellier,INS004
P000545,1947-06-20,Male,Bordeaux,INS002
P000546,1977-11-06,Female,Paris,INS004
P000547,1980-03-17,Female,Lille,INS007
P000548,1982-12-05,Male,Nantes,INS008
P000549,1932-01-10,Male,Lyon,INS005
P000550,1954-04-01,Male,Lyon,INS006
P000551,1999-03-22,Female,Lille,INS004
P000552,1949-07-20,Male,Montpellier,INS008
P000553,1954-04-11,Female,Lille,INS007
P000554,1956-02-14,Female,Montpellier,INS008
P000555,1944-05-14,Male,Strasbourg,INS007
P000556,1942-08-04,Female,Lille,INS005
P000557,1958-02-09,Male,Marseille,INS008
P000558,2000-10-25,Male,Strasbourg,INS005
P000559,1930-02-15,Female,Nice,INS005
P000560,1952-12-10,Male,Nantes,INS006
P000561,1934-11-29,Female,Montpellier,INS002
P000562,1975-06-25,Female,Lyon,INS007
P000563,1950-04-19,Female,Lille,INS003
P000564,1994-02-23,Male,Nantes,INS006
P000565,1977-05-21,Female,Paris,INS007
P000566,1993-06-27,Female,Montpellier,INS001
P000567,1981-06-05,Male,Bordeaux,INS003
P000568,1965-07-05,Male,Lille,INS008
P000569,1999-09-26,Male,Marseille,INS003
P000570,1968-07-29,Male,Paris,INS006
P000571,2006-12-10,Female,Bordeaux,INS005
P000572,2010-07-27,Male,Montpellier,INS007
P000573,1977-09-16,Male,Paris,INS005
P000574,1984-08-22,Male,Toulouse,INS004
P000575,1950-09-16,Male,Nantes,INS001
P000576,1995-12-26,Female,Toulouse,INS004
P000577,1984-05-25,Female,Nantes,INS005
P000578,2003-02-08,Male,Nice,INS006
P000579,1951-08-18,Female,Montpellier,INS007
P000580,1993-10-17,Female,Nantes,INS007
P000581,1968-02-03,Female,Nice,INS004
P000582,1944-12-31,Male,Lille,INS001
P000583,1943-11-13,Male,Lyon,INS003
P000584,1975-07-15,Male,Paris,INS004
P000585,1955-11-16,Male,Lyon,INS008
P000586,1938-04-03,Male,Strasbourg,INS007
P000587,1964-08-06,Male,Paris,INS008
P000588,1982-11-20,Female,Toulouse,INS008
P000589,1955-11-01,Male,Nantes,INS002
P000590,2007-05-20,Female,Nantes,INS001
P000591,1993-02-21,Female,Paris,INS005
P000592,1971-07-13,Female,Strasbourg,INS003
P000593,2005-09-14,Male,Toulouse,INS007
P000594,1965-01-26,Male,Paris,INS004
P000595,1941-04-24,Male,Lyon,INS001
P000596,1932-11-26,Male,Strasbourg,INS002
P000597,2005-12-23,Male,Montpellier,INS003
P000598,2007-09-27,Female,Nice,INS001
P000599,1989-11-16,Male,Lille,INS003
P000600,1938-05-06,Male,Montpellier,INS005
P000601,1953-10-14,Male,Marseille,INS008
P000602,1933-04-30,Female,Marseille,INS006
P000603,1934-02-25,Female,Nice,INS001
P000604,1949-12-06,Male,Lille,INS004
P000605,1976-05-05,Female,Bordeaux,INS007
P000606,1935-04-23,Female,Nantes,INS003
P000607,2009-10-01,Female,Lyon,INS005
P000608,1966-11-12,Female,Montpellier,INS008
P000609,1951-05-16,Female,Lyon,INS002
P000610,1971-10-20,Male,Montpellier,INS004
P000611,1993-12-31,Male,Marseille,INS005
P000612,1955-04-27,Male,Toulouse,INS007
P000613,1933-11-06,Female,Marseille,INS007
P000614,1934-02-16,Female,Bordeaux,INS003
P000615,1999-01-04,Female,Paris,INS004
P000616,1939-01-15,Female,Lyon,INS007
P000617,1981-06-24,Female,Bordeaux,INS007
P000618,1961-02-22,Male,Nantes,INS007
P000619,1992-12-23,Male,Montpellier,INS006
P000620,1934-11-26,Male,Strasbourg,INS003
P000621,2002-09-20,Female,Montpellier,INS003
P000622,1986-07-21,Female,Nice,INS006
P000623,1966-05-23,Female,Nice,INS003
P000624,1946-10-08,Female,Lille,INS006
P000625,2009-02-22,Female,Montpellier,INS005
P000626,1954-06-20,Female,Montpellier,INS004
P000627,1969-09-24,Male,Bordeaux,INS003
P000628,1961-12-03,Male,Lyon,INS007
P000629,1948-09-03,Female,Paris,INS004
P000630,1963-09-29,Female,Toulouse,INS003
P000631,1942-04-09,Female,Nantes,INS004
P000632,1930-02-19,Female,Bordeaux,INS004
P000633,1953-06-28,Male,Strasbourg,INS005
P000634,1939-01-29,Male,Bordeaux,INS008
P000635,1963-08-06,Male,Nantes,INS003
P000636,1999-11-19,Male,Nice,INS002
P000637,1943-03-03,Female,Strasbourg,INS008
P000638,1930-02-06,Female,Nantes,INS002
P000639,1938-12-31,Female,Bordeaux,INS008
P000640,1971-02-28,Female,Paris,INS002
P000641,1952-04-05,Male,Nantes,INS003
P000642,1969-08-25,Female,Lyon,INS008
P000643,1932-05-15,Female,Lille,INS002
P000644,1956-12-24,Female,Bordeaux,INS002
P000645,1963-03-22,Female,Paris,INS005
P000646,1964-12-08,Male,Nantes,INS002
P000647,1974-08-23,Female,Marseille,INS001
P000648,1993-03-23,Female,Bordeaux,INS006
P000649,1967-11-05,Female,Lille,INS008
P000650,1998-02-19,Male,Lille,INS007
P000651,1972-11-27,Male,Lille,INS008
P000652,1951-02-02,Male,Paris,INS005
P000653,1948-07-20,Female,Lyon,INS005
P000654,1956-02-14,Female,Nice,INS008
P000655,1978-05-24,Male,Lyon,INS005
P000656,1949-08-22,Female,Toulouse,INS001
P000657,2004-01-17,Female,Lyon,INS002
P000658,1968-11-13,Male,Bordeaux,INS005
P000659,1999-12-04,Female,Nantes,INS007
P000660,1985-05-05,Female,Toulouse,INS005
P000661,1956-12-31,Male,Nice,INS004
P000662,1948-06-27,Female,Marseille,INS003
P000663,1990-04-04,Female,Bordeaux,INS006
P000664,1956-10-15,Female,Marseille,INS008
P000665,1949-12-30,Male,Bordeaux,INS003
P000666,2005-05-11,Female,Paris,INS005
P000667,1969-02-03,Female,Marseille,INS004
P000668,1933-12-07,Male,Nice,INS002
P000669,1970-01-28,Male,Nice,INS004
P000670,1967-04-28,Male,Marseille,INS001
P000671,1999-12-24,Female,Marseille,INS005
P000672,1987-08-20,Female,Marseille,INS001
P000673,1945-07-02,Male,Marseille,INS004
P000674,1942-03-10,Male,Montpellier,INS008
P000675,1978-11-21,Female,Nantes,INS002
P000676,1933-11-02,Male,Lille,INS003
P000677,1955-11-03,Female,Toulouse,INS006
P000678,1941-03-12,Male,Bordeaux,INS008
P000679,1931-09-01,Male,Bordeaux,INS008
P000680,2004-06-03,Female,Lille,INS001
P000681,1937-04-11,Male,Montpellier,INS002
P000682,1930-10-01,Male,Marseille,INS008
P000683,2005-07-24,Female,Toulouse,INS005
P000684,1945-04-03,Female,Paris,INS007
P000685,1996-02-21,Male,Toulouse,INS001
P000686,1932-07-14,Female,Strasbourg,INS001
P000687,1942-06-09,Female,Montpellier,INS002
P000688,1938-12-17,Female,Toulouse,INS001
P000689,1987-03-17,Male,Lyon,INS008
P000690,1980-03-25,Female,Nice,INS007
P000691,1968-07-07,Male,Nantes,INS004
P000692,1949-07-28,Female,Montpellier,INS001
P000693,1937-03-13,Female,Bordeaux,INS001
P000694,1976-02-08,Male,Paris,INS003
P000695,1948-09-08,Female,Montpellier,INS006
P000696,1977-10-21,Female,Nantes,INS007
P000697,1985-09-07,Female,Strasbourg,INS005
P000698,1998-10-20,Male,Lyon,INS008
P000699,1970-01-05,Female,Toulouse,INS008
P000700,1930-05-21,Female,Toulouse,INS007
P000701,1952-09-25,Female,Marseille,INS001
P000702,1999-02-14,Female,Strasbourg,INS008
P000703,1973-03-11,Female,Lyon,INS008
P000704,1980-02-24,Male,Paris,INS005
P000705,1967-01-31,Female,Marseille,INS005
P000706,1943-03-08,Female,Montpellier,INS007
P000707,2002-08-19,Male,Lyon,INS005
P000708,1992-08-09,Male,Bordeaux,INS003
P000709,2010-08-10,Female,Lyon,INS006
P000710,1999-04-17,Female,Lille,INS007
P000711,1953-07-31,Female,Bordeaux,INS002
P000712,1950-08-06,Male,Paris,INS006
P000713,1950-02-15,Female,Marseille,INS002
P000714,2004-06-02,Female,Bordeaux,INS005
P000715,1975-02-10,Female,Paris,INS001
P000716,1966-10-23,Female,Toulouse,INS008
P000717,2008-06-05,Female,Nantes,INS006
P000718,1978-11-16,Female,Marseille,INS004
P000719,2003-08-30,Male,Lyon,INS005
P000720,2009-10-02,Male,Toulouse,INS005
P000721,1936-06-08,Male,Nice,INS001
P000722,1959-04-14,Male,Paris,INS005
P000723,1989-06-18,Female,Lille,INS006
P000724,1995-11-12,Male,Montpellier,INS003
P000725,1942-01-10,Male,Lille,INS004
P000726,1955-10-16,Male,Lille,INS003
P000727,1974-05-27,Male,Nice,INS002
P000728,1994-09-25,Female,Toulouse,INS008
P000729,1939-02-25,Female,Lille,INS005
P000730,1978-08-29,Female,Nice,INS004
P000731,1954-01-04,Female,Paris,INS003
P000732,1947-07-11,Female,Nice,INS006
P000733,1971-09-30,Female,Lille,INS001
P000734,1963-07-15,Female,Strasbourg,INS005
P000735,1981-06-28,Male,Nice,INS002
P000736,1955-09-23,Male,Montpellier,INS008
P000737,1996-09-06,Male,Lyon,INS007
P000738,1936-04-29,Female,Lyon,INS007
P000739,1999-10-23,Male,Montpellier,INS002
P000740,1932-06-01,Male,Lille,INS001
P000741,1989-08-09,Male,Strasbourg,INS004
P000742,1958-01-24,Male,Nantes,INS003
P000743,1961-01-18,Female,Toulouse,INS006
P000744,1931-07-18,Female,Paris,INS006
P000745,1986-11-13,Male,Paris,INS004
P000746,1943-05-28,Male,Nice,INS002
P000747,1983-05-23,Female,Paris,INS003
P000748,1988-09-26,Female,Paris,INS005
P000749,1998-06-18,Female,Marseille,INS003
P000750,1987-05-10,Female,Montpellier,INS003
P000751,1954-06-03,Male,Nantes,INS002
P000752,1989-10-28,Male,Nice,INS001
P000753,1996-11-24,Female,Nantes,INS005
P000754,1955-09-09,Female,Bordeaux,INS008
P000755,1940-01-22,Female,Marseille,INS008
P000756,2002-02-02,Female,Toulouse,INS008
P000757,1941-12-25,Male,Bordeaux,INS006
P000758,1978-02-05,Male,Montpellier,INS006
P000759,1949-02-20,Male,Strasbourg,INS001
P000760,1940-03-17,Female,Nice,INS002
P000761,1992-11-20,Male,Strasbourg,INS006
P000762,1941-08-22,Male,Strasbourg,INS008
P000763,1984-04-14,Female,Nantes,INS008
P000764,1986-02-20,Male,Strasbourg,INS006
P000765,1934-11-17,Male,Paris,INS001
P000766,1944-01-04,Male,Paris,INS008
P000767,1994-05-05,Female,Toulouse,INS003
P000768,1971-02-02,Female,Paris,INS001
P000769,1939-10-31,Female,Lille,INS007
P000770,2010-05-01,Female,Lyon,INS002
P000771,1951-06-19,Female,Montpellier,INS003
P000772,1930-04-29,Male,Nantes,INS006
P000773,2004-11-08,Female,Paris,INS008
P000774,1931-05-06,Female,Nantes,INS008
P000775,1974-10-27,Male,Nice,INS002
P000776,2010-06-09,Female,Lille,INS002
P000777,1976-10-19,Female,Strasbourg,INS007
P000778,1977-05-09,Male,Montpellier,INS003
P000779,1961-06-10,Female,Montpellier,INS001
P000780,1940-04-12,Female,Paris,INS005
P000781,1976-05-21,Male,Toulouse,INS006
P000782,2002-09-05,Female,Nice,INS008
P000783,1937-05-19,Female,Toulouse,INS004
P000784,2001-04-23,Female,Toulouse,INS007
P000785,1963-08-14,Male,Lille,INS005
P000786,1973-06-06,Female,Toulouse,INS008
P000787,1943-05-26,Male,Nantes,INS004
P000788,1980-05-13,Female,Paris,INS006
P000789,1944-10-08,Male,Nice,INS008
P000790,1952-02-16,Female,Nice,INS008
P000791,1988-06-13,Female,Lyon,INS004
P000792,1934-02-03,Male,Nice,INS005
P000793,1966-03-22,Male,Bordeaux,INS005
P000794,1978-02-27,Female,Lille,INS001
P000795,1940-09-10,Female,Toulouse,INS002
P000796,1953-11-16,Female,Bordeaux,INS006
P000797,1957-10-28,Female,Marseille,INS001
P000798,1983-10-02,Male,Nantes,INS005
P000799,2009-02-09,Female,Nantes,INS004
P000800,1997-09-25,Female,Lille,INS004
P000801,1945-05-16,Female,Toulouse,INS007
P000802,1931-06-22,Female,Nantes,INS003
P000803,1934-03-16,Female,Bordeaux,INS007
P000804,1978-04-02,Female,Toulouse,INS007
P000805,1942-08-28,Female,Montpellier,INS008
P000806,1948-09-25,Male,Strasbourg,INS007
P000807,1998-08-21,Female,Lille,INS005
P000808,2000-10-13,Male,Nice,INS003
P000809,1997-12-16,Female,Strasbourg,INS007
P000810,1950-07-19,Female,Lyon,INS008
P000811,1980-03-11,Female,Bordeaux,INS003
P000812,1979-06-22,Female,Nice,INS003
P000813,1945-01-02,Male,Paris,INS004
P000814,1974-11-01,Male,Lille,INS001
P000815,1972-07-18,Male,Nice,INS003
P000816,1962-02-02,Male,Montpellier,INS002
P000817,1990-11-19,Female,Montpellier,INS007
P000818,1984-11-19,Female,Nantes,INS004
P000819,1973-02-22,Male,Paris,INS005
P000820,1988-10-14,Female,Paris,INS001
P000821,1991-10-23,Female,Strasbourg,INS005
P000822,1975-12-03,Male,Nice,INS006
P000823,1951-09-06,Male,Lyon,INS006
P000824,1991-06-07,Male,Lyon,INS007
P000825,1988-02-15,Female,Lyon,INS001
P000826,2009-08-27,Male,Strasbourg,INS005
P000827,1942-02-18,Female,Nice,INS004
P000828,1963-12-17,Female,Montpellier,INS008
P000829,2004-11-10,Female,Lyon,INS006
P000830,1971-09-06,Male,Nantes,INS008
P000831,2006-05-08,Male,Montpellier,INS001
P000832,1931-01-04,Male,Bordeaux,INS004
P000833,1932-11-06,Female,Nice,INS006
P000834,1994-06-23,Female,Nantes,INS001
P000835,1959-01-12,Female,Paris,INS006
P000836,1972-02-20,Male,Toulouse,INS002
P000837,1964-09-01,Female,Marseille,INS001
P000838,1963-01-17,Female,Paris,INS006
P000839,2006-02-04,Male,Bordeaux,INS004
P000840,1937-08-15,Female,Montpellier,INS004
P000841,1992-07-19,Male,Paris,INS003
P000842,2002-01-22,Female,Lille,INS006
P000843,1983-04-01,Male,Nantes,INS005
P000844,1961-12-29,Female,Lille,INS006
P000845,1942-12-17,Female,Lyon,INS007
P000846,1985-04-15,Female,Lyon,INS005
P000847,1967-12-21,Female,Paris,INS001
P000848,1942-02-06,Male,Montpellier,INS002
P000849,1959-02-17,Female,Toulouse,INS008
P000850,2007-11-19,Female,Montpellier,INS003
P000851,1951-07-01,Male,Nantes,INS004
P000852,1944-06-15,Female,Lille,INS004
P000853,1985-03-28,Male,Montpellier,INS008
P000854,1946-03-01,Male,Marseille,INS007
P000855,2004-07-05,Female,Lyon,INS004
P000856,1999-07-30,Male,Strasbourg,INS006
P000857,2009-08-30,Female,Bordeaux,INS005
P000858,2003-12-01,Female,Toulouse,INS006
P000859,1949-09-29,Female,Bordeaux,INS008
P000860,1947-03-09,Male,Montpellier,INS006
P000861,1957-10-02,Male,Marseille,INS001
P000862,1968-01-20,Female,Montpellier,INS005
P000863,2001-04-11,Male,Montpellier,INS007
P000864,1989-05-30,Female,Nice,INS001
P000865,1982-03-13,Male,Lyon,INS003
P000866,2001-02-22,Male,Paris,INS002
P000867,1982-04-25,Male,Lyon,INS006
P000868,1960-09-13,Male,Nice,INS002
P000869,1963-06-15,Male,Lille,INS005
P000870,1971-11-17,Female,Montpellier,INS001
P000871,1937-03-11,Male,Paris,INS008
P000872,1990-01-28,Male,Lille,INS003
P000873,1982-11-15,Male,Marseille,INS004
P000874,1989-03-21,Female,Strasbourg,INS007
P000875,1973-04-01,Male,Lyon,INS004
P000876,1993-06-02,Female,Toulouse,INS001
P000877,2006-12-05,Female,Strasbourg,INS008
P000878,1976-02-29,Male,Montpellier,INS001
P000879,1965-12-29,Female,Montpellier,INS004
P000880,1938-06-22,Male,Nantes,INS001
P000881,1993-01-26,Female,Lyon,INS006
P000882,2003-03-22,Male,Paris,INS003
P000883,1986-08-28,Male,Toulouse,INS008
P000884,2000-02-10,Female,Toulouse,INS002
P000885,1999-10-03,Male,Bordeaux,INS006
P000886,1994-08-23,Female,Paris,INS001
P000887,1970-09-25,Male,Nantes,INS001
P000888,1938-02-02,Male,Lille,INS003
P000889,1930-04-07,Female,Lyon,INS008
P000890,1946-07-22,Male,Montpellier,INS008
P000891,1964-11-29,Female,Lille,INS005
P000892,1990-03-25,Male,Marseille,INS003
P000893,1966-12-02,Male,Toulouse,INS003
P000894,1931-11-16,Female,Montpellier,INS002
P000895,1947-01-14,Male,Strasbourg,INS003
P000896,2009-04-25,Female,Paris,INS004
P000897,2010-01-10,Female,Nantes,INS006
P000898,1960-07-19,Male,Nantes,INS002
P000899,1995-03-15,Female,Strasbourg,INS001
P000900,1988-04-06,Male,Montpellier,INS005
P000901,2005-06-06,Female,Nice,INS002
P000902,2001-11-21,Male,Nantes,INS004
P000903,1980-12-04,Male,Lille,INS006
P000904,1961-12-18,Female,Strasbourg,INS008
P000905,1980-10-04,Female,Montpellier,INS005
P000906,1955-11-07,Female,Montpellier,INS008
P000907,1958-03-12,Male,Montpellier,INS003
P000908,1979-04-22,Female,Nantes,INS006
P000909,1976-04-13,Female,Montpellier,INS008
P000910,1977-01-21,Male,Nice,INS002
P000911,1961-02-27,Female,Marseille,INS006
P000912,1963-02-20,Female,Paris,INS004
P000913,1930-10-29,Female,Montpellier,INS008
P000914,1978-09-28,Female,Toulouse,INS003
P000915,1976-08-21,Male,Strasbourg,INS008
P000916,2005-10-06,Male,Marseille,INS007
P000917,1970-11-05,Male,Lille,INS006
P000918,1967-11-17,Male,Strasbourg,INS001
P000919,1935-06-26,Female,Bordeaux,INS001
P000920,1945-12-08,Female,Nantes,INS006
P000921,1957-05-19,Male,Lille,INS004
P000922,1960-07-21,Male,Nantes,INS003
P000923,1959-05-18,Male,Toulouse,INS007
P000924,1961-12-03,Female,Montpellier,INS004
P000925,1992-04-12,Male,Toulouse,INS004
P000926,1940-08-14,Male,Paris,INS003
P000927,1956-11-29,Male,Nice,INS008
P000928,1943-03-12,Male,Montpellier,INS003
P000929,1954-12-06,Female,Strasbourg,INS003
P000930,1985-06-13,Female,Lyon,INS006
P000931,1933-10-15,Female,Montpellier,INS001
P000932,1957-07-01,Female,Lille,INS005
P000933,1931-12-02,Male,Strasbourg,INS005
P000934,2007-05-06,Female,Nantes,INS002
P000935,1988-11-27,Female,Montpellier,INS007
P000936,1949-09-24,Female,Lille,INS001
P000937,1946-01-20,Male,Nantes,INS008
P000938,1938-01-05,Male,Nantes,INS007
P000939,1968-04-20,Female,Lyon,INS002
P000940,1991-01-12,Male,Nice,INS004
P000941,1977-04-27,Female,Lyon,INS002
P000942,2001-05-12,Female,Strasbourg,INS005
P000943,1957-11-06,Female,Lyon,INS003
P000944,1952-07-11,Male,Lyon,INS004
P000945,1968-09-20,Male,Toulouse,INS008
P000946,1946-05-15,Male,Lyon,INS005
P000947,2009-01-09,Female,Paris,INS007
P000948,1945-01-17,Male,Paris,INS006
P000949,1968-10-14,Male,Marseille,INS004
P000950,1972-04-13,Female,Toulouse,INS001
P000951,1934-08-15,Female,Paris,INS001
P000952,1967-12-10,Female,Lyon,INS005
P000953,1966-10-30,Male,Nantes,INS005
P000954,1951-01-06,Female,Lille,INS005
P000955,1940-05-13,Female,Nice,INS007
P000956,1933-08-29,Male,Strasbourg,INS001
P000957,1930-09-11,Male,Paris,INS006
P000958,1968-12-31,Male,Montpellier,INS006
P000959,1937-04-11,Male,Nantes,INS006
P000960,2007-09-14,Female,Strasbourg,INS002
P000961,1949-10-28,Male,Toulouse,INS004
P000962,1982-11-08,Female,Paris,INS001
P000963,1984-07-20,Female,Strasbourg,INS002
P000964,1970-02-19,Male,Bordeaux,INS007
P000965,2001-07-27,Female,Paris,INS005
P000966,1938-12-19,Female,Lyon,INS007
P000967,1948-12-15,Male,Marseille,INS006
P000968,1950-06-13,Female,Lille,INS002
P000969,1940-12-20,Female,Toulouse,INS007
P000970,1953-11-16,Male,Toulouse,INS006
P000971,1955-04-30,Male,Strasbourg,INS002
P000972,1991-12-12,Male,Montpellier,INS001
P000973,1954-06-07,Female,Nantes,INS007
P000974,2001-01-04,Male,Nantes,INS006
P000975,1992-08-01,Male,Strasbourg,INS001
P000976,2003-01-12,Female,Marseille,INS004
P000977,1938-07-10,Female,Bordeaux,INS008
P000978,2009-09-30,Female,Nantes,INS007
P000979,1979-09-24,Male,Marseille,INS007
P000980,2009-07-27,Female,Montpellier,INS004
P000981,1958-09-28,Male,Marseille,INS001
P000982,2007-03-11,Male,Paris,INS003
P000983,1977-09-04,Female,Lille,INS006
P000984,1935-10-26,Male,Strasbourg,INS007
P000985,1963-03-22,Female,Lille,INS006
P000986,1941-02-28,Female,Marseille,INS001
P000987,2006-03-29,Male,Strasbourg,INS005
P000988,1954-08-30,Female,Lyon,INS002
P000989,1948-01-05,Male,Lyon,INS005
P000990,1974-10-13,Male,Strasbourg,INS004
P000991,1964-06-08,Female,Lille,INS005
P000992,1937-11-08,Female,Paris,INS005
P000993,1996-02-19,Female,Toulouse,INS006
P000994,1998-07-05,Male,Nice,INS001
P000995,1990-03-06,Male,Nice,INS008
P000996,1979-12-16,Female,Paris,INS005
P000997,1962-08-10,Male,Marseille,INS005
P000998,1973-12-06,Male,Nantes,INS004
P000999,1972-03-14,Male,Nantes,INS001
P001000,1943-05-23,Female,Nantes,INS006
P001001,1936-08-17,Female,Lille,INS003
P001002,1950-07-07,Female,Strasbourg,INS008
P001003,1966-10-20,Female,Paris,INS006
P001004,1942-12-26,Female,Strasbourg,INS004
P001005,1938-08-22,Female,Montpellier,INS001
P001006,1999-01-02,Female,Nantes,INS005
P001007,1960-05-16,Female,Toulouse,INS007
P001008,1977-04-27,Female,Lille,INS004
P001009,1972-06-11,Male,Toulouse,INS006
P001010,1989-07-18,Male,Lyon,INS001
P001011,1989-12-03,Female,Marseille,INS004
P001012,1953-12-23,Female,Nantes,INS007
P001013,1998-09-05,Female,Bordeaux,INS004
P001014,1960-01-27,Male,Toulouse,INS008
P001015,1997-08-25,Male,Toulouse,INS004
P001016,1962-10-17,Female,Paris,INS007
P001017,1938-12-28,Male,Strasbourg,INS006
P001018,1991-07-24,Male,Montpellier,INS008
P001019,1932-06-11,Male,Marseille,INS005
P001020,1992-07-23,Female,Lille,INS004
P001021,1933-06-30,Female,Nantes,INS003
P001022,1946-10-02,Male,Paris,INS006
P001023,1978-11-14,Female,Lyon,INS008
P001024,2006-04-06,Male,Montpellier,INS002
P001025,1963-02-01,Male,Lyon,INS008
P001026,1939-10-10,Female,Bordeaux,INS008
P001027,1948-11-12,Female,Strasbourg,INS007
P001028,2002-08-01,Female,Nice,INS005
P001029,1988-11-11,Female,Marseille,INS007
P001030,1938-02-18,Male,Lyon,INS003
P001031,1961-03-05,Male,Nice,INS006
P001032,1951-06-06,Female,Toulouse,INS007
P001033,1944-05-27,Male,Montpellier,INS007
P001034,1998-07-25,Female,Nantes,INS005
P001035,1980-01-13,Male,Paris,INS004
P001036,1944-07-16,Female,Marseille,INS008
P001037,1982-09-15,Male,Nice,INS006
P001038,1963-07-01,Male,Nice,INS007
P001039,1934-12-24,Female,Nice,INS005
P001040,1966-06-09,Male,Marseille,INS008
P001041,1945-01-01,Male,Marseille,INS004
P001042,1949-11-12,Female,Marseille,INS005
P001043,2001-03-13,Male,Nantes,INS007
P001044,1987-07-12,Male,Paris,INS005
P001045,1940-11-10,Male,Strasbourg,INS002
P001046,1998-12-15,Female,Marseille,INS007
P001047,1976-07-08,Male,Toulouse,INS004
P001048,2000-11-02,Male,Marseille,INS001
P001049,1990-07-06,Male,Toulouse,INS003
P001050,1957-06-26,Female,Nice,INS001
P001051,1973-04-28,Female,Lyon,INS008
P001052,1972-12-30,Male,Bordeaux,INS008
P001053,1988-04-24,Female,Paris,INS003
P001054,1950-02-13,Female,Lyon,INS008
P001055,1956-12-24,Female,Nantes,INS006
P001056,1949-10-30,Male,Bordeaux,INS008
P001057,1953-12-27,Female,Nantes,INS002
P001058,1943-01-23,Male,Marseille,INS001
P001059,1932-12-17,Male,Marseille,INS008
P001060,2006-02-20,Male,Toulouse,INS003
P001061,1936-01-08,Male,Lyon,INS005
P001062,2001-12-04,Female,Strasbourg,INS008
P001063,1930-04-02,Male,Marseille,INS003
P001064,1992-12-18,Female,Nice,INS001
P001065,1956-08-07,Male,Lyon,INS007
P001066,1971-12-06,Female,Nantes,INS004
P001067,1952-11-10,Male,Marseille,INS001
P001068,1969-09-27,Male,Marseille,INS003
P001069,1966-07-30,Female,Toulouse,INS005
P001070,1972-11-27,Male,Lyon,INS008
P001071,1961-11-08,Female,Lyon,INS002
P001072,1973-06-17,Female,Nice,INS005
P001073,1996-11-10,Female,Lille,INS002
P001074,1965-03-14,Female,Bordeaux,INS003
P001075,1959-04-09,Male,Nantes,INS003
P001076,1940-09-02,Male,Nantes,INS005
P001077,1959-02-19,Female,Nantes,INS006
P001078,1940-03-06,Male,Montpellier,INS001
P001079,1944-10-13,Male,Nantes,INS001
P001080,2007-02-17,Male,Lille,INS006
P001081,1937-03-30,Female,Marseille,INS003
P001082,1969-01-16,Male,Strasbourg,INS005
P001083,1997-07-29,Female,Toulouse,INS001
P001084,2007-03-17,Male,Bordeaux,INS005
P001085,1941-11-19,Male,Strasbourg,INS008
P001086,1943-04-02,Male,Marseille,INS004
P001087,1960-03-06,Female,Marseille,INS005
P001088,1974-11-27,Female,Paris,INS003
P001089,2007-09-28,Male,Paris,INS003
P001090,1946-10-29,Female,Nantes,INS001
P001091,1943-04-26,Female,Bordeaux,INS004
P001092,1950-07-05,Male,Marseille,INS008
P001093,2000-10-25,Male,Marseille,INS001
P001094,1932-06-08,Female,Nantes,INS004
P001095,1960-10-15,Female,Paris,INS007
P001096,1939-08-21,Male,Nice,INS004
P001097,1942-09-21,Female,Montpellier,INS007
P001098,2004-04-06,Female,Toulouse,INS004
P001099,1930-02-19,Female,Toulouse,INS005
P001100,1956-01-17,Female,Bordeaux,INS008
P001101,2004-02-23,Male,Paris,INS005
P001102,1979-04-04,Female,Nantes,INS007
P001103,1935-10-24,Female,Lille,INS006
P001104,1967-08-31,Female,Toulouse,INS001
P001105,2008-08-23,Female,Paris,INS002
P001106,1962-06-08,Female,Strasbourg,INS005
P001107,1972-10-26,Male,Lille,INS003
P001108,1973-01-30,Male,Paris,INS004
P001109,1983-06-30,Female,Nice,INS004
P001110,1945-03-02,Female,Montpellier,INS007
P001111,1998-01-05,Female,Bordeaux,INS008
P001112,2010-01-27,Female,Paris,INS008
P001113,1941-07-19,Male,Montpellier,INS001
P001114,1996-04-12,Female,Marseille,INS006
P001115,1996-03-02,Male,Marseille,INS006
P001116,1990-01-25,Male,Nice,INS007
P001117,1960-01-16,Female,Lille,INS004
P001118,1967-12-20,Male,Paris,INS005
P001119,1997-12-22,Female,Nantes,INS004
P001120,1942-05-20,Female,Marseille,INS003
P001121,1997-02-15,Male,Strasbourg,INS002
P001122,2004-07-27,Female,Lyon,INS006
P001123,1985-03-25,Male,Montpellier,INS001
P001124,1957-08-26,Male,Nice,INS006
P001125,1975-04-16,Female,Marseille,INS007
P001126,1934-01-22,Male,Bordeaux,INS002
P001127,2005-06-22,Female,Montpellier,INS002
P001128,1957-09-25,Male,Paris,INS005
P001129,1934-08-17,Female,Strasbourg,INS007
P001130,1994-05-08,Female,Toulouse,INS001
P001131,1983-04-06,Female,Montpellier,INS004
P001132,1980-06-09,Male,Marseille,INS002
P001133,1934-05-20,Female,Nice,INS007
P001134,1990-10-25,Male,Montpellier,INS008
P001135,1981-08-15,Female,Lille,INS001
P001136,1994-04-13,Female,Lyon,INS002
P001137,1997-01-04,Female,Lille,INS002
P001138,1947-03-03,Female,Bordeaux,INS007
P001139,1947-01-23,Male,Nantes,INS008
P001140,2004-10-28,Female,Toulouse,INS003
P001141,1973-01-04,Male,Montpellier,INS002
P001142,1965-06-23,Male,Bordeaux,INS006
P001143,1953-04-06,Female,Nantes,INS008
P001144,1981-10-04,Male,Montpellier,INS008
P001145,1991-01-26,Male,Montpellier,INS004
P001146,1930-03-10,Male,Lille,INS007
P001147,1974-10-06,Male,Marseille,INS008
P001148,2010-06-17,Male,Nice,INS007
P001149,1952-09-24,Male,Bordeaux,INS004
P001150,1952-10-02,Female,Toulouse,INS003
P001151,2001-02-15,Male,Nantes,INS003
P001152,1935-01-11,Female,Nantes,INS003
P001153,1962-03-14,Male,Montpellier,INS008
P001154,1967-02-13,Male,Lille,INS006
P001155,1994-08-17,Male,Nice,INS007
P001156,1940-06-14,Male,Marseille,INS007
P001157,1965-02-27,Male,Montpellier,INS004
P001158,1942-05-04,Male,Paris,INS007
P001159,1993-10-18,Female,Nice,INS006
P001160,1981-03-19,Female,Lyon,INS006
P001161,1970-03-27,Female,Strasbourg,INS003
P001162,1961-10-29,Female,Montpellier,INS002
P001163,1942-05-29,Male,Strasbourg,INS002
P001164,2004-09-01,Male,Nice,INS003
P001165,1982-06-17,Female,Toulouse,INS008
P001166,1955-11-07,Female,Marseille,INS008
P001167,1963-07-12,Male,Montpellier,INS002
P001168,1988-10-26,Female,Bordeaux,INS005
P001169,1988-04-13,Male,Strasbourg,INS008
P001170,1967-05-08,Male,Nice,INS007
P001171,1954-07-15,Female,Nice,INS005
P001172,1983-06-15,Female,Lille,INS005
P001173,1983-04-26,Female,Toulouse,INS003
P001174,1978-07-29,Female,Toulouse,INS008
P001175,1935-11-26,Female,Nantes,INS001
P001176,1968-04-17,Female,Nice,INS007
P001177,1979-09-23,Female,Lyon,INS007
P001178,2006-12-14,Female,Marseille,INS003
P001179,1972-07-27,Female,Paris,INS005
P001180,1957-10-04,Male,Bordeaux,INS008
P001181,1975-01-07,Female,Nantes,INS004
P001182,1944-05-10,Male,Marseille,INS003
P001183,1937-05-07,Female,Nice,INS001
P001184,1984-12-03,Female,Paris,INS004
P001185,2009-11-17,Female,Strasbourg,INS003
P001186,1998-07-11,Male,Nantes,INS007
P001187,1977-04-11,Female,Nantes,INS007
P001188,1933-04-05,Female,Nice,INS003
P001189,2010-01-09,Female,Lille,INS002
P001190,1966-06-02,Male,Montpellier,INS003
P001191,1953-06-18,Female,Nice,INS004
P001192,2002-04-16,Female,Lyon,INS006
P001193,1990-06-16,Male,Montpellier,INS002
P001194,1990-09-19,Female,Nice,INS008
P001195,1952-07-01,Female,Lille,INS006
P001196,2010-05-02,Male,Montpellier,INS002
P001197,1966-09-06,Female,Marseille,INS003
P001198,1973-01-16,Female,Nantes,INS006
P001199,1990-10-29,Female,Nantes,INS005
P001200,1983-06-17,Female,Montpellier,INS005
P001201,1943-12-15,Male,Bordeaux,INS001
P001202,1954-07-02,Male,Montpellier,INS004
P001203,1959-04-04,Male,Marseille,INS005
P001204,2006-09-30,Female,Strasbourg,INS006
P001205,1987-11-15,Male,Marseille,INS004
P001206,1959-09-03,Male,Montpellier,INS005
P001207,1989-07-06,Female,Nice,INS002
P001208,1989-10-26,Male,Nantes,INS007
P001209,1961-12-06,Male,Paris,INS006
P001210,1962-08-27,Male,Toulouse,INS006
P001211,2002-06-08,Female,Lyon,INS006
P001212,1975-07-04,Female,Montpellier,INS008
P001213,1942-02-10,Male,Lille,INS008
P001214,1988-04-20,Male,Strasbourg,INS007
P001215,1977-10-02,Female,Montpellier,INS003
P001216,1971-03-23,Female,Lyon,INS001
P001217,1988-09-24,Male,Nice,INS001
P001218,2003-06-22,Female,Lille,INS007
P001219,1956-10-06,Female,Lyon,INS008
P001220,1963-12-18,Male,Marseille,INS006
P001221,1945-05-08,Female,Bordeaux,INS006
P001222,1982-05-30,Female,Strasbourg,INS001
P001223,1962-08-14,Female,Nantes,INS005
P001224,1957-09-24,Male,Marseille,INS005
P001225,1986-06-01,Female,Marseille,INS002
P001226,1963-01-22,Male,Lille,INS007
P001227,1967-08-12,Male,Nice,INS003
P001228,1965-08-23,Male,Bordeaux,INS002
P001229,1950-12-10,Male,Paris,INS006
P001230,1940-03-10,Male,Paris,INS004
P001231,1997-01-01,Female,Paris,INS005
P001232,1937-06-06,Male,Montpellier,INS005
P001233,1956-04-25,Male,Bordeaux,INS005
P001234,1984-01-25,Male,Toulouse,INS004
P001235,1940-08-20,Female,Nice,INS007
P001236,1983-02-04,Female,Lyon,INS008
P001237,1989-05-18,Male,Paris,INS004
P001238,1983-09-11,Female,Marseille,INS002
P001239,1954-09-16,Male,Marseille,INS003
P001240,1931-08-08,Female,Nice,INS007
P001241,2001-11-15,Male,Strasbourg,INS003
P001242,1956-06-13,Male,Nantes,INS007
P001243,1995-03-16,Female,Montpellier,INS006
P001244,1946-01-09,Female,Toulouse,INS004
P001245,1943-02-26,Male,Marseille,INS002
P001246,1993-01-10,Female,Lille,INS005
P001247,2006-02-12,Female,Lyon,INS006
P001248,1999-09-16,Female,Montpellier,INS002
P001249,1990-11-06,Female,Nantes,INS007
P001250,1949-12-24,Male,Nice,INS002
P001251,2003-12-20,Female,Marseille,INS004
P001252,1984-02-04,Female,Nice,INS005
P001253,1943-12-12,Male,Lille,INS006
P001254,1940-06-24,Female,Toulouse,INS002
P001255,2000-07-24,Female,Nantes,INS003
P001256,1952-04-15,Male,Montpellier,INS007
P001257,1992-01-14,Male,Bordeaux,INS003
P001258,1941-03-25,Male,Nice,INS005
P001259,1952-09-21,Male,Bordeaux,INS004
P001260,1952-12-18,Female,Toulouse,INS001
P001261,1952-10-08,Female,Montpellier,INS005
P001262,1984-08-26,Male,Montpellier,INS003
P001263,2004-01-24,Male,Lille,INS003
P001264,2003-09-26,Male,Strasbourg,INS007
P001265,1990-01-24,Female,Toulouse,INS007
P001266,1946-05-28,Female,Nice,INS003
P001267,2007-10-21,Female,Bordeaux,INS005
P001268,1973-11-27,Male,Nice,INS006
P001269,1974-03-22,Male,Strasbourg,INS001
P001270,1986-10-23,Female,Toulouse,INS001
P001271,1992-04-17,Female,Nice,INS005
P001272,2007-03-09,Female,Bordeaux,INS008
P001273,1977-03-04,Female,Nice,INS008
P001274,1979-06-01,Male,Lyon,INS004
P001275,1990-05-21,Male,Nice,INS006
P001276,1950-08-31,Female,Bordeaux,INS004
P001277,1954-12-04,Male,Toulouse,INS008
P001278,1980-08-30,Male,Lille,INS005
P001279,1935-03-13,Female,Nice,INS008
P001280,1955-12-17,Female,Lille,INS003
P001281,1988-02-27,Female,Paris,INS008
P001282,2009-01-23,Female,Montpellier,INS006
P001283,1972-01-29,Male,Toulouse,INS007
P001284,1962-05-17,Male,Lyon,INS001
P001285,1965-09-02,Female,Marseille,INS007
P001286,1985-07-08,Female,Strasbourg,INS002
P001287,1974-02-06,Male,Lille,INS008
P001288,1931-11-19,Female,Marseille,INS002
P001289,1973-09-04,Male,Toulouse,INS007
P001290,1962-05-28,Male,Paris,INS006
P001291,1986-10-06,Male,Bordeaux,INS004
P001292,2000-11-18,Male,Paris,INS008
P001293,2007-12-16,Male,Strasbourg,INS004
P001294,1979-06-05,Male,Toulouse,INS001
P001295,1959-05-15,Female,Marseille,INS001
P001296,1965-12-16,Female,Toulouse,INS007
P001297,1944-04-17,Female,Lyon,INS004
P001298,2005-10-22,Female,Lille,INS007
P001299,1998-08-18,Female,Lyon,INS001
P001300,1999-03-04,Female,Nantes,INS001
P001301,1956-07-30,Female,Montpellier,INS008
P001302,1956-02-06,Female,Toulouse,INS002
P001303,1999-05-21,Female,Paris,INS006
P001304,1974-02-08,Male,Paris,INS003
P001305,1987-01-28,Male,Strasbourg,INS005
P001306,1969-09-03,Male,Lille,INS001
P001307,1965-11-11,Male,Marseille,INS003
P001308,1981-03-17,Male,Lyon,INS007
P001309,1995-11-07,Male,Nantes,INS005
P001310,1957-01-23,Female,Paris,INS005
P001311,1995-07-16,Male,Montpellier,INS008
P001312,1949-10-12,Female,Marseille,INS004
P001313,1962-08-18,Male,Paris,INS007
P001314,2003-12-04,Male,Nice,INS006
P001315,2007-04-23,Female,Lille,INS004
P001316,2004-10-30,Male,Nantes,INS003
P001317,1955-08-07,Female,Paris,INS003
P001318,1998-04-22,Female,Strasbourg,INS007
P001319,2005-10-27,Female,Lille,INS003
P001320,2009-03-26,Female,Nice,INS006
P001321,1931-09-11,Female,Montpellier,INS001
P001322,1990-05-05,Male,Bordeaux,INS003
P001323,2010-09-25,Male,Lille,INS008
P001324,1991-12-08,Female,Lille,INS005
P001325,1948-11-20,Male,Nantes,INS007
P001326,1991-10-08,Female,Paris,INS003
P001327,1938-07-11,Female,Lyon,INS007
P001328,1968-12-05,Male,Nantes,INS008
P001329,1980-09-21,Male,Paris,INS008
P001330,1966-12-21,Female,Marseille,INS004
P001331,1986-09-07,Female,Nantes,INS006
P001332,1949-06-16,Male,Marseille,INS008
P001333,1979-02-07,Male,Montpellier,INS007
P001334,1982-03-25,Female,Montpellier,INS008
P001335,1981-05-03,Female,Paris,INS001
P001336,1953-06-08,Female,Lyon,INS005
P001337,1954-09-26,Male,Montpellier,INS007
P001338,1950-11-19,Male,Paris,INS006
P001339,1967-05-28,Male,Toulouse,INS002
P001340,1977-06-18,Female,Montpellier,INS005
P001341,1959-05-14,Male,Bordeaux,INS002
P001342,1963-03-17,Male,Lille,INS001
P001343,1953-03-14,Female,Paris,INS001
P001344,1947-09-23,Male,Lille,INS008
P001345,1983-04-02,Female,Bordeaux,INS003
P001346,1996-02-06,Female,Paris,INS004
P001347,1953-07-19,Male,Bordeaux,INS003
P001348,1999-09-15,Female,Toulouse,INS008
P001349,1976-03-31,Male,Lille,INS008
P001350,1943-08-02,Female,Montpellier,INS006
P001351,1959-08-24,Female,Strasbourg,INS007
P001352,1930-08-11,Female,Nantes,INS001
P001353,1933-03-04,Male,Bordeaux,INS008
P001354,1957-03-24,Female,Toulouse,INS004
P001355,1966-10-23,Male,Paris,INS004
P001356,1994-08-06,Female,Lille,INS002
P001357,1940-11-17,Female,Paris,INS008
P001358,1997-12-21,Male,Lille,INS002
P001359,1948-12-30,Female,Toulouse,INS007
P001360,1941-03-16,Male,Nantes,INS006
P001361,1986-09-09,Female,Lille,INS007
P001362,1992-09-19,Female,Marseille,INS001
P001363,1978-12-30,Male,Nice,INS006
P001364,1939-05-16,Male,Lyon,INS008
P001365,1939-05-06,Male,Lyon,INS004
P001366,1961-08-05,Female,Nantes,INS004
P001367,1966-07-01,Female,Bordeaux,INS001
P001368,2010-11-19,Male,Strasbourg,INS004
P001369,1953-03-16,Male,Nice,INS006
P001370,1945-08-07,Male,Montpellier,INS003
P001371,2006-08-13,Male,Nantes,INS006
P001372,1942-06-21,Male,Strasbourg,INS001
P001373,1932-02-21,Female,Lyon,INS006
P001374,1964-03-31,Male,Bordeaux,INS005
P001375,1962-06-27,Female,Montpellier,INS002
P001376,1980-03-11,Female,Nice,INS003
P001377,2001-02-03,Male,Toulouse,INS002
P001378,2005-07-24,Female,Montpellier,INS005
P001379,1953-06-17,Female,Lille,INS006
P001380,2009-06-11,Male,Paris,INS005
P001381,1981-03-30,Male,Nice,INS002
P001382,1935-08-23,Male,Toulouse,INS002
P001383,2006-01-05,Male,Paris,INS007
P001384,1941-03-06,Female,Marseille,INS004
P001385,1977-09-04,Male,Paris,INS004
P001386,1994-01-18,Female,Montpellier,INS003
P001387,1950-03-16,Female,Strasbourg,INS008
P001388,1951-12-03,Female,Montpellier,INS002
P001389,1968-07-27,Female,Lyon,INS007
P001390,2001-09-02,Female,Strasbourg,INS007
P001391,1948-02-11,Female,Bordeaux,INS002
P001392,1983-09-27,Male,Marseille,INS001
P001393,1966-08-29,Female,Nantes,INS002
P001394,1939-01-22,Female,Montpellier,INS003
P001395,1987-07-31,Male,Toulouse,INS006
P001396,1997-06-07,Male,Paris,INS005
P001397,1976-08-16,Male,Strasbourg,INS004
P001398,1944-04-14,Female,Lyon,INS004
P001399,1942-08-12,Female,Lyon,INS008
P001400,1964-04-20,Male,Nantes,INS008
P001401,1971-01-07,Male,Nice,INS001
P001402,1974-09-22,Female,Nice,INS007
P001403,1949-09-26,Male,Strasbourg,INS003
P001404,1970-07-24,Male,Strasbourg,INS007
P001405,1953-11-25,Male,Lyon,INS008
P001406,1985-07-30,Female,Lille,INS005
P001407,1994-07-06,Male,Nice,INS005
P001408,1982-11-13,Female,Lille,INS004
P001409,1930-02-06,Male,Nice,INS001
P001410,2010-05-09,Female,Toulouse,INS001
P001411,1931-12-05,Female,Toulouse,INS003
P001412,2010-12-13,Female,Paris,INS007
P001413,1932-07-29,Male,Nantes,INS003
P001414,1971-10-31,Male,Strasbourg,INS004
P001415,1938-08-02,Male,Strasbourg,INS005
P001416,1937-09-17,Male,Lille,INS003
P001417,1985-05-09,Male,Nantes,INS004
P001418,1988-12-14,Male,Lyon,INS005
P001419,1939-07-30,Female,Nantes,INS007
P001420,2009-02-08,Male,Toulouse,INS007
P001421,1955-12-16,Female,Montpellier,INS007
P001422,1955-10-14,Female,Nice,INS005
P001423,1954-01-20,Female,Paris,INS006
P001424,1967-05-11,Female,Strasbourg,INS002
P001425,1944-05-28,Male,Nice,INS002
P001426,1964-05-28,Male,Marseille,INS008
P001427,1947-01-04,Female,Marseille,INS005
P001428,1934-03-02,Male,Lyon,INS001
P001429,1959-11-13,Female,Lille,INS004
P001430,1984-06-14,Female,Montpellier,INS008
P001431,1991-10-23,Female,Montpellier,INS001
P001432,1958-08-15,Female,Bordeaux,INS004
P001433,1956-03-22,Female,Lille,INS007
P001434,1993-10-13,Female,Lille,INS008
P001435,1985-03-05,Female,Montpellier,INS003
P001436,1997-05-26,Female,Lyon,INS008
P001437,2003-05-24,Male,Nice,INS006
P001438,1996-07-08,Female,Montpellier,INS004
P001439,2005-11-07,Female,Strasbourg,INS007
P001440,1963-10-01,Male,Nice,INS007
P001441,1961-12-19,Female,Strasbourg,INS003
P001442,1956-01-17,Female,Marseille,INS001
P001443,1949-01-19,Female,Montpellier,INS007
P001444,1990-08-27,Male,Paris,INS001
P001445,1987-11-14,Male,Paris,INS007
P001446,1994-11-29,Male,Lyon,INS003
P001447,1943-07-24,Male,Nantes,INS006
P001448,1969-10-16,Female,Marseille,INS005
P001449,1947-12-24,Female,Nantes,INS001
P001450,2002-05-02,Female,Lyon,INS001
P001451,1951-08-30,Female,Nantes,INS006
P001452,1941-08-28,Female,Marseille,INS005
P001453,1976-02-27,Female,Bordeaux,INS001
P001454,2001-03-15,Male,Lyon,INS008
P001455,2004-03-03,Female,Montpellier,INS002
P001456,1937-10-13,Female,Lille,INS007
P001457,1956-05-25,Male,Nantes,INS001
P001458,1942-06-08,Female,Toulouse,INS002
P001459,1954-12-08,Male,Bordeaux,INS005
P001460,1973-03-29,Male,Toulouse,INS005
P001461,1952-09-22,Male,Paris,INS005
P001462,1935-06-21,Female,Strasbourg,INS002
P001463,1971-04-24,Female,Nantes,INS003
P001464,1934-04-12,Male,Marseille,INS003
P001465,1948-05-12,Male,Paris,INS004
P001466,1930-01-16,Male,Strasbourg,INS008
P001467,1937-01-12,Female,Lille,INS004
P001468,1965-05-04,Female,Montpellier,INS008
P001469,1998-11-27,Female,Nice,INS003
P001470,1992-09-28,Female,Montpellier,INS002
P001471,1938-01-02,Female,Nantes,INS001
P001472,1932-10-27,Male,Lyon,INS002
P001473,1957-05-20,Female,Paris,INS003
P001474,1982-10-31,Male,Marseille,INS004
P001475,1990-06-26,Male,Toulouse,INS006
P001476,1996-09-02,Female,Nantes,INS004
P001477,1957-09-19,Male,Strasbourg,INS006
P001478,1943-08-11,Male,Lyon,INS001
P001479,1932-02-19,Female,Nantes,INS008
P001480,1941-11-23,Female,Paris,INS002
P001481,1935-04-12,Male,Toulouse,INS001
P001482,1999-09-21,Male,Paris,INS004
P001483,1951-09-28,Male,Lille,INS006
P001484,1996-09-02,Male,Nantes,INS002
P001485,1974-10-21,Female,Nice,INS002
P001486,1973-08-27,Male,Strasbourg,INS007
P001487,1966-11-02,Male,Bordeaux,INS007
P001488,1996-05-09,Male,Marseille,INS007
P001489,1933-07-09,Male,Montpellier,INS002
P001490,1937-07-07,Male,Montpellier,INS005
P001491,1964-04-17,Male,Montpellier,INS006
P001492,1961-12-14,Female,Nice,INS004
P001493,1974-03-11,Male,Nice,INS002
P001494,1989-10-05,Female,Paris,INS007
P001495,1977-08-03,Male,Bordeaux,INS008
P001496,1950-11-08,Male,Toulouse,INS002
P001497,1956-07-05,Male,Marseille,INS006
P001498,1990-12-08,Female,Paris,INS008
P001499,1946-04-27,Female,Marseille,INS005
P001500,1970-11-02,Female,Montpellier,INS001
P001501,1973-08-22,Female,Montpellier,INS006
P001502,1990-10-08,Female,Nice,INS008
P001503,1987-11-11,Male,Lyon,INS003
P001504,1967-08-22,Female,Nantes,INS002
P001505,1955-01-16,Male,Lyon,INS003
P001506,1959-10-20,Female,Nantes,INS007
P001507,1963-05-04,Male,Paris,INS005
P001508,1947-10-03,Male,Marseille,INS001
P001509,1980-08-28,Male,Lyon,INS005
P001510,1946-11-17,Male,Montpellier,INS007
P001511,1982-07-17,Male,Bordeaux,INS002
P001512,1990-11-14,Male,Montpellier,INS005
P001513,2007-11-28,Male,Paris,INS002
P001514,1939-08-19,Female,Nice,INS001
P001515,1991-07-15,Female,Toulouse,INS004
P001516,1936-12-18,Male,Toulouse,INS007
P001517,1957-04-26,Female,Strasbourg,INS006
P001518,1944-04-12,Male,Paris,INS001
P001519,1943-02-23,Male,Montpellier,INS002
P001520,1944-03-15,Female,Paris,INS005
P001521,1933-07-23,Male,Lille,INS003
P001522,1996-09-01,Male,Lyon,INS003
P001523,1934-12-14,Male,Bordeaux,INS004
P001524,1962-04-12,Male,Bordeaux,INS007
P001525,1986-08-19,Male,Nantes,INS005
P001526,2010-03-21,Male,Nice,INS007
P001527,1999-02-24,Male,Nice,INS001
P001528,1941-02-11,Female,Montpellier,INS004
P001529,2010-01-02,Male,Toulouse,INS005
P001530,1982-12-08,Male,Lyon,INS007
P001531,1944-07-18,Female,Lyon,INS005
P001532,1966-05-07,Female,Marseille,INS008
P001533,2004-05-06,Male,Nantes,INS007
P001534,1961-10-29,Female,Paris,INS006
P001535,1944-11-15,Male,Montpellier,INS004
P001536,2000-11-17,Female,Montpellier,INS003
P001537,2007-03-10,Female,Lyon,INS005
P001538,2009-01-08,Male,Nice,INS004
P001539,2007-05-30,Female,Bordeaux,INS001
P001540,2000-09-12,Female,Toulouse,INS002
P001541,1966-10-24,Male,Nice,INS007
P001542,1945-07-30,Male,Bordeaux,INS004
P001543,1979-12-27,Female,Lille,INS008
P001544,1947-11-20,Male,Bordeaux,INS002
P001545,1968-04-28,Male,Lyon,INS008
P001546,1983-02-21,Male,Marseille,INS007
P001547,2006-09-02,Female,Montpellier,INS003
P001548,1953-06-01,Female,Lyon,INS005
P001549,1950-05-28,Male,Bordeaux,INS008
P001550,1989-07-06,Male,Marseille,INS006
P001551,1930-07-11,Female,Toulouse,INS008
P001552,1975-11-17,Male,Marseille,INS001
P001553,1990-06-02,Female,Bordeaux,INS002
P001554,1974-08-16,Male,Bordeaux,INS001
P001555,1961-02-05,Male,Nantes,INS003
P001556,1997-02-09,Male,Lille,INS007
P001557,1960-01-20,Male,Bordeaux,INS008
P001558,1987-07-21,Female,Nice,INS005
P001559,1967-08-06,Male,Nice,INS004
P001560,1932-02-26,Female,Bordeaux,INS008
P001561,1972-12-20,Male,Marseille,INS005
P001562,1934-01-03,Male,Bordeaux,INS005
P001563,2005-05-28,Female,Bordeaux,INS001
P001564,1978-09-22,Female,Montpellier,INS002
P001565,1960-02-19,Female,Lille,INS006
P001566,1969-05-19,Female,Lille,INS006
P001567,1980-02-25,Female,Nice,INS004
P001568,1951-01-28,Male,Nantes,INS006
P001569,1953-05-11,Female,Toulouse,INS006
P001570,1963-11-29,Male,Paris,INS001
P001571,1950-12-11,Male,Nice,INS007
P001572,1991-05-23,Male,Nice,INS006
P001573,1938-05-30,Female,Montpellier,INS002
P001574,1996-12-14,Male,Bordeaux,INS002
P001575,1958-03-25,Male,Bordeaux,INS008
P001576,1975-06-17,Male,Marseille,INS003
P001577,1942-10-12,Male,Toulouse,INS001
P001578,1961-03-19,Male,Paris,INS001
P001579,1991-02-13,Male,Bordeaux,INS002
P001580,1951-12-05,Male,Nice,INS006
P001581,1940-09-18,Female,Nice,INS004
P001582,1972-04-10,Male,Nantes,INS006
P001583,1943-03-01,Female,Strasbourg,INS002
P001584,1955-06-30,Female,Nantes,INS002
P001585,1966-06-27,Male,Nice,INS004
P001586,1975-09-10,Female,Toulouse,INS007
P001587,1981-10-15,Male,Nantes,INS005
P001588,1984-10-22,Female,Nantes,INS007
P001589,1998-05-21,Male,Bordeaux,INS001
P001590,1935-05-09,Female,Bordeaux,INS004
P001591,1959-05-07,Male,Nice,INS004
P001592,1930-02-01,Female,Marseille,INS001
P001593,1930-10-07,Female,Lille,INS003
P001594,1947-03-13,Female,Bordeaux,INS003
P001595,1978-06-13,Male,Nantes,INS004
P001596,2002-06-15,Male,Bordeaux,INS002
P001597,1992-08-27,Male,Lyon,INS003
P001598,1982-05-07,Female,Strasbourg,INS008
P001599,1993-01-11,Female,Bordeaux,INS002
P001600,1943-12-06,Female,Toulouse,INS007
P001601,1998-01-09,Male,Strasbourg,INS005
P001602,2002-02-09,Male,Toulouse,INS001
P001603,1937-09-13,Female,Lyon,INS004
P001604,1968-01-25,Male,Montpellier,INS005
P001605,1997-03-25,Male,Lille,INS003
P001606,1968-07-24,Female,Strasbourg,INS003
P001607,1998-01-28,Female,Bordeaux,INS006
P001608,2005-10-11,Female,Marseille,INS001
P001609,1968-06-12,Female,Lille,INS008
P001610,1934-10-26,Female,Montpellier,INS003
P001611,1957-07-18,Male,Montpellier,INS004
P001612,1947-06-06,Female,Lyon,INS002
P001613,1968-05-27,Male,Montpellier,INS008
P001614,1977-06-12,Male,Strasbourg,INS002
P001615,1967-07-29,Male,Nantes,INS007
P001616,1945-11-01,Male,Lyon,INS003
P001617,1954-05-24,Female,Bordeaux,INS001
P001618,1985-01-15,Female,Toulouse,INS004
P001619,1932-03-09,Female,Lyon,INS005
P001620,1947-05-05,Male,Montpellier,INS004
P001621,2002-04-12,Male,Nantes,INS008
P001622,1938-01-12,Female,Paris,INS005
P001623,1963-08-05,Female,Lille,INS007
P001624,1946-10-07,Female,Strasbourg,INS003
P001625,1938-06-23,Female,Toulouse,INS002
P001626,1964-03-29,Male,Toulouse,INS004
P001627,1972-03-27,Female,Lyon,INS005
P001628,1944-04-07,Female,Lyon,INS004
P001629,1936-04-20,Female,Montpellier,INS007
P001630,1940-11-28,Female,Montpellier,INS008
P001631,1982-10-10,Female,Paris,INS001
P001632,1999-09-06,Male,Bordeaux,INS001
P001633,1944-08-08,Female,Nantes,INS003
P001634,1955-12-14,Male,Strasbourg,INS005
P001635,1957-11-06,Female,Bordeaux,INS001
P001636,1959-03-22,Female,Strasbourg,INS002
P001637,1949-10-15,Female,Lyon,INS004
P001638,1934-06-24,Female,Paris,INS004
P001639,1972-07-15,Female,Toulouse,INS007
P001640,1958-12-12,Female,Marseille,INS005
P001641,1957-09-21,Male,Nice,INS007
P001642,1951-06-14,Male,Lille,INS007
P001643,2005-04-10,Male,Toulouse,INS004
P001644,1979-06-13,Female,Bordeaux,INS008
P001645,1963-11-30,Male,Montpellier,INS007
P001646,1946-08-21,Male,Paris,INS004
P001647,1994-11-21,Female,Bordeaux,INS007
P001648,2001-12-15,Female,Lille,INS003
P001649,1932-08-14,Male,Paris,INS002
P001650,2005-04-20,Male,Strasbourg,INS007
P001651,1986-08-26,Female,Montpellier,INS007
P001652,1938-02-01,Female,Lyon,INS002
P001653,1991-01-02,Male,Nice,INS007
P001654,1938-09-13,Female,Nice,INS005
P001655,1934-02-13,Male,Nice,INS005
P001656,1939-05-05,Male,Toulouse,INS007
P001657,1967-03-31,Male,Lille,INS002
P001658,1980-03-08,Male,Paris,INS004
P001659,1962-12-29,Female,Paris,INS003
P001660,1939-11-18,Male,Lyon,INS005
P001661,1946-02-18,Male,Bordeaux,INS002
P001662,1999-01-15,Male,Lyon,INS001
P001663,2007-12-21,Female,Nantes,INS006
P001664,1991-02-04,Female,Nantes,INS001
P001665,1938-05-18,Female,Lille,INS004
P001666,1996-05-27,Female,Paris,INS008
P001667,1986-01-18,Male,Bordeaux,INS008
P001668,1972-08-10,Male,Strasbourg,INS002
P001669,1941-08-08,Male,Lille,INS008
P001670,2010-09-23,Male,Strasbourg,INS003
P001671,1965-11-07,Female,Marseille,INS002
P001672,1933-07-30,Female,Paris,INS005
P001673,1947-01-03,Female,Nantes,INS004
P001674,1962-07-03,Female,Strasbourg,INS003
P001675,1935-01-18,Female,Strasbourg,INS004
P001676,1956-03-28,Female,Montpellier,INS001
P001677,1967-12-10,Female,Lyon,INS003
P001678,2006-11-02,Male,Paris,INS002
P001679,1936-12-30,Female,Bordeaux,INS008
P001680,1976-09-21,Female,Montpellier,INS004
P001681,2004-03-04,Female,Montpellier,INS005
P001682,1995-04-20,Male,Marseille,INS004
P001683,2004-12-01,Male,Lille,INS008
P001684,1943-10-19,Female,Nantes,INS007
P001685,1994-11-27,Female,Montpellier,INS006
P001686,2009-04-07,Male,Lyon,INS003
P001687,1956-05-29,Male,Montpellier,INS003
P001688,1970-05-22,Male,Strasbourg,INS008
P001689,1972-12-30,Male,Paris,INS008
P001690,1969-12-26,Male,Strasbourg,INS003
P001691,1953-06-21,Male,Nantes,INS003
P001692,2008-08-21,Female,Montpellier,INS003
P001693,2007-06-23,Male,Marseille,INS007
P001694,1960-11-02,Female,Montpellier,INS008
P001695,1995-03-24,Male,Paris,INS008
P001696,1962-03-14,Female,Paris,INS007
P001697,1994-05-18,Female,Toulouse,INS003
P001698,1977-05-13,Male,Nantes,INS003
P001699,1968-01-31,Male,Lyon,INS008
P001700,1940-05-16,Female,Marseille,INS004
P001701,1983-01-08,Male,Lille,INS002
P001702,1956-01-03,Female,Lyon,INS007
P001703,1947-07-26,Female,Lyon,INS004
P001704,1945-08-25,Male,Lyon,INS001
P001705,2009-07-12,Female,Montpellier,INS008
P001706,1938-05-14,Female,Montpellier,INS003
P001707,1994-09-05,Male,Nantes,INS003
P001708,2000-02-27,Female,Nantes,INS005
P001709,1932-07-07,Female,Lyon,INS003
P001710,1977-09-25,Female,Paris,INS007
P001711,1976-10-07,Male,Lille,INS006
P001712,1959-01-19,Female,Montpellier,INS005
P001713,1984-01-02,Female,Toulouse,INS002
P001714,1963-02-07,Male,Strasbourg,INS004
P001715,1965-08-12,Female,Lille,INS003
P001716,1964-12-14,Female,Lille,INS008
P001717,1994-11-08,Male,Strasbourg,INS007
P001718,1981-04-14,Male,Toulouse,INS001
P001719,1960-09-13,Female,Nice,INS005
P001720,2005-01-24,Male,Nice,INS007
P001721,1994-12-19,Male,Nice,INS005
P001722,2005-07-21,Female,Nantes,INS002
P001723,1989-03-03,Male,Strasbourg,INS002
P001724,1961-09-16,Male,Toulouse,INS006
P001725,1992-08-09,Male,Lille,INS005
P001726,1956-09-01,Male,Bordeaux,INS005
P001727,1951-12-12,Male,Lille,INS003
P001728,1966-07-14,Male,Paris,INS003
P001729,2008-07-05,Male,Lille,INS004
P001730,1976-01-01,Male,Bordeaux,INS005
P001731,1961-01-29,Male,Bordeaux,INS004
P001732,1967-05-29,Male,Lille,INS008
P001733,1953-08-03,Male,Nice,INS002
P001734,1983-05-11,Female,Marseille,INS004
P001735,1958-05-20,Female,Nantes,INS002
P001736,1974-11-27,Male,Marseille,INS001
P001737,1959-12-15,Female,Montpellier,INS004
P001738,1955-12-24,Male,Nantes,INS001
P001739,2008-08-02,Male,Bordeaux,INS003
P001740,1958-01-02,Male,Toulouse,INS006
P001741,1935-09-18,Female,Nice,INS004
P001742,1960-08-31,Male,Toulouse,INS006
P001743,1973-02-06,Female,Strasbourg,INS003
P001744,1937-08-31,Male,Lyon,INS004
P001745,1954-10-05,Female,Strasbourg,INS008
P001746,1943-06-14,Female,Montpellier,INS002
P001747,1970-07-21,Male,Marseille,INS005
P001748,1988-07-27,Male,Marseille,INS006
P001749,2008-06-11,Male,Montpellier,INS003
P001750,1961-07-08,Female,Toulouse,INS003
P001751,1999-12-03,Female,Nantes,INS006
P001752,1947-05-18,Female,Lyon,INS001
P001753,1993-03-21,Male,Toulouse,INS003
P001754,1975-07-30,Male,Nice,INS004
P001755,1991-05-30,Female,Strasbourg,INS002
P001756,1991-03-13,Female,Toulouse,INS005
P001757,1973-02-15,Female,Paris,INS005
P001758,1950-11-07,Male,Toulouse,INS008
P001759,1972-08-14,Female,Nantes,INS005
P001760,1996-12-19,Female,Strasbourg,INS005
P001761,2008-08-14,Female,Strasbourg,INS006
P001762,2005-02-15,Female,Nice,INS002
P001763,1944-09-12,Female,Lyon,INS004
P001764,1978-05-22,Female,Bordeaux,INS007
P001765,1938-06-22,Male,Bordeaux,INS002
P001766,1984-03-08,Male,Toulouse,INS003
P001767,2010-05-18,Female,Montpellier,INS002
P001768,1934-04-05,Male,Montpellier,INS008
P001769,1983-03-08,Female,Marseille,INS003
P001770,2006-08-02,Male,Montpellier,INS003
P001771,1998-08-15,Male,Strasbourg,INS007
P001772,1961-10-16,Female,Nice,INS008
P001773,1938-06-02,Male,Lille,INS001
P001774,2004-10-31,Male,Nice,INS008
P001775,2004-08-16,Male,Bordeaux,INS006
P001776,1976-11-23,Female,Strasbourg,INS007
P001777,2009-04-15,Female,Nice,INS001
P001778,1930-05-17,Female,Montpellier,INS001
P001779,1979-12-11,Male,Toulouse,INS003
P001780,1933-02-14,Male,Paris,INS007
P001781,2005-10-15,Female,Toulouse,INS004
P001782,1985-02-10,Male,Montpellier,INS006
P001783,2003-12-26,Female,Nantes,INS002
P001784,1975-07-29,Female,Nice,INS003
P001785,1936-09-29,Male,Nantes,INS008
P001786,1932-02-24,Female,Bordeaux,INS004
P001787,1957-03-07,Male,Paris,INS007
P001788,1990-03-21,Male,Toulouse,INS006
P001789,1942-03-27,Male,Paris,INS002
P001790,1999-01-08,Male,Lille,INS008
P001791,1949-05-25,Female,Nice,INS008
P001792,1970-03-18,Male,Strasbourg,INS007
P001793,1946-06-13,Male,Marseille,INS004
P001794,1967-09-22,Female,Nantes,INS004
P001795,1966-08-17,Female,Marseille,INS003
P001796,1930-06-11,Female,Marseille,INS006
P001797,1975-12-29,Female,Montpellier,INS003
P001798,1993-09-19,Male,Nantes,INS002
P001799,2005-11-01,Female,Lyon,INS001
P001800,1956-10-14,Male,Lyon,INS004
P001801,2001-04-29,Female,Paris,INS007
P001802,2001-03-06,Female,Toulouse,INS007
P001803,2010-01-21,Female,Lyon,INS007
P001804,1960-03-20,Female,Bordeaux,INS005
P001805,1998-12-02,Male,Toulouse,INS007
P001806,1975-10-09,Female,Nantes,INS007
P001807,1934-09-20,Female,Marseille,INS007
P001808,1951-11-24,Female,Lyon,INS005
P001809,1984-06-07,Female,Lyon,INS001
P001810,1943-01-03,Male,Paris,INS004
P001811,1965-03-19,Male,Paris,INS007
P001812,1992-10-06,Female,Marseille,INS006
P001813,1942-02-17,Male,Strasbourg,INS001
P001814,1970-03-23,Female,Nantes,INS001
P001815,1947-05-28,Male,Marseille,INS006
P001816,1973-06-15,Male,Montpellier,INS008
P001817,1949-07-01,Female,Nice,INS006
P001818,2008-03-12,Male,Nice,INS008
P001819,1936-03-19,Male,Strasbourg,INS001
P001820,2008-01-18,Female,Nice,INS008
P001821,1994-02-20,Male,Montpellier,INS002
P001822,1999-04-22,Male,Lille,INS008
P001823,1998-12-21,Female,Strasbourg,INS008
P001824,1945-03-13,Male,Lyon,INS005
P001825,2005-06-01,Male,Lille,INS005
P001826,1978-02-18,Male,Strasbourg,INS004
P001827,2007-12-07,Female,Lyon,INS005
P001828,2001-02-16,Male,Bordeaux,INS007
P001829,1976-12-12,Male,Lille,INS003
P001830,1960-05-01,Male,Lyon,INS003
P001831,1939-07-02,Female,Marseille,INS008
P001832,1938-03-11,Female,Bordeaux,INS007
P001833,1961-07-26,Male,Nantes,INS005
P001834,1995-09-08,Male,Nantes,INS002
P001835,1970-12-07,Female,Lyon,INS008
P001836,1969-01-08,Male,Lille,INS008
P001837,1949-10-19,Male,Lyon,INS003
P001838,1975-09-18,Male,Paris,INS005
P001839,1981-09-06,Female,Lille,INS004
P001840,2009-07-20,Male,Nantes,INS007
P001841,1989-01-30,Female,Lille,INS006
P001842,1979-03-08,Female,Paris,INS004
P001843,2003-09-18,Male,Marseille,INS008
P001844,1964-06-03,Male,Toulouse,INS005
P001845,2005-09-23,Female,Lille,INS004
P001846,1959-12-20,Male,Strasbourg,INS008
P001847,1940-05-08,Male,Bordeaux,INS004
P001848,1963-10-29,Female,Montpellier,INS004
P001849,1940-06-06,Female,Lyon,INS004
P001850,1939-08-04,Male,Lille,INS002
P001851,2001-05-17,Male,Paris,INS003
P001852,1994-05-16,Female,Paris,INS001
P001853,1947-12-02,Male,Montpellier,INS006
P001854,1997-11-08,Male,Toulouse,INS005
P001855,1935-08-01,Male,Nantes,INS008
P001856,1953-01-13,Male,Marseille,INS005
P001857,1987-03-12,Female,Paris,INS001
P001858,1954-08-10,Female,Strasbourg,INS005
P001859,1989-03-03,Female,Nantes,INS002
P001860,2000-10-26,Male,Nice,INS001
P001861,1935-05-09,Male,Bordeaux,INS006
P001862,1931-12-11,Male,Toulouse,INS001
P001863,2006-02-20,Female,Toulouse,INS004
P001864,1972-02-27,Male,Nice,INS008
P001865,1971-01-09,Female,Marseille,INS003
P001866,1967-07-23,Female,Lille,INS006
P001867,1965-02-13,Female,Lille,INS004
P001868,1985-11-24,Male,Bordeaux,INS001
P001869,1976-12-16,Female,Montpellier,INS002
P001870,1943-03-27,Male,Montpellier,INS001
P001871,1980-10-03,Male,Bordeaux,INS002
P001872,1984-02-18,Male,Marseille,INS002
P001873,1939-03-15,Female,Montpellier,INS008
P001874,1960-07-07,Male,Lille,INS007
P001875,1994-01-11,Male,Lille,INS003
P001876,1980-02-12,Female,Strasbourg,INS006
P001877,1941-01-17,Male,Marseille,INS002
P001878,1933-04-01,Male,Toulouse,INS006
P001879,1977-01-28,Female,Montpellier,INS002
P001880,1967-05-26,Male,Lille,INS006
P001881,2007-11-04,Female,Nantes,INS003
P001882,1972-04-20,Female,Paris,INS007
P001883,2005-06-13,Male,Montpellier,INS007
P001884,1947-05-12,Female,Toulouse,INS003
P001885,1966-03-27,Female,Nantes,INS001
P001886,1941-04-23,Female,Bordeaux,INS003
P001887,1976-07-05,Female,Toulouse,INS003
P001888,1945-04-07,Female,Toulouse,INS004
P001889,1969-11-15,Male,Paris,INS005
P001890,1957-11-16,Female,Marseille,INS008
P001891,1945-01-16,Female,Lille,INS001
P001892,1937-11-04,Male,Lille,INS005
P001893,1971-06-23,Male,Marseille,INS002
P001894,2006-09-24,Female,Nantes,INS005
P001895,1946-02-05,Female,Strasbourg,INS006
P001896,1962-10-21,Female,Strasbourg,INS007
P001897,1948-03-11,Female,Montpellier,INS005
P001898,1995-07-11,Female,Nantes,INS002
P001899,1963-08-10,Male,Toulouse,INS008
P001900,2008-12-04,Male,Nantes,INS004
P001901,1949-11-10,Female,Lyon,INS004
P001902,1936-07-16,Male,Strasbourg,INS006
P001903,1977-03-08,Female,Bordeaux,INS003
P001904,1982-10-13,Female,Lyon,INS008
P001905,2010-04-01,Female,Toulouse,INS001
P001906,2000-07-31,Female,Lille,INS002
P001907,2001-08-13,Male,Lille,INS008
P001908,1981-05-16,Female,Paris,INS004
P001909,1959-02-22,Male,Paris,INS008
P001910,1964-10-01,Female,Lille,INS008
P001911,1940-10-31,Male,Lille,INS008
P001912,1964-11-30,Male,Montpellier,INS006
P001913,1959-07-09,Female,Marseille,INS006
P001914,1932-11-28,Female,Lille,INS005
P001915,1946-07-24,Male,Montpellier,INS006
P001916,1973-04-20,Male,Strasbourg,INS003
P001917,1959-12-01,Female,Paris,INS007
P001918,2010-06-22,Male,Paris,INS002
P001919,1968-10-04,Female,Paris,INS004
P001920,2007-08-27,Female,Toulouse,INS003
P001921,1983-07-08,Male,Bordeaux,INS007
P001922,1933-04-10,Female,Lille,INS003
P001923,1946-06-24,Female,Paris,INS002
P001924,1987-03-03,Female,Marseille,INS007
P001925,1974-02-25,Female,Nantes,INS004
P001926,1954-06-11,Female,Lille,INS006
P001927,1972-04-15,Female,Lyon,INS008
P001928,2003-02-21,Male,Nantes,INS007
P001929,1961-06-26,Male,Nantes,INS004
P001930,1933-08-27,Female,Toulouse,INS002
P001931,1955-03-10,Female,Montpellier,INS008
P001932,2005-10-20,Male,Strasbourg,INS003
P001933,1991-09-14,Female,Paris,INS007
P001934,1997-10-31,Female,Montpellier,INS007
P001935,2003-11-02,Male,Paris,INS004
P001936,1939-07-09,Female,Toulouse,INS002
P001937,1952-11-23,Male,Montpellier,INS004
P001938,1934-11-05,Male,Montpellier,INS002
P001939,1930-05-21,Male,Paris,INS003
P001940,1997-08-10,Female,Paris,INS004
P001941,2005-11-21,Female,Marseille,INS005
P001942,1942-08-13,Female,Marseille,INS002
P001943,1988-06-29,Male,Marseille,INS007
P001944,1973-04-29,Male,Toulouse,INS001
P001945,1935-08-10,Male,Lille,INS008
P001946,2004-03-04,Female,Bordeaux,INS003
P001947,2000-07-26,Male,Strasbourg,INS004
P001948,1975-12-18,Male,Bordeaux,INS008
P001949,1987-05-04,Male,Lille,INS006
P001950,1962-03-05,Male,Bordeaux,INS001
P001951,1994-03-21,Female,Nantes,INS005
P001952,1966-01-17,Female,Strasbourg,INS005
P001953,2010-02-13,Male,Montpellier,INS008
P001954,1935-02-11,Female,Marseille,INS005
P001955,1943-12-11,Female,Montpellier,INS008
P001956,2008-06-19,Female,Strasbourg,INS005
P001957,1953-05-23,Female,Lyon,INS002
P001958,1955-03-01,Male,Bordeaux,INS005
P001959,1994-02-03,Female,Lyon,INS008
P001960,1945-05-04,Female,Toulouse,INS001
P001961,1971-08-06,Male,Paris,INS004
P001962,1953-03-03,Male,Marseille,INS001
P001963,1946-01-12,Female,Bordeaux,INS007
P001964,2008-02-11,Female,Lille,INS005
P001965,1946-03-11,Female,Paris,INS006
P001966,1937-08-21,Female,Lille,INS008
P001967,1984-08-02,Female,Bordeaux,INS007
P001968,2000-04-01,Female,Nice,INS004
P001969,1940-04-29,Male,Lyon,INS008
P001970,1987-05-02,Male,Toulouse,INS004
P001971,1973-10-20,Male,Lyon,INS008
P001972,1997-03-25,Female,Lyon,INS008
P001973,1940-04-13,Female,Lyon,INS002
P001974,2009-01-16,Male,Nice,INS007
P001975,1980-02-23,Male,Montpellier,INS006
P001976,1998-03-19,Male,Nantes,INS007
P001977,1959-04-27,Female,Lille,INS002
P001978,2006-05-31,Female,Montpellier,INS005
P001979,1980-09-25,Female,Toulouse,INS002
P001980,1940-04-13,Male,Bordeaux,INS008
P001981,2004-10-02,Female,Nantes,INS007
P001982,1994-06-16,Male,Nantes,INS005
P001983,1954-04-26,Male,Toulouse,INS002
P001984,1974-03-14,Male,Toulouse,INS006
P001985,1961-06-07,Female,Lille,INS004
P001986,1974-01-08,Male,Nantes,INS007
P001987,2008-03-11,Male,Nantes,INS001
P001988,2002-10-23,Female,Toulouse,INS004
P001989,1947-06-17,Male,Nice,INS003
P001990,2008-09-17,Male,Lyon,INS008
P001991,1965-06-22,Male,Toulouse,INS003
P001992,1987-02-02,Female,Montpellier,INS008
P001993,1991-11-25,Male,Nice,INS008
P001994,1969-02-12,Female,Nice,INS005
P001995,1966-12-27,Female,Strasbourg,INS002
P001996,1966-12-20,Female,Nantes,INS002
P001997,1999-11-12,Female,Nantes,INS001
P001998,1961-04-17,Female,Toulouse,INS007
P001999,1952-09-03,Female,Strasbourg,INS006
P002000,1959-04-16,Male,Nice,INS003
P002001,1945-10-14,Female,Bordeaux,INS006
P002002,1961-09-17,Male,Lyon,INS005
P002003,1939-03-29,Female,Strasbourg,INS007
P002004,1937-04-09,Male,Lille,INS001
P002005,1988-08-18,Male,Lille,INS002
P002006,1936-04-09,Male,Lyon,INS007
P002007,1976-01-09,Male,Marseille,INS003
P002008,1993-03-02,Male,Lyon,INS008
P002009,1988-09-06,Female,Paris,INS008
P002010,1966-02-17,Female,Paris,INS001
P002011,1945-09-07,Female,Marseille,INS004
P002012,2005-05-20,Female,Nice,INS006
P002013,1997-08-24,Female,Strasbourg,INS002
P002014,1979-08-03,Female,Marseille,INS007
P002015,1937-01-10,Male,Toulouse,INS001
P002016,1932-11-06,Male,Strasbourg,INS001
P002017,1955-07-14,Male,Nice,INS005
P002018,1942-10-05,Male,Montpellier,INS002
P002019,1999-09-08,Female,Toulouse,INS006
P002020,1946-09-02,Female,Lyon,INS004
P002021,1952-11-22,Male,Lyon,INS003
P002022,2009-01-12,Male,Nice,INS007
P002023,1996-04-11,Female,Paris,INS002
P002024,1947-09-19,Female,Toulouse,INS004
P002025,1961-01-24,Female,Lille,INS002
P002026,1971-10-11,Female,Montpellier,INS002
P002027,1983-10-21,Female,Montpellier,INS002
P002028,2005-10-29,Female,Toulouse,INS003
P002029,2000-07-23,Male,Bordeaux,INS004
P002030,2009-02-24,Male,Lille,INS004
P002031,1933-04-17,Male,Nice,INS002
P002032,1949-02-22,Male,Marseille,INS001
P002033,1975-08-08,Male,Nice,INS001
P002034,1933-12-24,Female,Montpellier,INS006
P002035,1958-10-13,Male,Lyon,INS008
P002036,1942-06-11,Female,Marseille,INS001
P002037,2005-07-25,Male,Lille,INS001
P002038,1935-02-17,Female,Strasbourg,INS007
P002039,1942-01-08,Male,Nantes,INS006
P002040,1945-10-21,Male,Lyon,INS006
P002041,1942-01-14,Female,Lille,INS002
P002042,1976-01-20,Female,Nantes,INS007
P002043,1959-07-06,Female,Montpellier,INS005
P002044,2003-11-27,Male,Toulouse,INS002
P002045,1951-02-16,Male,Paris,INS001
P002046,1973-07-07,Female,Lyon,INS005
P002047,1983-06-20,Male,Paris,INS007
P002048,1980-09-14,Female,Lyon,INS007
P002049,1994-07-04,Female,Toulouse,INS005
P002050,1946-05-09,Female,Marseille,INS005
P002051,1971-02-07,Male,Lille,INS006
P002052,1994-11-05,Female,Nice,INS002
P002053,1999-11-26,Female,Toulouse,INS003
P002054,1980-01-15,Female,Nice,INS001
P002055,1982-10-20,Male,Bordeaux,INS007
P002056,1999-12-29,Female,Marseille,INS005
P002057,1980-08-12,Male,Montpellier,INS007
P002058,2006-11-08,Male,Toulouse,INS004
P002059,1940-05-02,Male,Strasbourg,INS008
P002060,1958-03-07,Female,Paris,INS008
P002061,1939-02-01,Male,Strasbourg,INS005
P002062,1937-05-03,Female,Nice,INS007
P002063,1968-03-23,Female,Marseille,INS006
P002064,1948-04-19,Female,Nice,INS006
P002065,1962-12-24,Female,Nice,INS002
P002066,1965-06-19,Male,Strasbourg,INS008
P002067,1980-04-17,Male,Marseille,INS002
P002068,2006-08-07,Male,Strasbourg,INS006
P002069,1998-10-19,Female,Nice,INS005
P002070,1960-08-22,Male,Lille,INS001
P002071,1956-05-16,Male,Lille,INS007
P002072,1992-06-06,Female,Marseille,INS001
P002073,1940-01-07,Female,Toulouse,INS005
P002074,1973-10-11,Male,Strasbourg,INS007
P002075,1964-04-06,Female,Strasbourg,INS002
P002076,1944-10-22,Female,Lyon,INS003
P002077,1979-12-07,Male,Lyon,INS005
P002078,1955-12-24,Female,Paris,INS008
P002079,1945-01-12,Female,Nantes,INS004
P002080,1982-11-28,Male,Lille,INS001
P002081,1944-02-10,Male,Nice,INS002
P002082,1984-07-01,Male,Nice,INS002
P002083,1943-02-17,Male,Lyon,INS007
P002084,1965-03-19,Male,Nantes,INS007
P002085,1995-06-12,Male,Nice,INS004
P002086,1948-07-09,Male,Montpellier,INS007
P002087,1992-03-05,Male,Nice,INS008
P002088,1988-06-21,Female,Lille,INS007
P002089,2003-02-11,Male,Montpellier,INS001
P002090,1943-09-05,Male,Marseille,INS001
P002091,1987-12-04,Female,Strasbourg,INS006
P002092,2005-11-13,Male,Lille,INS004
P002093,1991-10-21,Male,Montpellier,INS002
P002094,1945-03-21,Female,Nice,INS006
P002095,1996-08-04,Female,Bordeaux,INS003
P002096,1938-09-10,Female,Marseille,INS008
P002097,1977-09-11,Female,Lyon,INS005
P002098,1970-04-23,Female,Montpellier,INS002
P002099,1973-01-06,Female,Strasbourg,INS008
P002100,1972-01-31,Female,Bordeaux,INS005
P002101,1932-07-20,Female,Strasbourg,INS003
P002102,1971-03-01,Male,Nice,INS002
P002103,2005-11-15,Male,Lille,INS005
P002104,1965-05-15,Female,Strasbourg,INS006
P002105,1952-06-06,Female,Nice,INS007
P002106,2010-07-30,Female,Toulouse,INS002
P002107,1938-01-07,Female,Paris,INS004
P002108,1969-05-22,Female,Nice,INS008
P002109,1971-07-09,Female,Lille,INS006
P002110,1968-09-17,Female,Lille,INS001
P002111,2004-08-28,Male,Nice,INS008
P002112,1964-02-29,Female,Strasbourg,INS006
P002113,2008-11-01,Male,Paris,INS004
P002114,1935-05-31,Female,Strasbourg,INS007
P002115,1989-06-12,Female,Marseille,INS006
P002116,1978-01-11,Male,Bordeaux,INS003
P002117,1949-06-26,Female,Strasbourg,INS007
P002118,1948-06-19,Male,Marseille,INS003
P002119,1988-04-17,Male,Marseille,INS002
P002120,1981-08-24,Male,Montpellier,INS005
P002121,1979-07-03,Female,Lille,INS001
P002122,1934-02-12,Male,Montpellier,INS006
P002123,1978-06-05,Female,Lille,INS005
P002124,2009-06-28,Female,Nantes,INS006
P002125,1931-05-28,Female,Bordeaux,INS002
P002126,1967-12-28,Male,Montpellier,INS005
P002127,1970-01-16,Male,Bordeaux,INS004
P002128,2002-08-20,Female,Bordeaux,INS002
P002129,1952-11-28,Female,Toulouse,INS004
P002130,1968-07-09,Male,Lille,INS008
P002131,1988-02-03,Male,Toulouse,INS007
P002132,1934-11-20,Female,Toulouse,INS002
P002133,1994-11-20,Female,Nice,INS007
P002134,1996-08-06,Male,Paris,INS005
P002135,1988-04-16,Male,Bordeaux,INS001
P002136,1982-07-02,Male,Bordeaux,INS008
P002137,1990-07-22,Female,Nice,INS005
P002138,1993-04-27,Female,Nantes,INS008
P002139,2003-03-05,Female,Toulouse,INS001
P002140,1964-09-05,Female,Lyon,INS002
P002141,1966-12-09,Male,Lille,INS008
P002142,1981-09-02,Female,Marseille,INS002
P002143,1945-08-22,Male,Marseille,INS005
P002144,1999-05-09,Male,Nice,INS005
P002145,1992-05-29,Male,Toulouse,INS008
P002146,1981-02-11,Male,Nice,INS003
P002147,1954-06-08,Male,Lyon,INS007
P002148,1958-02-28,Female,Montpellier,INS006
P002149,1965-03-26,Female,Toulouse,INS006
P002150,1983-08-31,Female,Marseille,INS005
P002151,1993-01-07,Male,Lille,INS001
P002152,1984-06-02,Male,Strasbourg,INS003
P002153,2005-04-28,Female,Nice,INS005
P002154,2007-10-22,Female,Lyon,INS004
P002155,1987-02-04,Female,Montpellier,INS002
P002156,1960-01-17,Female,Lyon,INS006
P002157,1978-07-10,Male,Marseille,INS004
P002158,1964-06-06,Female,Nice,INS007
P002159,1980-12-15,Male,Bordeaux,INS005
P002160,1995-10-12,Male,Toulouse,INS003
P002161,1959-12-01,Female,Montpellier,INS001
P002162,1970-12-19,Female,Nice,INS001
P002163,1933-09-12,Male,Montpellier,INS005
P002164,1989-08-29,Male,Marseille,INS003
P002165,1969-09-04,Female,Strasbourg,INS006
P002166,1967-03-28,Female,Marseille,INS006
P002167,1973-02-15,Male,Strasbourg,INS003
P002168,1947-06-16,Male,Bordeaux,INS007
P002169,1978-06-08,Male,Bordeaux,INS005
P002170,1990-05-12,Male,Lyon,INS008
P002171,1958-04-28,Male,Strasbourg,INS008
P002172,1940-08-16,Female,Marseille,INS008
P002173,1961-05-02,Male,Bordeaux,INS002
P002174,1946-01-31,Female,Lyon,INS005
P002175,1960-04-15,Male,Montpellier,INS001
P002176,1980-10-08,Male,Lille,INS008
P002177,1939-03-09,Male,Nice,INS006
P002178,1990-07-12,Female,Nice,INS003
P002179,1948-03-11,Male,Bordeaux,INS005
P002180,2002-06-20,Male,Lyon,INS005
P002181,1989-04-29,Male,Marseille,INS005
P002182,1952-01-30,Male,Nantes,INS005
P002183,1975-08-15,Female,Bordeaux,INS008
P002184,1938-12-20,Female,Bordeaux,INS007
P002185,1938-01-29,Male,Marseille,INS004
P002186,2007-06-09,Male,Bordeaux,INS007
P002187,1994-12-30,Male,Paris,INS002
P002188,1942-07-05,Male,Toulouse,INS003
P002189,1952-11-24,Female,Paris,INS001
P002190,1946-01-04,Female,Nantes,INS008
P002191,1962-01-03,Male,Bordeaux,INS001
P002192,1953-08-06,Female,Strasbourg,INS008
P002193,1956-07-28,Male,Toulouse,INS007
P002194,1972-11-17,Male,Lyon,INS008
P002195,1945-04-24,Male,Marseille,INS007
P002196,2001-07-04,Female,Strasbourg,INS004
P002197,1988-12-08,Male,Montpellier,INS007
P002198,1991-08-08,Female,Paris,INS008
P002199,1943-09-23,Female,Nantes,INS008
P002200,1987-05-12,Female,Toulouse,INS007
P002201,1997-09-25,Female,Marseille,INS007
P002202,1944-03-10,Male,Bordeaux,INS006
P002203,1990-11-07,Male,Montpellier,INS008
P002204,1958-12-21,Female,Lyon,INS004
P002205,1993-10-16,Male,Strasbourg,INS005
P002206,1968-10-01,Female,Paris,INS007
P002207,1994-12-23,Male,Nice,INS003
P002208,1941-12-10,Male,Paris,INS007
P002209,1961-07-07,Male,Paris,INS001
P002210,1952-02-24,Female,Paris,INS005
P002211,1950-02-12,Female,Strasbourg,INS001
P002212,1954-12-22,Female,Bordeaux,INS008
P002213,1960-12-22,Male,Nantes,INS007
P002214,1940-04-23,Male,Lyon,INS002
P002215,1987-04-10,Female,Montpellier,INS002
P002216,1974-07-27,Female,Strasbourg,INS006
P002217,1997-03-03,Male,Toulouse,INS008
P002218,1987-02-08,Female,Strasbourg,INS003
P002219,1942-01-27,Male,Lyon,INS008
P002220,1935-08-31,Male,Marseille,INS004
P002221,1964-03-31,Female,Paris,INS004
P002222,1968-12-20,Female,Lyon,INS003
P002223,1949-06-17,Female,Strasbourg,INS003
P002224,1993-05-10,Female,Toulouse,INS003
P002225,1977-02-08,Male,Nantes,INS002
P002226,1990-08-02,Male,Strasbourg,INS004
P002227,1938-10-30,Female,Nice,INS003
P002228,1996-01-08,Male,Lille,INS001
P002229,1946-09-10,Female,Lille,INS003
P002230,1966-04-22,Female,Lyon,INS001
P002231,1965-08-03,Male,Strasbourg,INS002
P002232,1996-06-18,Male,Montpellier,INS006
P002233,1952-06-04,Male,Bordeaux,INS001
P002234,1949-07-02,Female,Toulouse,INS003
P002235,1957-07-05,Male,Strasbourg,INS006
P002236,1959-03-24,Female,Lille,INS001
P002237,1944-09-18,Male,Toulouse,INS006
P002238,1944-04-14,Male,Strasbourg,INS001
P002239,1948-09-26,Male,Lille,INS001
P002240,1967-11-13,Female,Montpellier,INS002
P002241,1957-10-23,Female,Lyon,INS007
P002242,1961-10-03,Male,Toulouse,INS001
P002243,1988-03-29,Female,Toulouse,INS001
P002244,1949-07-07,Male,Lille,INS008
P002245,2003-09-13,Female,Montpellier,INS005
P002246,1990-11-22,Male,Toulouse,INS005
P002247,1944-02-24,Female,Strasbourg,INS001
P002248,1955-06-03,Male,Marseille,INS004
P002249,1944-11-13,Female,Lille,INS005
P002250,1952-02-05,Female,Toulouse,INS005
P002251,1959-08-09,Male,Bordeaux,INS005
P002252,1940-08-08,Female,Marseille,INS001
P002253,1931-03-04,Male,Lille,INS008
P002254,1965-07-18,Male,Nantes,INS006
P002255,1986-10-12,Male,Marseille,INS002
P002256,1954-07-16,Male,Nice,INS008
P002257,1999-09-11,Male,Toulouse,INS003
P002258,1959-11-29,Female,Montpellier,INS002
P002259,2002-12-18,Male,Marseille,INS008
P002260,1949-02-11,Female,Strasbourg,INS002
P002261,1973-09-07,Male,Toulouse,INS001
P002262,1991-10-25,Female,Paris,INS006
P002263,1934-10-13,Male,Nice,INS003
P002264,2005-04-30,Female,Marseille,INS002
P002265,1959-07-24,Female,Lyon,INS001
P002266,1970-05-01,Female,Bordeaux,INS002
P002267,1980-11-25,Female,Nice,INS008
P002268,1982-01-30,Female,Marseille,INS006
P002269,1931-12-02,Female,Nantes,INS007
P002270,2000-03-28,Female,Paris,INS005
P002271,1980-07-05,Male,Lyon,INS005
P002272,2010-11-26,Female,Nice,INS002
P002273,1968-03-11,Male,Paris,INS008
P002274,1979-09-11,Female,Lille,INS007
P002275,1965-09-22,Male,Bordeaux,INS005
P002276,2002-01-26,Female,Paris,INS001
P002277,1997-06-03,Male,Montpellier,INS007
P002278,2003-08-06,Male,Bordeaux,INS003
P002279,1970-11-05,Male,Lille,INS002
P002280,1994-02-08,Female,Montpellier,INS006
P002281,1959-01-23,Female,Bordeaux,INS007
P002282,1967-05-03,Female,Nantes,INS005
P002283,1991-07-30,Female,Paris,INS001
P002284,1936-07-28,Female,Lyon,INS005
P002285,1987-07-20,Male,Paris,INS008
P002286,1931-04-13,Female,Bordeaux,INS006
P002287,1977-01-11,Male,Strasbourg,INS003
P002288,1968-08-26,Female,Montpellier,INS006
P002289,1967-12-18,Female,Bordeaux,INS002
P002290,1970-01-14,Female,Paris,INS007
P002291,1969-11-05,Female,Nantes,INS007
P002292,1962-12-30,Male,Nantes,INS005
P002293,1966-07-23,Male,Bordeaux,INS002
P002294,1976-01-08,Male,Nice,INS004
P002295,1991-11-03,Female,Bordeaux,INS001
P002296,1974-09-22,Female,Nice,INS007
P002297,1982-01-16,Male,Toulouse,INS006
P002298,1997-10-06,Female,Lyon,INS003
P002299,2010-02-23,Female,Paris,INS007
P002300,1938-10-20,Male,Montpellier,INS007
P002301,1987-09-30,Female,Toulouse,INS008
P002302,1948-03-28,Female,Lille,INS003
P002303,1945-12-09,Female,Marseille,INS002
P002304,1994-03-26,Male,Paris,INS004
P002305,1935-07-26,Female,Montpellier,INS003
P002306,1998-09-03,Male,Paris,INS006
P002307,1992-05-30,Female,Marseille,INS004
P002308,2010-07-30,Female,Toulouse,INS006
P002309,1984-02-07,Female,Lille,INS002
P002310,2000-09-14,Male,Paris,INS001
P002311,1939-08-08,Female,Lille,INS008
P002312,2002-01-29,Male,Nice,INS004
P002313,1942-12-27,Female,Marseille,INS002
P002314,1955-06-18,Female,Strasbourg,INS007
P002315,1940-05-20,Female,Lille,INS002
P002316,1962-07-14,Female,Paris,INS008
P002317,1990-09-01,Female,Lyon,INS004
P002318,1951-09-19,Male,Strasbourg,INS004
P002319,1996-08-05,Male,Toulouse,INS003
P002320,1979-02-09,Male,Montpellier,INS001
P002321,1980-12-10,Male,Nice,INS004
P002322,2006-01-15,Male,Paris,INS003
P002323,1964-12-23,Male,Lille,INS004
P002324,1957-11-30,Female,Nice,INS004
P002325,2010-07-22,Male,Paris,INS006
P002326,1975-02-12,Male,Montpellier,INS001
P002327,1979-10-13,Female,Lyon,INS003
P002328,1953-12-31,Male,Nice,INS007
P002329,1947-06-14,Male,Strasbourg,INS008
P002330,1943-10-03,Female,Bordeaux,INS005
P002331,1948-02-09,Male,Strasbourg,INS003
P002332,1945-10-23,Female,Strasbourg,INS004
P002333,1990-06-25,Female,Nice,INS007
P002334,1934-09-11,Female,Nice,INS004
P002335,1980-12-23,Male,Lille,INS008
P002336,2006-11-21,Female,Marseille,INS001
P002337,1992-01-04,Male,Strasbourg,INS005
P002338,1962-08-19,Female,Marseille,INS005
P002339,1934-10-24,Female,Toulouse,INS004
P002340,1997-07-24,Male,Bordeaux,INS004
P002341,1930-04-04,Female,Lille,INS002
P002342,1985-03-09,Male,Lille,INS003
P002343,1984-05-06,Female,Bordeaux,INS003
P002344,1945-07-18,Male,Lille,INS006
P002345,1989-12-05,Male,Montpellier,INS005
P002346,1944-03-18,Female,Lyon,INS004
P002347,1948-04-11,Female,Lille,INS005
P002348,1995-10-08,Female,Strasbourg,INS005
P002349,2009-04-22,Male,Toulouse,INS001
P002350,1951-06-11,Male,Nice,INS008
P002351,2004-08-16,Female,Nantes,INS008
P002352,2003-12-22,Female,Lille,INS003
P002353,1992-04-27,Male,Nice,INS007
P002354,1941-05-06,Female,Marseille,INS004
P002355,1954-04-03,Male,Nice,INS001
P002356,1984-11-22,Male,Lyon,INS007
P002357,2010-12-07,Female,Nantes,INS003
P002358,1995-12-21,Female,Lyon,INS003
P002359,1964-01-16,Female,Strasbourg,INS005
P002360,1949-01-20,Female,Nantes,INS004
P002361,2007-10-14,Male,Paris,INS003
P002362,1952-05-16,Male,Lyon,INS007
P002363,1957-09-20,Male,Lyon,INS003
P002364,2008-02-15,Male,Montpellier,INS005
P002365,1975-06-30,Female,Bordeaux,INS006
P002366,1951-06-07,Male,Marseille,INS008
P002367,1930-06-08,Female,Marseille,INS004
P002368,1964-10-28,Female,Paris,INS004
P002369,2009-11-11,Female,Marseille,INS008
P002370,1965-01-12,Male,Strasbourg,INS004
P002371,1986-08-29,Male,Bordeaux,INS003
P002372,1950-06-30,Female,Lille,INS001
P002373,1992-10-27,Male,Paris,INS003
P002374,1992-11-02,Female,Lille,INS002
P002375,1979-04-09,Female,Lille,INS003
P002376,1992-07-08,Female,Lyon,INS005
P002377,1976-11-18,Male,Nantes,INS005
P002378,1960-08-23,Female,Nantes,INS002
P002379,1989-10-07,Female,Montpellier,INS004
P002380,1997-08-23,Female,Lille,INS004
P002381,1998-02-14,Male,Marseille,INS001
P002382,1947-04-05,Male,Strasbourg,INS003
P002383,1984-10-20,Female,Lille,INS006
P002384,1930-05-08,Male,Nantes,INS001
P002385,1976-05-01,Female,Nice,INS003
P002386,1976-04-06,Female,Strasbourg,INS004
P002387,1959-06-11,Male,Lille,INS002
P002388,2010-07-08,Male,Nantes,INS006
P002389,2001-07-08,Female,Lyon,INS006
P002390,1933-02-17,Male,Nice,INS003
P002391,1946-12-01,Female,Paris,INS002
P002392,1946-11-06,Male,Nantes,INS007
P002393,2002-09-13,Male,Marseille,INS002
P002394,1972-01-12,Male,Toulouse,INS002
P002395,1989-01-14,Female,Paris,INS001
P002396,1995-08-09,Male,Nantes,INS001
P002397,1992-03-05,Male,Toulouse,INS007
P002398,1937-03-19,Female,Nantes,INS008
P002399,1941-05-14,Female,Lille,INS005
P002400,1962-01-05,Male,Paris,INS008
P002401,1957-05-29,Female,Bordeaux,INS006
P002402,1990-07-06,Male,Nantes,INS004
P002403,1942-08-28,Female,Nantes,INS006
P002404,1960-02-04,Male,Marseille,INS004
P002405,1949-02-28,Female,Nice,INS008
P002406,1945-04-18,Male,Bordeaux,INS007
P002407,1943-12-31,Male,Marseille,INS007
P002408,1945-11-01,Female,Lyon,INS005
P002409,1975-09-18,Male,Lille,INS005
P002410,1963-03-19,Male,Paris,INS001
P002411,1965-04-04,Female,Nice,INS006
P002412,1968-10-31,Female,Paris,INS001
P002413,1990-01-09,Male,Paris,INS005
P002414,1999-10-21,Male,Lyon,INS002
P002415,1972-08-22,Female,Lille,INS004
P002416,1982-01-08,Male,Paris,INS007
P002417,1989-10-27,Female,Nantes,INS003
P002418,1985-12-02,Female,Lyon,INS005
P002419,1940-11-16,Male,Strasbourg,INS003
P002420,2009-08-14,Female,Bordeaux,INS003
P002421,1943-05-08,Female,Paris,INS002
P002422,1963-05-11,Female,Toulouse,INS002
P002423,1982-11-10,Female,Lyon,INS003
P002424,1962-09-02,Female,Montpellier,INS001
P002425,1949-09-10,Male,Bordeaux,INS008
P002426,2004-10-15,Male,Strasbourg,INS006
P002427,1935-10-18,Male,Lille,INS002
P002428,1949-11-30,Male,Lyon,INS008
P002429,2010-06-06,Female,Marseille,INS003
P002430,1989-02-10,Female,Toulouse,INS005
P002431,1937-01-17,Male,Nice,INS006
P002432,1991-02-13,Female,Toulouse,INS007
P002433,2008-07-11,Female,Montpellier,INS001
P002434,1937-12-02,Male,Lille,INS003
P002435,1963-07-16,Male,Marseille,INS003
P002436,1967-12-05,Male,Toulouse,INS005
P002437,1940-08-11,Female,Lyon,INS007
P002438,1946-03-31,Female,Nantes,INS004
P002439,1944-01-28,Female,Lyon,INS004
P002440,1945-01-06,Male,Nantes,INS001
P002441,1962-09-07,Female,Lille,INS005
P002442,1967-07-27,Female,Lille,INS004
P002443,1949-04-11,Female,Nantes,INS006
P002444,1953-06-11,Male,Nice,INS007
P002445,1945-07-28,Male,Montpellier,INS005
P002446,1994-06-24,Female,Marseille,INS001
P002447,1947-02-25,Female,Strasbourg,INS007
P002448,2003-07-07,Female,Strasbourg,INS004
P002449,1973-08-24,Female,Montpellier,INS004
P002450,1995-01-07,Male,Montpellier,INS007
P002451,1981-07-19,Female,Nice,INS005
P002452,1951-07-20,Male,Marseille,INS007
P002453,1978-09-16,Male,Nantes,INS008
P002454,1952-03-15,Male,Nice,INS004
P002455,1939-08-09,Male,Marseille,INS008
P002456,1950-08-19,Female,Strasbourg,INS002
P002457,1952-04-29,Female,Nice,INS007
P002458,1940-12-08,Female,Toulouse,INS007
P002459,1931-11-30,Male,Strasbourg,INS001
P002460,2006-06-12,Female,Paris,INS002
P002461,1971-08-03,Female,Nantes,INS001
P002462,1962-07-26,Female,Nice,INS003
P002463,2005-04-28,Female,Paris,INS008
P002464,1948-03-14,Male,Toulouse,INS001
P002465,1962-08-19,Male,Bordeaux,INS001
P002466,1998-07-30,Male,Marseille,INS004
P002467,1981-03-12,Male,Strasbourg,INS003
P002468,1962-05-02,Female,Nantes,INS006
P002469,1950-09-21,Female,Marseille,INS005
P002470,1932-11-04,Female,Toulouse,INS007
P002471,1936-11-21,Male,Lyon,INS004
P002472,1943-02-12,Male,Paris,INS004
P002473,1993-09-18,Female,Nice,INS001
P002474,1981-10-11,Male,Montpellier,INS008
P002475,1965-02-09,Female,Marseille,INS002
P002476,1993-05-31,Female,Marseille,INS005
P002477,1943-01-09,Male,Nantes,INS008
P002478,1947-02-01,Male,Bordeaux,INS005
P002479,1961-10-23,Male,Lyon,INS006
P002480,2004-04-22,Male,Nantes,INS002
P002481,1979-10-02,Female,Marseille,INS006
P002482,1998-12-05,Male,Lyon,INS002
P002483,1950-02-06,Male,Toulouse,INS006
P002484,1998-09-19,Female,Nice,INS005
P002485,1935-11-15,Female,Bordeaux,INS004
P002486,1948-06-10,Male,Nantes,INS006
P002487,1972-05-13,Female,Marseille,INS006
P002488,1934-02-04,Female,Toulouse,INS002
P002489,1999-07-08,Male,Nice,INS004
P002490,2000-04-04,Male,Bordeaux,INS004
P002491,1973-11-09,Male,Marseille,INS002
P002492,1954-10-08,Male,Montpellier,INS003
P002493,1938-01-06,Female,Paris,INS001
P002494,1980-02-18,Male,Montpellier,INS004
P002495,1973-07-20,Female,Nice,INS002
P002496,1991-07-22,Male,Lyon,INS002
P002497,1978-10-21,Female,Marseille,INS007
P002498,1940-05-23,Male,Lille,INS002
P002499,1939-11-12,Male,Montpellier,INS001
P002500,1993-03-31,Male,Bordeaux,INS003
P002501,1942-11-18,Female,Marseille,INS001
P002502,2006-01-06,Female,Montpellier,INS007
P002503,1938-08-01,Female,Lyon,INS008
P002504,1988-12-30,Female,Strasbourg,INS007
P002505,2008-12-28,Male,Strasbourg,INS007
P002506,1965-09-27,Female,Lille,INS001
P002507,1934-08-05,Male,Paris,INS005
P002508,2001-01-03,Female,Strasbourg,INS001
P002509,1945-03-04,Female,Montpellier,INS003
P002510,1972-09-21,Male,Lille,INS004
P002511,2009-09-29,Female,Lyon,INS006
P002512,1990-04-29,Female,Marseille,INS003
P002513,1933-10-02,Female,Lyon,INS003
P002514,1996-06-16,Female,Nantes,INS007
P002515,1943-01-23,Male,Bordeaux,INS002
P002516,1990-09-11,Female,Lille,INS004
P002517,1980-04-18,Female,Nantes,INS003
P002518,1953-04-25,Male,Nantes,INS007
P002519,1964-04-24,Female,Paris,INS005
P002520,1939-07-19,Male,Toulouse,INS001
P002521,2009-12-05,Female,Strasbourg,INS002
P002522,1949-04-22,Male,Nice,INS008
P002523,1955-01-01,Female,Strasbourg,INS008
P002524,1970-09-25,Female,Montpellier,INS007
P002525,1984-06-17,Male,Paris,INS001
P002526,1970-12-05,Male,Marseille,INS006
P002527,1970-12-01,Male,Toulouse,INS006
P002528,1977-03-11,Male,Bordeaux,INS008
P002529,1999-06-22,Female,Nice,INS004
P002530,1962-01-01,Male,Nice,INS004
P002531,1997-05-26,Male,Nice,INS006
P002532,1993-09-26,Female,Lyon,INS002
P002533,2007-11-03,Female,Nantes,INS006
P002534,2003-12-18,Female,Nice,INS004
P002535,1994-08-26,Male,Nice,INS002
P002536,1949-12-26,Female,Bordeaux,INS007
P002537,1992-09-18,Female,Paris,INS003
P002538,1989-08-28,Male,Lyon,INS007
P002539,1953-06-13,Male,Nice,INS003
P002540,1984-11-30,Female,Strasbourg,INS004
P002541,1950-06-28,Male,Strasbourg,INS004
P002542,1972-05-15,Female,Toulouse,INS006
P002543,1994-07-15,Male,Bordeaux,INS002
P002544,1945-04-09,Female,Lyon,INS002
P002545,1957-04-17,Female,Bordeaux,INS002
P002546,1994-05-31,Male,Lyon,INS002
P002547,1966-10-03,Female,Nice,INS004
P002548,2007-10-23,Male,Nice,INS005
P002549,1930-08-24,Female,Paris,INS007
P002550,1988-06-19,Male,Montpellier,INS004
P002551,1995-12-13,Male,Nice,INS004
P002552,2004-05-05,Male,Lille,INS002
P002553,1942-09-12,Male,Toulouse,INS001
P002554,2009-09-19,Male,Paris,INS007
P002555,1961-10-10,Female,Montpellier,INS006
P002556,1958-07-08,Female,Lyon,INS005
P002557,1958-10-19,Male,Montpellier,INS004
P002558,1981-09-11,Male,Nantes,INS005
P002559,1983-05-27,Male,Montpellier,INS007
P002560,1968-05-21,Male,Lille,INS002
P002561,1935-10-03,Female,Strasbourg,INS004
P002562,2009-11-30,Male,Toulouse,INS002
P002563,1947-12-28,Male,Lille,INS001
P002564,1937-08-07,Male,Lille,INS006
P002565,1978-05-21,Male,Montpellier,INS006
P002566,1963-05-27,Male,Toulouse,INS007
P002567,1979-11-10,Male,Toulouse,INS001
P002568,2000-11-30,Female,Nantes,INS002
P002569,1937-11-19,Male,Bordeaux,INS005
P002570,1953-01-03,Female,Bordeaux,INS007
P002571,1971-11-04,Female,Lille,INS008
P002572,1993-10-23,Female,Lyon,INS007
P002573,1978-08-26,Female,Montpellier,INS008
P002574,1961-01-02,Female,Toulouse,INS007
P002575,1979-06-01,Male,Montpellier,INS003
P002576,2009-05-17,Male,Toulouse,INS005
P002577,1968-11-18,Male,Bordeaux,INS006
P002578,2001-07-25,Female,Bordeaux,INS003
P002579,1993-03-05,Female,Montpellier,INS008
P002580,1954-05-29,Male,Lyon,INS007
P002581,1950-03-18,Male,Bordeaux,INS005
P002582,1992-05-20,Male,Lyon,INS004
P002583,1946-10-22,Male,Strasbourg,INS007
P002584,1957-04-14,Male,Bordeaux,INS002
P002585,1949-01-24,Male,Montpellier,INS002
P002586,1979-02-11,Male,Marseille,INS004
P002587,1953-10-28,Male,Lyon,INS002
P002588,1983-05-03,Male,Nantes,INS004
P002589,2005-09-20,Female,Lyon,INS004
P002590,1997-03-12,Female,Lille,INS005
P002591,2006-10-13,Female,Lille,INS004
P002592,1931-12-25,Male,Marseille,INS008
P002593,1966-11-22,Male,Lyon,INS003
P002594,1947-11-01,Female,Nantes,INS004
P002595,2004-05-06,Male,Nice,INS006
P002596,1987-08-31,Female,Lille,INS003
P002597,1955-12-09,Female,Marseille,INS006
P002598,1975-08-24,Male,Lyon,INS008
P002599,1979-01-15,Female,Nantes,INS004
P002600,1970-02-21,Female,Strasbourg,INS002
P002601,1968-06-03,Female,Bordeaux,INS002
P002602,1934-06-22,Female,Toulouse,INS001
P002603,1966-08-25,Male,Nantes,INS003
P002604,1958-03-18,Male,Montpellier,INS007
P002605,1996-04-11,Male,Montpellier,INS003
P002606,2000-01-27,Male,Lyon,INS008
P002607,1990-10-13,Female,Toulouse,INS008
P002608,1932-07-02,Male,Strasbourg,INS006
P002609,1998-02-19,Female,Nantes,INS008
P002610,1962-02-10,Female,Strasbourg,INS004
P002611,1963-09-22,Male,Montpellier,INS008
P002612,2006-07-22,Female,Lyon,INS005
P002613,2000-04-01,Female,Nantes,INS001
P002614,1934-02-14,Female,Bordeaux,INS007
P002615,1959-02-23,Male,Marseille,INS008
P002616,1990-09-22,Female,Nantes,INS008
P002617,1973-08-24,Female,Lyon,INS004
P002618,1950-11-13,Male,Toulouse,INS001
P002619,1972-07-03,Female,Toulouse,INS005
P002620,2000-03-11,Male,Lille,INS007
P002621,1948-02-01,Female,Nantes,INS007
P002622,1990-06-06,Male,Montpellier,INS005
P002623,1989-07-07,Male,Montpellier,INS007
P002624,2001-09-27,Male,Nice,INS001
P002625,1954-02-18,Male,Lille,INS005
P002626,1947-06-28,Female,Montpellier,INS001
P002627,1974-05-11,Male,Montpellier,INS006
P002628,1973-01-12,Male,Strasbourg,INS001
P002629,1963-03-04,Male,Strasbourg,INS005
P002630,1993-02-12,Male,Strasbourg,INS008
P002631,1994-09-21,Male,Nice,INS001
P002632,1949-11-25,Male,Nice,INS004
P002633,1994-06-08,Female,Nantes,INS001
P002634,1948-09-09,Male,Nantes,INS006
P002635,1963-01-07,Male,Lille,INS008
P002636,1932-03-15,Male,Strasbourg,INS001
P002637,1957-07-28,Female,Nantes,INS005
P002638,2007-08-21,Male,Nantes,INS007
P002639,1965-11-05,Male,Nice,INS001
P002640,1987-07-06,Male,Paris,INS004
P002641,1938-09-28,Female,Montpellier,INS002
P002642,1981-06-24,Female,Bordeaux,INS008
P002643,1960-02-05,Female,Montpellier,INS005
P002644,1990-04-06,Female,Lyon,INS005
P002645,2005-03-02,Male,Marseille,INS008
P002646,1973-01-22,Female,Montpellier,INS007
P002647,1938-05-01,Male,Nantes,INS003
P002648,1968-07-25,Female,Nantes,INS006
P002649,1939-12-22,Female,Toulouse,INS003
P002650,1966-05-30,Male,Bordeaux,INS005
P002651,1934-12-14,Female,Bordeaux,INS007
P002652,1981-11-15,Female,Lyon,INS008
P002653,1955-02-23,Female,Bordeaux,INS008
P002654,1946-04-29,Male,Bordeaux,INS004
P002655,1931-05-27,Male,Lille,INS008
P002656,2001-12-06,Female,Lille,INS008
P002657,1997-10-23,Male,Nice,INS005
P002658,1995-10-01,Female,Nantes,INS001
P002659,1934-09-16,Male,Toulouse,INS001
P002660,1958-04-25,Female,Nantes,INS006
P002661,2008-09-04,Male,Marseille,INS007
P002662,1976-11-12,Male,Toulouse,INS008
P002663,1940-05-29,Female,Bordeaux,INS002
P002664,1941-06-04,Female,Marseille,INS008
P002665,1951-04-24,Female,Lyon,INS007
P002666,2008-10-03,Female,Bordeaux,INS004
P002667,1943-09-27,Female,Montpellier,INS003
P002668,2003-02-18,Female,Toulouse,INS004
P002669,1984-12-01,Male,Montpellier,INS006
P002670,2004-09-02,Female,Strasbourg,INS007
P002671,1996-11-26,Male,Nice,INS002
P002672,1956-11-26,Female,Strasbourg,INS003
P002673,1997-01-21,Male,Toulouse,INS001
P002674,1943-09-13,Female,Nice,INS008
P002675,1953-07-27,Male,Lyon,INS004
P002676,1947-02-26,Female,Lille,INS003
P002677,1940-10-14,Female,Bordeaux,INS002
P002678,1937-04-16,Male,Paris,INS001
P002679,1945-03-07,Male,Nice,INS004
P002680,1939-09-24,Male,Montpellier,INS007
P002681,1960-10-24,Female,Lyon,INS003
P002682,1935-10-11,Female,Montpellier,INS004
P002683,1934-12-18,Male,Paris,INS006
P002684,2010-03-04,Male,Lyon,INS003
P002685,1937-02-07,Male,Nice,INS006
P002686,1935-12-31,Female,Nantes,INS003
P002687,1932-06-09,Female,Montpellier,INS004
P002688,1940-09-26,Male,Toulouse,INS008
P002689,1972-10-04,Male,Bordeaux,INS007
P002690,1997-01-02,Female,Lyon,INS005
P002691,1989-07-11,Male,Nantes,INS004
P002692,1976-12-30,Male,Montpellier,INS008
P002693,1936-11-20,Female,Bordeaux,INS004
P002694,1992-09-22,Female,Montpellier,INS003
P002695,1933-01-07,Male,Lille,INS005
P002696,1981-02-06,Female,Montpellier,INS004
P002697,1963-02-26,Male,Bordeaux,INS008
P002698,2001-06-15,Male,Lyon,INS002
P002699,1954-11-29,Female,Lille,INS001
P002700,1981-09-18,Male,Toulouse,INS004
P002701,1965-08-21,Female,Paris,INS008
P002702,1972-04-16,Female,Strasbourg,INS001
P002703,2006-01-15,Male,Marseille,INS007
P002704,1987-09-24,Male,Nantes,INS001
P002705,1963-07-31,Female,Montpellier,INS005
P002706,1966-03-28,Male,Toulouse,INS004
P002707,1987-01-26,Male,Nantes,INS002
P002708,1958-01-11,Male,Bordeaux,INS006
P002709,1943-08-06,Male,Nice,INS002
P002710,1967-11-18,Female,Paris,INS004
P002711,1935-07-12,Female,Lille,INS005
P002712,1943-09-30,Male,Nantes,INS005
P002713,1964-01-29,Female,Paris,INS001
P002714,1994-07-09,Male,Strasbourg,INS004
P002715,1993-04-17,Female,Nantes,INS006
P002716,1951-02-12,Female,Paris,INS005
P002717,1964-03-05,Female,Paris,INS006
P002718,1942-06-09,Female,Lyon,INS007
P002719,1991-03-05,Female,Nantes,INS002
P002720,1949-12-15,Male,Bordeaux,INS007
P002721,1994-10-05,Male,Toulouse,INS008
P002722,1998-03-16,Female,Bordeaux,INS007
P002723,1985-10-24,Female,Toulouse,INS007
P002724,1956-09-29,Male,Lille,INS002
P002725,2007-03-08,Female,Paris,INS006
P002726,1985-07-27,Female,Paris,INS004
P002727,1982-04-24,Male,Nantes,INS008
P002728,1999-05-15,Male,Nice,INS007
P002729,2001-05-25,Male,Marseille,INS002
P002730,1936-04-18,Male,Marseille,INS008
P002731,2001-05-27,Male,Toulouse,INS006
P002732,1991-12-19,Male,Nantes,INS005
P002733,1946-09-23,Female,Bordeaux,INS004
P002734,1954-12-02,Female,Bordeaux,INS004
P002735,1990-12-18,Female,Paris,INS007
P002736,1947-07-19,Female,Toulouse,INS007
P002737,1966-08-24,Male,Nice,INS005
P002738,1985-10-19,Female,Bordeaux,INS008
P002739,1982-09-09,Female,Strasbourg,INS002
P002740,2003-09-10,Female,Nantes,INS004
P002741,1939-01-13,Male,Strasbourg,INS005
P002742,1953-11-23,Male,Bordeaux,INS002
P002743,2009-10-09,Male,Bordeaux,INS004
P002744,1976-01-28,Female,Bordeaux,INS007
P002745,1950-02-22,Female,Marseille,INS006
P002746,1953-06-23,Male,Toulouse,INS006
P002747,1957-06-23,Male,Lyon,INS002
P002748,1974-11-23,Male,Toulouse,INS002
P002749,1953-01-17,Male,Lyon,INS004
P002750,1980-05-15,Female,Toulouse,INS003
P002751,1966-01-24,Male,Montpellier,INS001
P002752,1979-06-09,Male,Toulouse,INS005
P002753,1942-07-26,Male,Nice,INS007
P002754,1980-07-03,Male,Toulouse,INS006
P002755,2004-11-25,Female,Montpellier,INS001
P002756,1940-12-10,Female,Marseille,INS007
P002757,1956-07-10,Male,Strasbourg,INS004
P002758,1986-03-05,Female,Nice,INS002
P002759,1980-01-04,Female,Strasbourg,INS004
P002760,1984-08-26,Female,Lyon,INS002
P002761,1975-04-29,Male,Strasbourg,INS006
P002762,1985-04-15,Female,Montpellier,INS006
P002763,1979-05-12,Female,Marseille,INS006
P002764,1936-01-01,Male,Nantes,INS001
P002765,1990-11-07,Male,Bordeaux,INS003
P002766,1966-03-12,Male,Paris,INS004
P002767,1934-03-03,Male,Bordeaux,INS008
P002768,1963-02-17,Female,Nantes,INS005
P002769,1965-04-01,Male,Marseille,INS006
P002770,1937-01-09,Male,Lille,INS003
P002771,2010-09-06,Female,Bordeaux,INS003
P002772,1948-01-05,Male,Montpellier,INS007
P002773,1956-10-13,Female,Paris,INS007
P002774,1965-09-19,Female,Montpellier,INS001
P002775,1997-06-06,Female,Strasbourg,INS005
P002776,1990-03-05,Female,Strasbourg,INS007
P002777,1992-06-12,Male,Paris,INS002
P002778,1949-03-15,Female,Bordeaux,INS006
P002779,1998-06-24,Male,Lille,INS004
P002780,1997-03-17,Female,Montpellier,INS005
P002781,1967-07-28,Female,Nice,INS005
P002782,1974-03-17,Female,Nantes,INS007
P002783,1933-01-03,Female,Paris,INS001
P002784,1991-08-05,Male,Strasbourg,INS002
P002785,2007-10-31,Male,Toulouse,INS003
P002786,1968-04-11,Female,Lyon,INS007
P002787,1973-10-12,Male,Strasbourg,INS005
P002788,1970-06-08,Male,Montpellier,INS002
P002789,1936-09-10,Male,Toulouse,INS001
P002790,1980-03-12,Female,Nantes,INS008
P002791,1988-06-08,Female,Nantes,INS002
P002792,2005-03-01,Male,Lille,INS001
P002793,2005-04-23,Male,Nice,INS004
P002794,1969-11-01,Female,Montpellier,INS005
P002795,2007-09-04,Male,Montpellier,INS003
P002796,1972-10-26,Female,Nantes,INS002
P002797,1982-01-02,Male,Lille,INS001
P002798,1978-10-05,Female,Montpellier,INS004
P002799,2010-11-22,Male,Montpellier,INS008
P002800,1989-09-26,Female,Paris,INS002
P002801,1939-09-21,Female,Lille,INS005
P002802,1935-10-27,Male,Bordeaux,INS002
P002803,1963-03-14,Female,Bordeaux,INS006
P002804,1971-10-09,Male,Nice,INS001
P002805,1984-02-27,Male,Bordeaux,INS002
P002806,1969-01-03,Female,Paris,INS001
P002807,1971-09-08,Female,Lyon,INS006
P002808,2004-08-27,Male,Nice,INS006
P002809,1957-02-15,Male,Nantes,INS002
P002810,1969-12-21,Male,Nantes,INS004
P002811,1975-02-23,Female,Toulouse,INS003
P002812,1967-12-07,Male,Marseille,INS001
P002813,2008-05-31,Male,Lille,INS001
P002814,2007-12-08,Male,Nantes,INS008
P002815,1971-07-25,Female,Bordeaux,INS006
P002816,1966-06-30,Female,Lyon,INS006
P002817,1977-09-15,Male,Lille,INS003
P002818,1944-08-26,Male,Strasbourg,INS003
P002819,1964-07-03,Female,Bordeaux,INS007
P002820,1947-07-28,Male,Strasbourg,INS004
P002821,1941-09-01,Female,Bordeaux,INS001
P002822,1937-09-17,Female,Toulouse,INS004
P002823,1977-07-20,Female,Montpellier,INS005
P002824,1930-01-17,Female,Bordeaux,INS005
P002825,1982-05-04,Female,Lyon,INS005
P002826,1964-12-26,Female,Toulouse,INS007
P002827,1959-09-08,Female,Nantes,INS002
P002828,1992-04-22,Male,Lille,INS005
P002829,1973-08-21,Male,Toulouse,INS008
P002830,1989-05-29,Male,Strasbourg,INS008
P002831,1987-06-20,Female,Toulouse,INS008
P002832,1932-08-09,Male,Lille,INS006
P002833,1947-06-16,Female,Lyon,INS001
P002834,1976-03-02,Male,Toulouse,INS008
P002835,2009-01-06,Male,Nice,INS001
P002836,1942-07-01,Female,Marseille,INS005
P002837,1938-07-20,Female,Toulouse,INS004
P002838,2006-03-23,Male,Nantes,INS006
P002839,2008-04-22,Male,Montpellier,INS007
P002840,1943-07-23,Male,Strasbourg,INS006
P002841,1962-07-16,Male,Marseille,INS002
P002842,1980-10-03,Male,Lyon,INS007
P002843,1945-10-24,Female,Nantes,INS007
P002844,1956-06-04,Male,Marseille,INS001
P002845,1962-01-07,Female,Lille,INS006
P002846,1981-12-18,Female,Lyon,INS002
P002847,1954-12-14,Female,Nice,INS005
P002848,1963-05-24,Male,Lyon,INS002
P002849,1953-06-16,Male,Lille,INS003
P002850,1991-07-13,Female,Toulouse,INS003
P002851,1942-05-25,Female,Paris,INS007
P002852,1948-09-07,Female,Nice,INS008
P002853,1950-04-01,Male,Nantes,INS007
P002854,2003-05-14,Male,Bordeaux,INS006
P002855,2006-07-02,Female,Lyon,INS003
P002856,1970-07-08,Female,Paris,INS002
P002857,1942-09-01,Male,Paris,INS005
P002858,1991-03-30,Female,Nantes,INS004
P002859,1969-11-10,Female,Nice,INS003
P002860,1998-10-29,Female,Nice,INS002
P002861,1959-02-28,Female,Strasbourg,INS002
P002862,2010-11-26,Female,Lille,INS007
P002863,1995-05-14,Male,Paris,INS003
P002864,1948-02-21,Female,Marseille,INS008
P002865,1988-10-07,Female,Nice,INS006
P002866,1953-03-28,Male,Nice,INS002
P002867,1958-05-02,Male,Bordeaux,INS001
P002868,1950-04-14,Female,Paris,INS004
P002869,1985-04-04,Female,Nice,INS001
P002870,1951-04-17,Male,Strasbourg,INS008
P002871,1981-09-28,Female,Marseille,INS008
P002872,1977-03-06,Male,Strasbourg,INS006
P002873,1990-10-24,Female,Nantes,INS003
P002874,2010-06-22,Female,Strasbourg,INS007
P002875,1930-09-18,Female,Nantes,INS006
P002876,2010-03-18,Male,Paris,INS003
P002877,1938-11-10,Female,Nantes,INS008
P002878,1972-09-01,Female,Lyon,INS002
P002879,1957-08-11,Female,Marseille,INS005
P002880,1981-10-04,Male,Strasbourg,INS006
P002881,1988-06-16,Female,Montpellier,INS008
P002882,1999-08-28,Male,Toulouse,INS002
P002883,1962-07-24,Male,Marseille,INS003
P002884,2005-07-25,Female,Lille,INS007
P002885,1956-02-12,Male,Marseille,INS004
P002886,1946-07-07,Male,Bordeaux,INS007
P002887,1960-09-16,Female,Toulouse,INS007
P002888,1972-10-23,Female,Paris,INS003
P002889,1984-02-13,Female,Nantes,INS003
P002890,1997-06-16,Female,Nantes,INS004
P002891,1948-03-19,Male,Nantes,INS001
P002892,1954-07-23,Male,Montpellier,INS007
P002893,2006-01-11,Male,Nice,INS001
P002894,1965-08-16,Female,Nantes,INS008
P002895,1949-07-26,Female,Marseille,INS007
P002896,2009-10-31,Female,Toulouse,INS003
P002897,1966-05-14,Male,Toulouse,INS001
P002898,2009-10-14,Female,Montpellier,INS007
P002899,2004-06-18,Male,Toulouse,INS004
P002900,2003-05-24,Male,Nantes,INS002
P002901,1977-02-16,Female,Bordeaux,INS004
P002902,1994-09-03,Male,Paris,INS008
P002903,2007-10-21,Male,Montpellier,INS006
P002904,1951-10-19,Male,Nantes,INS006
P002905,1933-01-21,Female,Marseille,INS005
P002906,1955-12-28,Female,Paris,INS002
P002907,1981-08-03,Male,Montpellier,INS008
P002908,1974-04-30,Female,Lille,INS006
P002909,1936-07-12,Male,Paris,INS005
P002910,1975-06-04,Female,Nantes,INS006
P002911,1944-02-16,Male,Paris,INS003
P002912,1970-12-11,Male,Marseille,INS006
P002913,1976-08-18,Female,Strasbourg,INS008
P002914,1981-07-27,Female,Paris,INS003
P002915,1963-06-02,Male,Nice,INS001
P002916,1963-01-27,Female,Nantes,INS006
P002917,1984-12-17,Male,Lille,INS007
P002918,1990-09-06,Male,Marseille,INS007
P002919,1995-06-05,Female,Toulouse,INS008
P002920,1957-01-06,Male,Bordeaux,INS003
P002921,1964-05-07,Female,Strasbourg,INS008
P002922,1956-10-13,Male,Marseille,INS002
P002923,1972-09-23,Female,Bordeaux,INS005
P002924,1940-04-21,Female,Nantes,INS008
P002925,1964-11-01,Female,Paris,INS008
P002926,1945-04-14,Male,Strasbourg,INS005
P002927,1973-02-14,Male,Montpellier,INS005
P002928,1998-11-21,Male,Paris,INS004
P002929,2009-10-24,Female,Marseille,INS007
P002930,1966-02-23,Male,Nice,INS008
P002931,1934-07-25,Male,Strasbourg,INS002
P002932,1948-06-16,Male,Lyon,INS002
P002933,1938-06-28,Female,Montpellier,INS007
P002934,1991-07-04,Male,Lille,INS007
P002935,2009-10-03,Female,Marseille,INS001
P002936,1974-11-14,Female,Lille,INS004
P002937,1944-04-28,Male,Nantes,INS005
P002938,1931-09-18,Female,Marseille,INS001
P002939,2009-01-22,Female,Bordeaux,INS006
P002940,1955-08-17,Male,Paris,INS008
P002941,1939-01-27,Male,Lyon,INS002
P002942,1944-05-03,Female,Nice,INS007
P002943,1950-09-04,Male,Lille,INS001
P002944,1983-02-15,Female,Nice,INS002
P002945,2002-03-26,Female,Nice,INS005
P002946,1952-04-11,Female,Montpellier,INS008
P002947,1985-08-31,Male,Lyon,INS008
P002948,1935-04-06,Female,Montpellier,INS008
P002949,1930-10-26,Female,Strasbourg,INS008
P002950,1934-06-14,Male,Toulouse,INS007
P002951,2004-10-08,Male,Lyon,INS003
P002952,1977-02-12,Male,Lyon,INS002
P002953,1995-03-21,Male,Bordeaux,INS007
P002954,1931-10-05,Female,Paris,INS002
P002955,1931-10-20,Female,Paris,INS005
P002956,1998-10-01,Female,Bordeaux,INS007
P002957,1938-04-24,Male,Bordeaux,INS001
P002958,1942-08-03,Female,Strasbourg,INS008
P002959,1972-01-13,Female,Montpellier,INS003
P002960,1979-02-17,Female,Marseille,INS002
P002961,1948-07-16,Female,Lille,INS003
P002962,1966-01-07,Male,Lyon,INS004
P002963,1984-08-30,Male,Marseille,INS004
P002964,1965-11-14,Female,Toulouse,INS002
P002965,1960-12-29,Male,Montpellier,INS002
P002966,1935-10-26,Male,Strasbourg,INS004
P002967,1966-08-08,Female,Montpellier,INS002
P002968,1995-01-08,Female,Toulouse,INS006
P002969,1980-10-07,Male,Nantes,INS008
P002970,2002-05-03,Female,Nice,INS001
P002971,1940-03-21,Male,Marseille,INS001
P002972,1930-11-22,Male,Toulouse,INS006
P002973,1974-05-26,Male,Bordeaux,INS001
P002974,1944-06-19,Male,Lille,INS006
P002975,1978-02-10,Male,Toulouse,INS004
P002976,2003-03-20,Female,Toulouse,INS004
P002977,1957-04-22,Female,Paris,INS005
P002978,1974-07-05,Male,Nice,INS008
P002979,1985-03-20,Male,Montpellier,INS002
P002980,1942-02-25,Male,Nice,INS002
P002981,2002-09-07,Male,Montpellier,INS006
P002982,1946-06-05,Female,Toulouse,INS001
P002983,1995-06-20,Male,Paris,INS004
P002984,1983-06-17,Male,Marseille,INS004
P002985,1941-06-02,Male,Strasbourg,INS004
P002986,1988-09-15,Male,Lyon,INS005
P002987,1945-11-30,Female,Bordeaux,INS001
P002988,1978-07-21,Male,Paris,INS003
P002989,2007-09-25,Female,Lille,INS001
P002990,2007-03-15,Female,Lyon,INS008
P002991,2000-07-26,Male,Lyon,INS007
P002992,1970-01-07,Male,Lyon,INS003
P002993,1975-04-28,Male,Bordeaux,INS001
P002994,1954-04-28,Female,Nantes,INS003
P002995,2004-08-05,Female,Marseille,INS008
P002996,1968-08-27,Female,Strasbourg,INS007
P002997,1992-07-01,Male,Lille,INS006
P002998,1959-02-18,Male,Nice,INS008
P002999,1989-12-21,Male,Bordeaux,INS002
P003000,1948-03-06,Female,Nice,INS005
P003001,1989-06-08,Male,Montpellier,INS007
P003002,1933-09-21,Male,Montpellier,INS001
P003003,1938-06-28,Female,Bordeaux,INS004
P003004,1958-07-12,Male,Montpellier,INS003
P003005,1969-01-16,Male,Nice,INS002
P003006,1987-08-16,Female,Marseille,INS002
P003007,1959-01-31,Female,Montpellier,INS008
P003008,1931-06-30,Male,Lyon,INS005
P003009,1956-05-10,Male,Toulouse,INS001
P003010,1965-07-28,Male,Lyon,INS006
P003011,1974-01-15,Male,Nice,INS005
P003012,1982-03-01,Female,Strasbourg,INS004
P003013,1950-01-22,Male,Strasbourg,INS004
P003014,1979-06-11,Male,Lyon,INS005
P003015,1981-02-26,Female,Marseille,INS008
P003016,1992-11-27,Male,Lille,INS007
P003017,1972-04-14,Female,Lyon,INS004
P003018,1995-08-26,Female,Bordeaux,INS002
P003019,1947-12-13,Female,Paris,INS001
P003020,1987-08-25,Male,Nantes,INS002
P003021,1933-09-18,Female,Bordeaux,INS002
P003022,1938-04-30,Female,Bordeaux,INS007
P003023,2000-01-15,Male,Montpellier,INS005
P003024,1968-06-23,Female,Nice,INS001
P003025,1980-04-15,Male,Marseille,INS008
P003026,1978-11-16,Male,Bordeaux,INS002
P003027,1986-04-13,Female,Strasbourg,INS006
P003028,1949-11-21,Female,Strasbourg,INS001
P003029,1944-06-09,Male,Nantes,INS005
P003030,1933-06-12,Female,Paris,INS005
P003031,2000-01-17,Female,Toulouse,INS008
P003032,1948-02-10,Male,Strasbourg,INS005
P003033,1976-08-02,Male,Paris,INS004
P003034,1966-11-05,Male,Bordeaux,INS005
P003035,1943-02-25,Male,Bordeaux,INS006
P003036,1963-07-12,Male,Marseille,INS004
P003037,1936-09-27,Male,Lille,INS006
P003038,1944-04-23,Male,Montpellier,INS005
P003039,1941-04-25,Male,Bordeaux,INS008
P003040,1996-10-10,Male,Montpellier,INS002
P003041,1975-12-17,Female,Toulouse,INS006
P003042,2004-12-23,Female,Strasbourg,INS007
P003043,1965-04-25,Female,Nantes,INS006
P003044,1946-04-23,Male,Montpellier,INS008
P003045,1979-04-18,Female,Lille,INS004
P003046,2005-04-17,Female,Lille,INS005
P003047,1973-02-20,Male,Paris,INS002
P003048,1931-06-13,Female,Marseille,INS003
P003049,1954-08-05,Female,Lyon,INS002
P003050,2004-12-02,Female,Lyon,INS007
P003051,1971-12-26,Female,Lille,INS007
P003052,2007-02-07,Male,Strasbourg,INS002
P003053,1971-04-02,Female,Lille,INS007
P003054,1930-12-23,Female,Strasbourg,INS003
P003055,2000-09-18,Male,Strasbourg,INS006
P003056,1991-10-21,Female,Montpellier,INS008
P003057,1987-12-07,Female,Bordeaux,INS007
P003058,2008-08-01,Male,Strasbourg,INS002
P003059,1945-11-22,Male,Toulouse,INS002
P003060,2003-05-18,Male,Nantes,INS001
P003061,1948-11-03,Male,Strasbourg,INS007
P003062,2008-08-16,Male,Lyon,INS005
P003063,1945-07-04,Female,Paris,INS002
P003064,1974-07-29,Male,Lyon,INS005
P003065,1993-12-07,Male,Nice,INS005
P003066,1936-05-01,Female,Toulouse,INS005
P003067,1935-05-28,Male,Marseille,INS006
P003068,1998-10-31,Female,Nice,INS002
P003069,1934-11-23,Male,Paris,INS004
P003070,1979-09-20,Male,Lyon,INS006
P003071,2005-12-29,Male,Toulouse,INS008
P003072,1979-10-17,Female,Montpellier,INS002
P003073,1968-12-16,Male,Nice,INS005
P003074,1963-10-19,Male,Nantes,INS008
P003075,1981-09-09,Female,Nice,INS005
P003076,1976-04-26,Female,Lille,INS002
P003077,1970-08-23,Male,Toulouse,INS005
P003078,1942-06-10,Female,Strasbourg,INS001
P003079,1983-09-04,Male,Nice,INS004
P003080,1989-12-02,Male,Bordeaux,INS005
P003081,1987-06-01,Female,Paris,INS001
P003082,1936-01-29,Male,Nice,INS002
P003083,1986-12-07,Female,Lille,INS008
P003084,1989-02-09,Male,Lille,INS006
P003085,1944-11-09,Male,Nantes,INS004
P003086,1998-10-07,Female,Lille,INS002
P003087,1972-06-06,Male,Bordeaux,INS001
P003088,1968-04-08,Female,Paris,INS004
P003089,1988-07-16,Male,Lyon,INS005
P003090,1971-04-18,Female,Bordeaux,INS002
P003091,1974-02-14,Male,Montpellier,INS007
P003092,1955-04-16,Male,Nice,INS004
P003093,2005-02-26,Female,Toulouse,INS001
P003094,2008-07-10,Male,Montpellier,INS002
P003095,1940-07-25,Female,Marseille,INS007
P003096,1989-05-19,Male,Strasbourg,INS003
P003097,1931-11-22,Female,Toulouse,INS003
P003098,1959-11-21,Male,Paris,INS002
P003099,2008-07-26,Female,Paris,INS007
P003100,1944-02-28,Female,Montpellier,INS007
P003101,1960-07-15,Male,Nantes,INS002
P003102,1947-10-15,Male,Lyon,INS006
P003103,1988-12-25,Male,Montpellier,INS004
P003104,1967-07-30,Male,Paris,INS002
P003105,1978-01-15,Female,Lille,INS007
P003106,2006-05-06,Male,Nice,INS001
P003107,1972-03-15,Female,Paris,INS007
P003108,1989-06-18,Female,Montpellier,INS001
P003109,1937-12-06,Male,Nantes,INS003
P003110,1947-06-08,Male,Montpellier,INS002
P003111,2006-09-10,Female,Strasbourg,INS002
P003112,1999-08-16,Female,Strasbourg,INS004
P003113,1983-03-11,Male,Marseille,INS007
P003114,1960-08-19,Female,Marseille,INS004
P003115,1946-03-08,Female,Marseille,INS005
P003116,1998-12-27,Female,Lyon,INS008
P003117,1993-08-10,Female,Nantes,INS004
P003118,1949-07-30,Female,Paris,INS007
P003119,1977-10-10,Male,Toulouse,INS004
P003120,1980-02-10,Female,Bordeaux,INS001
P003121,1968-09-03,Female,Bordeaux,INS003
P003122,2005-01-21,Male,Toulouse,INS002
P003123,1940-01-20,Male,Marseille,INS008
P003124,1950-11-21,Male,Lyon,INS001
P003125,1937-09-12,Male,Montpellier,INS007
P003126,1986-02-15,Male,Toulouse,INS002
P003127,1982-03-01,Male,Bordeaux,INS002
P003128,2009-12-20,Male,Bordeaux,INS005
P003129,1973-12-04,Male,Lille,INS001
P003130,1942-03-14,Male,Nice,INS001
P003131,1966-07-09,Female,Lille,INS007
P003132,1937-02-28,Male,Toulouse,INS001
P003133,1984-05-05,Male,Strasbourg,INS005
P003134,1984-08-10,Female,Lille,INS001
P003135,1999-06-20,Male,Nantes,INS001
P003136,1957-07-08,Female,Nantes,INS006
P003137,1955-02-13,Female,Paris,INS004
P003138,1935-10-09,Male,Nantes,INS001
P003139,1963-08-17,Female,Strasbourg,INS006
P003140,1968-07-01,Female,Marseille,INS008
P003141,1991-02-10,Female,Montpellier,INS005
P003142,1991-01-20,Male,Paris,INS004
P003143,1941-05-12,Female,Lyon,INS007
P003144,1953-02-04,Male,Montpellier,INS003
P003145,1971-06-06,Male,Strasbourg,INS005
P003146,1957-02-20,Male,Nice,INS004
P003147,1932-01-26,Male,Nantes,INS006
P003148,1998-07-02,Male,Marseille,INS005
P003149,1989-03-25,Female,Toulouse,INS004
P003150,1972-02-15,Male,Bordeaux,INS004
P003151,1955-09-19,Male,Paris,INS003
P003152,1998-04-05,Female,Bordeaux,INS004
P003153,1932-11-09,Female,Paris,INS001
P003154,1966-02-26,Male,Lyon,INS003
P003155,1994-11-16,Female,Lyon,INS001
P003156,2007-03-10,Male,Lyon,INS003
P003157,1950-05-13,Female,Paris,INS003
P003158,1982-09-18,Male,Montpellier,INS001
P003159,1945-05-13,Female,Strasbourg,INS003
P003160,1939-05-22,Male,Bordeaux,INS006
P003161,1958-08-05,Female,Lille,INS008
P003162,2001-09-09,Female,Lyon,INS005
P003163,1985-11-05,Female,Montpellier,INS006
P003164,1969-08-18,Female,Nice,INS006
P003165,1952-11-27,Male,Nice,INS008
P003166,1941-06-22,Male,Toulouse,INS008
P003167,1951-12-07,Female,Paris,INS001
P003168,1942-05-15,Male,Nantes,INS004
P003169,1945-02-25,Female,Toulouse,INS008
P003170,1985-09-09,Female,Marseille,INS008
P003171,1940-09-30,Male,Lille,INS005
P003172,1933-11-02,Male,Paris,INS004
P003173,1973-12-05,Male,Strasbourg,INS001
P003174,1953-03-19,Female,Lyon,INS004
P003175,1966-10-31,Female,Strasbourg,INS005
P003176,1941-04-28,Male,Montpellier,INS006
P003177,1947-01-03,Female,Paris,INS005
P003178,1965-09-22,Female,Nantes,INS002
P003179,1985-11-21,Male,Paris,INS008
P003180,1963-07-25,Male,Strasbourg,INS002
P003181,1973-11-17,Female,Bordeaux,INS004
P003182,1972-04-09,Female,Paris,INS005
P003183,1951-10-11,Male,Nice,INS003
P003184,1952-08-25,Female,Nice,INS001
P003185,1964-06-25,Female,Montpellier,INS005
P003186,1932-08-05,Female,Toulouse,INS002
P003187,1985-07-07,Male,Montpellier,INS008
P003188,1979-10-06,Male,Nantes,INS007
P003189,1954-10-18,Female,Bordeaux,INS004
P003190,1960-04-09,Female,Lille,INS004
P003191,1956-08-16,Male,Marseille,INS008
P003192,1982-10-04,Male,Nantes,INS001
P003193,1991-07-15,Male,Nice,INS004
P003194,1938-10-20,Female,Paris,INS001
P003195,1963-06-24,Male,Toulouse,INS002
P003196,1931-02-12,Male,Paris,INS008
P003197,1966-08-19,Male,Lille,INS001
P003198,1950-02-10,Female,Nice,INS008
P003199,1957-03-14,Male,Nantes,INS007
P003200,1966-12-24,Female,Lyon,INS006
P003201,1956-03-22,Female,Nice,INS006
P003202,1961-12-02,Female,Paris,INS002
P003203,1991-12-11,Male,Paris,INS001
P003204,1995-08-19,Female,Montpellier,INS003
P003205,1930-06-23,Male,Paris,INS007
P003206,1960-08-08,Female,Marseille,INS003
P003207,1998-08-06,Female,Lyon,INS002
P003208,1972-12-18,Female,Bordeaux,INS007
P003209,1946-08-18,Male,Bordeaux,INS006
P003210,1978-01-27,Female,Strasbourg,INS005
P003211,1941-09-27,Female,Montpellier,INS004
P003212,1931-10-08,Female,Nice,INS007
P003213,1981-03-23,Female,Toulouse,INS006
P003214,1971-09-22,Male,Paris,INS003
P003215,1991-04-11,Female,Montpellier,INS002
P003216,1957-12-06,Female,Bordeaux,INS007
P003217,1999-03-13,Male,Marseille,INS002
P003218,1964-02-15,Female,Bordeaux,INS004
P003219,1989-10-11,Female,Lille,INS008
P003220,1938-02-14,Female,Lille,INS004
P003221,1937-11-14,Female,Toulouse,INS007
P003222,1993-05-28,Male,Nice,INS004
P003223,1997-07-20,Female,Lyon,INS006
P003224,2006-05-02,Female,Montpellier,INS005
P003225,1956-04-17,Male,Paris,INS003
P003226,1931-10-21,Female,Lyon,INS008
P003227,2009-05-15,Male,Nantes,INS004
P003228,1978-09-17,Male,Lyon,INS004
P003229,1950-01-06,Female,Nice,INS006
P003230,1991-11-14,Female,Nice,INS008
P003231,2003-03-19,Female,Toulouse,INS007
P003232,1953-01-25,Female,Toulouse,INS004
P003233,1992-05-04,Female,Montpellier,INS002
P003234,1993-10-16,Male,Nice,INS003
P003235,1970-08-20,Female,Nantes,INS003
P003236,1981-03-21,Female,Lyon,INS003
P003237,1951-10-31,Female,Bordeaux,INS004
P003238,2005-04-05,Male,Paris,INS001
P003239,2009-08-18,Male,Marseille,INS005
P003240,2009-06-17,Female,Nantes,INS007
P003241,1989-09-15,Male,Toulouse,INS004
P003242,1933-06-06,Female,Montpellier,INS001
P003243,1959-09-07,Male,Montpellier,INS004
P003244,1966-01-15,Male,Paris,INS003
P003245,2007-09-29,Male,Strasbourg,INS005
P003246,1974-04-22,Female,Strasbourg,INS003
P003247,1973-06-06,Female,Lyon,INS003
P003248,1941-11-20,Male,Lille,INS006
P003249,1994-04-16,Female,Montpellier,INS002
P003250,1957-03-28,Female,Paris,INS008
P003251,1937-06-10,Male,Paris,INS003
P003252,2009-12-30,Male,Bordeaux,INS007
P003253,1945-05-25,Male,Montpellier,INS001
P003254,1931-04-26,Male,Marseille,INS003
P003255,1936-04-21,Male,Nice,INS004
P003256,1966-08-26,Female,Nantes,INS004
P003257,1938-05-03,Male,Lyon,INS001
P003258,1998-04-03,Male,Marseille,INS002
P003259,1971-07-05,Male,Nantes,INS008
P003260,1956-03-27,Female,Toulouse,INS008
P003261,1930-04-04,Female,Marseille,INS004
P003262,1968-11-11,Male,Marseille,INS001
P003263,1942-04-04,Female,Bordeaux,INS003
P003264,2009-03-21,Female,Strasbourg,INS008
P003265,1953-07-30,Male,Toulouse,INS008
P003266,1968-06-18,Female,Montpellier,INS007
P003267,1931-07-05,Female,Nantes,INS007
P003268,1940-08-09,Female,Toulouse,INS006
P003269,1946-10-22,Female,Nice,INS005
P003270,1934-03-11,Male,Toulouse,INS007
P003271,1988-10-20,Female,Nice,INS006
P003272,2006-07-30,Female,Montpellier,INS003
P003273,2009-10-23,Female,Nice,INS006
P003274,1951-07-13,Female,Lyon,INS003
P003275,1993-11-20,Female,Paris,INS006
P003276,1970-10-30,Female,Strasbourg,INS004
P003277,1933-09-18,Male,Strasbourg,INS004
P003278,1937-05-07,Female,Bordeaux,INS002
P003279,1974-05-15,Female,Marseille,INS008
P003280,1964-04-25,Female,Strasbourg,INS006
P003281,1930-09-05,Female,Toulouse,INS001
P003282,2005-05-03,Female,Marseille,INS004
P003283,1989-02-26,Female,Lille,INS004
P003284,1970-09-11,Female,Marseille,INS008
P003285,2009-12-11,Female,Marseille,INS007
P003286,2008-08-29,Male,Lille,INS008
P003287,2008-11-20,Female,Nantes,INS004
P003288,1950-12-19,Male,Paris,INS002
P003289,2001-05-08,Male,Lille,INS006
P003290,1970-11-13,Female,Lyon,INS002
P003291,1988-10-22,Female,Nantes,INS006
P003292,1999-08-15,Female,Montpellier,INS004
P003293,1943-03-25,Female,Nice,INS003
P003294,1966-04-23,Male,Marseille,INS001
P003295,1940-06-10,Female,Bordeaux,INS007
P003296,1952-08-21,Male,Paris,INS006
P003297,1963-06-30,Female,Toulouse,INS003
P003298,1999-04-17,Male,Marseille,INS006
P003299,1999-11-16,Male,Bordeaux,INS008
P003300,1961-07-31,Female,Toulouse,INS006
P003301,1956-08-30,Male,Nantes,INS008
P003302,1972-12-26,Male,Bordeaux,INS004
P003303,2003-11-10,Female,Montpellier,INS004
P003304,2009-02-04,Female,Paris,INS007
P003305,1948-05-14,Female,Montpellier,INS006
P003306,1945-02-07,Female,Nice,INS005
P003307,1987-04-01,Male,Nice,INS006
P003308,1954-05-31,Female,Strasbourg,INS008
P003309,1946-03-07,Female,Paris,INS006
P003310,1932-07-08,Male,Marseille,INS007
P003311,1962-08-29,Female,Paris,INS001
P003312,1961-09-27,Male,Nice,INS006
P003313,1975-08-10,Female,Lille,INS003
P003314,1946-03-20,Male,Lille,INS001
P003315,1987-11-11,Male,Nantes,INS003
P003316,1985-01-30,Female,Toulouse,INS007
P003317,1967-06-14,Male,Nantes,INS007
P003318,1944-09-08,Female,Montpellier,INS003
P003319,1971-01-23,Male,Lille,INS002
P003320,1984-08-28,Male,Strasbourg,INS004
P003321,1960-03-10,Female,Bordeaux,INS003
P003322,1951-05-05,Male,Lille,INS004
P003323,1971-01-10,Male,Montpellier,INS007
P003324,1958-10-09,Male,Toulouse,INS003
P003325,1962-06-10,Male,Lyon,INS002
P003326,1958-04-04,Male,Marseille,INS001
P003327,1954-07-31,Female,Strasbourg,INS006
P003328,1988-01-21,Male,Bordeaux,INS002
P003329,1967-04-12,Male,Bordeaux,INS002
P003330,1967-10-15,Female,Nantes,INS007
P003331,1982-11-24,Female,Lyon,INS001
P003332,1959-04-07,Female,Paris,INS006
P003333,1938-03-08,Female,Toulouse,INS001
P003334,1999-01-22,Female,Montpellier,INS008
P003335,1934-07-06,Female,Lyon,INS006
P003336,1976-04-29,Male,Nice,INS007
P003337,1951-07-14,Female,Montpellier,INS006
P003338,1947-04-27,Female,Paris,INS004
P003339,1933-05-26,Male,Lyon,INS008
P003340,2002-11-27,Female,Strasbourg,INS007
P003341,1964-10-06,Female,Lyon,INS001
P003342,1957-10-02,Male,Nice,INS005
P003343,1990-01-14,Male,Nice,INS005
P003344,1933-02-27,Male,Lille,INS003
P003345,1975-09-23,Female,Marseille,INS004
P003346,1970-01-23,Female,Bordeaux,INS008
P003347,1974-10-29,Male,Bordeaux,INS001
P003348,1940-01-15,Male,Strasbourg,INS008
P003349,2007-02-25,Male,Bordeaux,INS006
P003350,1949-04-25,Male,Montpellier,INS001
P003351,1984-12-14,Female,Marseille,INS003
P003352,1990-07-07,Female,Marseille,INS007
P003353,1957-11-11,Male,Marseille,INS006
P003354,1940-08-04,Male,Nantes,INS001
P003355,1954-01-11,Female,Paris,INS002
P003356,1995-05-12,Male,Strasbourg,INS008
P003357,2003-06-04,Female,Nice,INS002
P003358,2005-11-20,Male,Montpellier,INS005
P003359,1948-05-01,Female,Montpellier,INS008
P003360,1979-02-16,Male,Paris,INS002
P003361,1942-03-27,Female,Nice,INS001
P003362,1987-07-16,Male,Bordeaux,INS007
P003363,1963-09-08,Male,Nice,INS008
P003364,1987-10-19,Female,Strasbourg,INS005
P003365,1985-06-29,Male,Bordeaux,INS002
P003366,2010-06-01,Male,Paris,INS001
P003367,1969-07-31,Male,Strasbourg,INS008
P003368,1957-08-31,Female,Toulouse,INS007
P003369,1972-08-31,Male,Toulouse,INS008
P003370,1943-03-11,Male,Bordeaux,INS007
P003371,1939-01-20,Male,Montpellier,INS004
P003372,1972-01-20,Female,Bordeaux,INS004
P003373,1996-11-08,Male,Marseille,INS004
P003374,1973-03-11,Female,Nice,INS006
P003375,1993-05-02,Female,Nantes,INS001
P003376,1944-05-30,Female,Paris,INS001
P003377,1966-05-26,Female,Bordeaux,INS008
P003378,1979-08-30,Female,Nice,INS003
P003379,1958-02-28,Female,Strasbourg,INS001
P003380,1931-02-22,Male,Marseille,INS006
P003381,1935-12-13,Male,Bordeaux,INS004
P003382,2005-02-20,Female,Strasbourg,INS002
P003383,1979-01-06,Male,Bordeaux,INS004
P003384,1951-06-07,Male,Toulouse,INS004
P003385,1950-12-18,Male,Lyon,INS005
P003386,1933-03-16,Male,Paris,INS008
P003387,2006-07-11,Male,Nantes,INS008
P003388,1938-10-08,Male,Montpellier,INS007
P003389,1991-07-07,Male,Nantes,INS004
P003390,1949-06-17,Male,Nice,INS005
P003391,1957-03-09,Female,Nantes,INS002
P003392,1952-03-09,Male,Lille,INS005
P003393,1996-10-13,Male,Bordeaux,INS006
P003394,1932-08-28,Male,Marseille,INS008
P003395,1958-07-15,Male,Marseille,INS001
P003396,1952-08-17,Female,Bordeaux,INS007
P003397,1952-02-10,Female,Nantes,INS005
P003398,1945-08-17,Male,Montpellier,INS001
P003399,2003-11-27,Male,Marseille,INS008
P003400,1960-09-01,Male,Marseille,INS004
P003401,1963-11-16,Male,Lyon,INS004
P003402,1961-03-13,Male,Montpellier,INS002
P003403,2009-05-24,Male,Nice,INS001
P003404,1957-06-17,Female,Lille,INS001
P003405,1957-09-04,Male,Montpellier,INS003
P003406,1956-07-24,Female,Nice,INS003
P003407,1956-06-25,Male,Toulouse,INS004
P003408,1937-04-08,Female,Lille,INS005
P003409,1978-12-11,Male,Bordeaux,INS008
P003410,1932-01-16,Female,Paris,INS007
P003411,1948-04-20,Female,Lyon,INS004
P003412,1946-05-16,Male,Montpellier,INS008
P003413,1953-08-11,Male,Marseille,INS005
P003414,1991-04-15,Female,Lyon,INS004
P003415,1978-07-23,Male,Strasbourg,INS002
P003416,2010-04-03,Female,Montpellier,INS004
P003417,1958-06-12,Female,Strasbourg,INS001
P003418,2005-03-17,Female,Lyon,INS002
P003419,1933-08-21,Male,Strasbourg,INS008
P003420,1970-11-03,Male,Marseille,INS002
P003421,1994-09-15,Male,Paris,INS005
P003422,1973-01-28,Male,Montpellier,INS001
P003423,2005-08-06,Male,Marseille,INS005
P003424,1955-06-25,Male,Nantes,INS008
P003425,1932-09-13,Male,Paris,INS004
P003426,1992-09-08,Female,Lyon,INS002
P003427,1935-07-05,Female,Strasbourg,INS001
P003428,1991-12-11,Female,Bordeaux,INS007
P003429,1989-05-28,Male,Montpellier,INS001
P003430,1998-05-20,Male,Lyon,INS003
P003431,1968-10-16,Female,Strasbourg,INS007
P003432,2002-07-14,Male,Strasbourg,INS005
P003433,1943-10-04,Male,Montpellier,INS007
P003434,1965-03-07,Female,Paris,INS007
P003435,1939-11-14,Female,Lyon,INS006
P003436,1992-02-12,Female,Bordeaux,INS008
P003437,1987-11-09,Female,Lyon,INS001
P003438,1995-04-26,Male,Paris,INS002
P003439,1991-11-29,Male,Strasbourg,INS003
P003440,1954-12-26,Female,Nantes,INS008
P003441,1935-07-07,Female,Strasbourg,INS005
P003442,2005-04-07,Female,Montpellier,INS003
P003443,1969-12-01,Female,Lyon,INS002
P003444,1937-08-22,Female,Strasbourg,INS007
P003445,2005-02-02,Male,Paris,INS007
P003446,2010-07-14,Male,Lille,INS001
P003447,1966-01-31,Male,Marseille,INS003
P003448,1992-05-17,Female,Marseille,INS005
P003449,1932-12-09,Male,Nice,INS002
P003450,1937-07-22,Female,Lyon,INS006
P003451,1952-05-26,Female,Strasbourg,INS007
P003452,1983-02-25,Male,Strasbourg,INS007
P003453,1940-10-22,Male,Nantes,INS007
P003454,1932-10-08,Female,Paris,INS007
P003455,1984-03-02,Female,Bordeaux,INS003
P003456,1992-05-20,Male,Nantes,INS003
P003457,1989-11-15,Male,Lille,INS003
P003458,1994-09-26,Male,Lille,INS007
P003459,1995-01-11,Female,Toulouse,INS006
P003460,1978-10-17,Female,Montpellier,INS003
P003461,1972-01-27,Female,Paris,INS006
P003462,1999-05-28,Female,Bordeaux,INS002
P003463,1958-03-11,Male,Lille,INS003
P003464,1937-12-05,Male,Bordeaux,INS001
P003465,1990-11-28,Female,Paris,INS008
P003466,1952-05-07,Male,Montpellier,INS002
P003467,2009-04-14,Male,Toulouse,INS007
P003468,1963-07-20,Male,Montpellier,INS001
P003469,1998-12-29,Female,Lyon,INS001
P003470,1933-06-10,Female,Bordeaux,INS006
P003471,1983-05-25,Female,Nantes,INS001
P003472,1966-04-22,Female,Nice,INS002
P003473,1967-06-21,Female,Paris,INS003
P003474,1951-06-26,Female,Nantes,INS005
P003475,2008-08-30,Female,Lyon,INS001
P003476,1961-10-23,Female,Toulouse,INS002
P003477,1998-11-20,Male,Paris,INS003
P003478,1964-06-07,Male,Paris,INS006
P003479,1933-11-29,Female,Nice,INS001
P003480,2001-03-25,Male,Nice,INS003
P003481,1944-12-29,Female,Strasbourg,INS002
P003482,1951-11-24,Female,Nice,INS003
P003483,1999-09-30,Male,Bordeaux,INS003
P003484,2002-05-23,Female,Lyon,INS006
P003485,2004-04-03,Female,Nice,INS001
P003486,1964-07-02,Female,Marseille,INS008
P003487,1991-04-25,Female,Lyon,INS002
P003488,1956-07-20,Male,Nice,INS008
P003489,1989-12-20,Female,Bordeaux,INS006
P003490,1970-09-14,Female,Lyon,INS003
P003491,1934-03-18,Female,Bordeaux,INS003
P003492,1963-11-02,Male,Nantes,INS008
P003493,1967-11-20,Female,Toulouse,INS008
P003494,1950-11-06,Male,Nice,INS005
P003495,1960-05-01,Male,Bordeaux,INS001
P003496,1970-09-19,Female,Lille,INS008
P003497,1934-01-10,Male,Marseille,INS004
P003498,1942-04-18,Female,Marseille,INS001
P003499,1992-02-09,Female,Strasbourg,INS007
P003500,1958-07-04,Female,Lille,INS001
P003501,1979-04-12,Female,Nice,INS003
P003502,1975-10-30,Male,Lille,INS001
P003503,1974-08-25,Male,Bordeaux,INS004
P003504,1963-06-27,Female,Nantes,INS007
P003505,1969-02-23,Female,Toulouse,INS002
P003506,1996-09-25,Male,Nice,INS002
P003507,2008-03-02,Female,Montpellier,INS008
P003508,1950-10-17,Female,Strasbourg,INS002
P003509,1984-03-23,Male,Montpellier,INS001
P003510,2008-07-19,Male,Paris,INS005
P003511,1930-08-13,Male,Nice,INS003
P003512,1993-07-24,Female,Nice,INS008
P003513,1970-03-29,Female,Toulouse,INS002
P003514,2008-05-16,Female,Lille,INS005
P003515,1976-11-02,Male,Paris,INS008
P003516,1997-11-20,Female,Strasbourg,INS006
P003517,1943-06-13,Female,Strasbourg,INS001
P003518,1941-07-06,Female,Paris,INS002
P003519,2005-01-18,Male,Bordeaux,INS002
P003520,1972-08-22,Male,Bordeaux,INS008
P003521,1975-03-24,Male,Lyon,INS002
P003522,1943-10-08,Female,Bordeaux,INS001
P003523,1948-05-13,Male,Strasbourg,INS004
P003524,1996-04-10,Female,Lille,INS003
P003525,1954-07-27,Female,Nice,INS002
P003526,1977-04-25,Female,Montpellier,INS004
P003527,1955-08-22,Female,Toulouse,INS008
P003528,1951-05-04,Female,Lyon,INS002
P003529,1943-06-13,Male,Marseille,INS008
P003530,2005-04-18,Female,Lyon,INS006
P003531,2006-02-21,Female,Lille,INS004
P003532,1939-05-01,Male,Nantes,INS006
P003533,1958-08-12,Male,Marseille,INS003
P003534,1975-09-03,Female,Bordeaux,INS002
P003535,1961-01-17,Male,Montpellier,INS002
P003536,1988-05-27,Female,Marseille,INS001
P003537,1951-01-29,Female,Strasbourg,INS006
P003538,1934-10-07,Male,Lille,INS001
P003539,1957-04-16,Male,Nantes,INS002
P003540,1978-06-04,Female,Lyon,INS001
P003541,1944-08-19,Female,Marseille,INS001
P003542,1996-02-01,Female,Strasbourg,INS008
P003543,1930-12-29,Female,Bordeaux,INS001
P003544,1935-06-21,Male,Bordeaux,INS005
P003545,1971-03-20,Male,Bordeaux,INS003
P003546,1971-06-29,Male,Marseille,INS002
P003547,1953-11-19,Female,Montpellier,INS003
P003548,1950-12-11,Male,Lille,INS001
P003549,1935-08-28,Female,Paris,INS003
P003550,1983-09-11,Female,Montpellier,INS007
P003551,1960-09-13,Female,Paris,INS005
P003552,1939-08-12,Female,Strasbourg,INS007
P003553,1962-05-21,Male,Marseille,INS006
P003554,2005-11-24,Male,Paris,INS008
P003555,1951-02-28,Male,Marseille,INS001
P003556,2002-06-21,Male,Nantes,INS002
P003557,1950-12-16,Male,Bordeaux,INS004
P003558,1945-01-23,Male,Lyon,INS005
P003559,1951-02-10,Male,Lille,INS007
P003560,1956-03-08,Male,Marseille,INS001
P003561,1939-10-09,Male,Nantes,INS001
P003562,1977-08-06,Female,Strasbourg,INS007
P003563,1957-01-03,Male,Marseille,INS005
P003564,1988-02-29,Female,Strasbourg,INS004
P003565,1969-10-08,Female,Toulouse,INS002
P003566,1965-11-08,Male,Paris,INS006
P003567,1968-02-24,Female,Lille,INS007
P003568,1942-08-29,Female,Strasbourg,INS001
P003569,1987-09-28,Female,Strasbourg,INS001
P003570,1938-06-09,Female,Nice,INS007
P003571,1988-06-10,Male,Lille,INS008
P003572,2010-12-24,Male,Nice,INS002
P003573,1991-11-19,Female,Nice,INS006
P003574,1966-11-19,Male,Nice,INS007
P003575,1955-06-22,Male,Bordeaux,INS001
P003576,2000-09-02,Male,Bordeaux,INS002
P003577,1950-10-31,Female,Montpellier,INS002
P003578,1969-01-26,Female,Montpellier,INS007
P003579,1992-06-09,Female,Bordeaux,INS007
P003580,2004-09-16,Female,Marseille,INS002
P003581,2004-08-05,Male,Toulouse,INS002
P003582,1937-02-09,Female,Bordeaux,INS006
P003583,2002-10-04,Male,Nantes,INS008
P003584,1939-03-28,Male,Lille,INS007
P003585,1977-05-05,Female,Paris,INS002
P003586,2005-04-19,Female,Strasbourg,INS004
P003587,1983-01-14,Male,Montpellier,INS001
P003588,2006-09-29,Male,Paris,INS002
P003589,1957-11-21,Female,Lille,INS005
P003590,1955-06-29,Male,Toulouse,INS003
P003591,1956-06-03,Male,Nice,INS005
P003592,1958-10-08,Male,Nice,INS003
P003593,1985-04-22,Female,Lille,INS005
P003594,1966-08-25,Male,Lille,INS006
P003595,1989-09-24,Male,Toulouse,INS002
P003596,1963-09-16,Female,Marseille,INS001
P003597,1954-12-04,Male,Toulouse,INS003
P003598,1945-05-24,Male,Marseille,INS001
P003599,1974-08-20,Female,Paris,INS002
P003600,2002-10-07,Male,Nice,INS003
P003601,1999-07-29,Male,Nice,INS003
P003602,1950-07-08,Male,Marseille,INS003
P003603,1968-09-08,Male,Toulouse,INS001
P003604,1987-02-15,Female,Toulouse,INS002
P003605,1979-08-09,Female,Paris,INS008
P003606,1935-06-10,Female,Bordeaux,INS006
P003607,1977-11-15,Male,Toulouse,INS004
P003608,1933-02-20,Female,Montpellier,INS001
P003609,1939-06-09,Male,Lille,INS003
P003610,1982-12-13,Female,Nice,INS008
P003611,1938-04-22,Female,Lille,INS007
P003612,1957-06-17,Male,Lyon,INS007
P003613,1977-08-30,Male,Lille,INS002
P003614,1983-02-03,Female,Strasbourg,INS004
P003615,1966-02-07,Female,Marseille,INS001
P003616,1937-08-13,Female,Strasbourg,INS007
P003617,1994-09-22,Female,Nantes,INS001
P003618,2006-12-08,Female,Nice,INS005
P003619,2001-12-25,Male,Nice,INS003
P003620,1990-08-18,Female,Bordeaux,INS005
P003621,1962-07-31,Female,Nantes,INS007
P003622,2000-12-22,Female,Paris,INS003
P003623,1969-07-17,Female,Nantes,INS001
P003624,1941-01-20,Male,Nice,INS006
P003625,1998-11-22,Female,Lyon,INS005
P003626,1955-12-07,Female,Bordeaux,INS002
P003627,2006-01-12,Male,Bordeaux,INS001
P003628,1959-11-02,Male,Lille,INS005
P003629,2000-06-02,Male,Paris,INS005
P003630,1973-07-05,Male,Paris,INS001
P003631,1967-11-10,Male,Marseille,INS005
P003632,1954-01-17,Male,Marseille,INS004
P003633,1997-09-09,Male,Marseille,INS002
P003634,1934-11-29,Female,Nantes,INS005
P003635,1967-12-24,Male,Toulouse,INS006
P003636,1959-11-17,Male,Lyon,INS002
P003637,1974-01-05,Male,Paris,INS006
P003638,1950-08-14,Female,Nantes,INS002
P003639,1983-10-31,Male,Montpellier,INS005
P003640,1961-04-05,Female,Strasbourg,INS007
P003641,1945-03-28,Male,Nice,INS008
P003642,1945-12-14,Female,Lille,INS003
P003643,1986-06-01,Male,Nice,INS003
P003644,1951-03-19,Male,Paris,INS001
P003645,1954-11-20,Female,Lyon,INS008
P003646,1980-10-12,Female,Lyon,INS003
P003647,1956-09-17,Female,Lyon,INS007
P003648,1961-06-10,Male,Lille,INS008
P003649,1949-10-20,Male,Paris,INS004
P003650,1957-12-22,Male,Strasbourg,INS006
P003651,1986-02-11,Female,Nice,INS004
P003652,1973-03-31,Male,Nantes,INS005
P003653,2010-10-19,Male,Lyon,INS002
P003654,1992-07-08,Female,Strasbourg,INS007
P003655,1931-05-13,Female,Paris,INS001
P003656,1960-09-08,Female,Montpellier,INS006
P003657,1953-06-23,Female,Nice,INS008
P003658,1977-08-03,Female,Marseille,INS007
P003659,1951-07-09,Female,Lyon,INS007
P003660,2008-04-05,Female,Nantes,INS006
P003661,1954-04-01,Female,Strasbourg,INS008
P003662,1972-04-12,Female,Toulouse,INS007
P003663,1939-12-16,Male,Paris,INS003
P003664,2003-09-10,Male,Toulouse,INS005
P003665,2003-11-10,Female,Toulouse,INS004
P003666,1994-04-15,Male,Lille,INS003
P003667,1958-06-25,Male,Montpellier,INS007
P003668,1934-10-04,Female,Lille,INS001
P003669,1987-08-03,Female,Marseille,INS002
P003670,1964-10-03,Female,Nantes,INS001
P003671,2010-03-21,Male,Nantes,INS002
P003672,1986-07-25,Female,Nantes,INS005
P003673,1973-08-17,Female,Bordeaux,INS008
P003674,2009-12-02,Male,Lille,INS008
P003675,1994-11-02,Male,Marseille,INS008
P003676,1967-02-16,Female,Lyon,INS007
P003677,1931-07-12,Male,Lyon,INS004
P003678,1937-07-07,Female,Bordeaux,INS007
P003679,1965-12-09,Male,Toulouse,INS003
P003680,1975-07-10,Male,Nice,INS006
P003681,1932-06-11,Male,Strasbourg,INS001
P003682,1940-04-02,Female,Bordeaux,INS008
P003683,1987-01-17,Female,Lyon,INS008
P003684,1990-11-14,Male,Paris,INS006
P003685,1932-05-31,Female,Marseille,INS002
P003686,1971-02-14,Male,Marseille,INS003
P003687,1936-07-23,Female,Paris,INS006
P003688,1988-08-05,Female,Nice,INS004
P003689,1997-07-23,Female,Lille,INS005
P003690,2000-06-01,Female,Nice,INS004
P003691,1978-06-14,Male,Marseille,INS007
P003692,1980-12-10,Female,Paris,INS002
P003693,2005-01-19,Male,Lyon,INS004
P003694,1979-08-10,Male,Toulouse,INS002
P003695,1966-02-23,Male,Toulouse,INS006
P003696,1991-02-13,Male,Toulouse,INS003
P003697,1977-11-09,Male,Montpellier,INS003
P003698,1998-03-28,Male,Nantes,INS002
P003699,1972-07-01,Female,Nice,INS007
P003700,2000-05-23,Male,Lyon,INS002
P003701,1933-08-20,Male,Toulouse,INS007
P003702,1932-12-13,Female,Nantes,INS008
P003703,1938-01-08,Male,Bordeaux,INS008
P003704,1975-01-19,Female,Montpellier,INS003
P003705,1987-06-05,Male,Toulouse,INS006
P003706,1947-07-09,Female,Lille,INS007
P003707,1942-08-13,Male,Montpellier,INS001
P003708,1999-09-08,Female,Lille,INS001
P003709,1990-10-16,Male,Bordeaux,INS002
P003710,1982-07-09,Female,Paris,INS008
P003711,1969-07-22,Male,Lyon,INS001
P003712,1964-01-14,Female,Paris,INS007
P003713,1931-08-31,Male,Toulouse,INS007
P003714,1945-03-27,Female,Montpellier,INS008
P003715,2002-08-27,Female,Paris,INS005
P003716,1957-06-17,Female,Montpellier,INS005
P003717,1987-01-25,Male,Strasbourg,INS006
P003718,1987-01-02,Female,Paris,INS006
P003719,1955-01-23,Male,Paris,INS007
P003720,1946-07-21,Female,Montpellier,INS003
P003721,1986-01-09,Male,Bordeaux,INS008
P003722,1937-07-31,Female,Lyon,INS004
P003723,1970-01-29,Female,Montpellier,INS002
P003724,2001-12-05,Female,Bordeaux,INS007
P003725,1987-08-13,Female,Nantes,INS005
P003726,1991-11-25,Female,Nantes,INS001
P003727,1936-09-29,Female,Marseille,INS002
P003728,1946-03-08,Male,Lille,INS001
P003729,1952-04-13,Male,Lyon,INS005
P003730,1953-09-04,Female,Bordeaux,INS007
P003731,1945-09-20,Male,Montpellier,INS003
P003732,2008-09-25,Female,Nantes,INS001
P003733,1943-05-13,Female,Nantes,INS007
P003734,1987-05-12,Female,Lyon,INS006
P003735,1977-07-11,Female,Bordeaux,INS005
P003736,1979-06-14,Female,Montpellier,INS002
P003737,1947-05-22,Male,Paris,INS006
P003738,1954-12-01,Male,Marseille,INS003
P003739,1979-02-15,Male,Nice,INS002
P003740,1954-03-25,Female,Paris,INS003
P003741,1986-03-22,Female,Marseille,INS001
P003742,1933-03-15,Male,Montpellier,INS004
P003743,1935-11-25,Female,Paris,INS007
P003744,1989-01-02,Female,Toulouse,INS007
P003745,1979-12-16,Female,Lille,INS006
P003746,1933-07-01,Female,Lille,INS008
P003747,2002-10-27,Male,Marseille,INS008
P003748,1930-05-24,Female,Marseille,INS002
P003749,2007-05-26,Female,Nice,INS004
P003750,1989-02-01,Male,Paris,INS003
P003751,2010-01-14,Male,Lyon,INS006
P003752,2006-11-09,Female,Marseille,INS007
P003753,1955-05-13,Female,Strasbourg,INS008
P003754,1991-04-11,Male,Lille,INS001
P003755,1947-01-31,Female,Paris,INS005
P003756,1968-03-15,Female,Bordeaux,INS001
P003757,1949-06-13,Female,Nantes,INS003
P003758,1969-05-15,Female,Toulouse,INS004
P003759,2000-08-28,Male,Paris,INS005
P003760,1965-04-29,Male,Strasbourg,INS007
P003761,1937-06-26,Male,Strasbourg,INS008
P003762,1956-04-18,Male,Montpellier,INS003
P003763,1993-09-15,Male,Montpellier,INS005
P003764,1972-04-04,Male,Lille,INS001
P003765,1975-05-17,Male,Toulouse,INS001
P003766,1964-12-03,Female,Montpellier,INS008
P003767,1953-09-18,Female,Toulouse,INS008
P003768,1978-06-14,Male,Strasbourg,INS008
P003769,1981-04-12,Female,Nantes,INS003
P003770,2002-09-29,Female,Montpellier,INS006
P003771,1980-01-15,Female,Paris,INS002
P003772,2010-08-05,Male,Nice,INS006
P003773,1996-12-13,Female,Strasbourg,INS004
P003774,1936-05-18,Female,Lyon,INS008
P003775,1961-10-07,Female,Nice,INS003
P003776,1961-02-27,Female,Lyon,INS006
P003777,1930-03-31,Male,Montpellier,INS006
P003778,1944-08-21,Female,Montpellier,INS007
P003779,1991-09-26,Female,Paris,INS001
P003780,1958-07-10,Female,Bordeaux,INS004
P003781,1941-12-23,Male,Lille,INS004
P003782,1953-04-14,Male,Strasbourg,INS002
P003783,1952-04-01,Female,Lille,INS007
P003784,1944-02-20,Female,Nice,INS007
P003785,1938-03-13,Male,Lyon,INS001
P003786,1991-11-21,Male,Marseille,INS006
P003787,1996-10-13,Female,Montpellier,INS007
P003788,1970-03-14,Female,Lille,INS003
P003789,1979-11-07,Female,Nice,INS006
P003790,2004-06-15,Female,Montpellier,INS005
P003791,1998-04-03,Male,Montpellier,INS001
P003792,1932-08-22,Male,Paris,INS007
P003793,2007-03-10,Male,Marseille,INS007
P003794,1935-06-05,Male,Nice,INS003
P003795,1932-02-26,Female,Montpellier,INS003
P003796,1962-08-31,Male,Montpellier,INS007
P003797,1990-05-31,Female,Nice,INS007
P003798,1936-07-02,Female,Lyon,INS001
P003799,1953-09-24,Male,Nice,INS003
P003800,1951-04-13,Female,Marseille,INS005
P003801,1962-03-10,Male,Strasbourg,INS002
P003802,2009-11-12,Male,Bordeaux,INS008
P003803,1956-11-04,Male,Lyon,INS002
P003804,1946-12-04,Male,Strasbourg,INS007
P003805,1939-11-28,Female,Montpellier,INS001
P003806,1946-01-18,Female,Bordeaux,INS008
P003807,1940-10-13,Male,Strasbourg,INS001
P003808,1976-06-18,Male,Paris,INS006
P003809,1964-01-23,Male,Marseille,INS003
P003810,1970-05-03,Female,Lyon,INS004
P003811,1997-05-27,Female,Marseille,INS001
P003812,1977-01-05,Female,Lille,INS006
P003813,1942-07-27,Male,Toulouse,INS005
P003814,1960-07-07,Male,Lille,INS003
P003815,1955-04-27,Male,Bordeaux,INS004
P003816,1996-12-18,Female,Marseille,INS005
P003817,1954-11-13,Female,Lille,INS006
P003818,1941-03-23,Female,Strasbourg,INS005
P003819,1989-08-12,Female,Bordeaux,INS001
P003820,1964-09-12,Female,Paris,INS005
P003821,1937-10-07,Male,Lille,INS003
P003822,1985-11-13,Female,Strasbourg,INS004
P003823,1947-01-19,Female,Lyon,INS003
P003824,2000-04-28,Male,Montpellier,INS003
P003825,1997-06-05,Male,Marseille,INS002
P003826,1959-12-08,Female,Nantes,INS003
P003827,1975-01-01,Female,Toulouse,INS006
P003828,1975-12-27,Male,Nantes,INS002
P003829,1982-12-04,Male,Nice,INS007
P003830,1935-08-08,Male,Lyon,INS004
P003831,1956-04-24,Female,Lille,INS005
P003832,1943-10-18,Male,Bordeaux,INS001
P003833,1986-06-30,Male,Marseille,INS002
P003834,1935-08-08,Female,Lille,INS008
P003835,1971-11-15,Female,Strasbourg,INS007
P003836,1988-12-15,Male,Marseille,INS001
P003837,2006-10-25,Female,Lyon,INS008
P003838,1953-05-01,Male,Bordeaux,INS007
P003839,1930-08-24,Male,Paris,INS002
P003840,1988-08-15,Female,Paris,INS002
P003841,1930-02-15,Male,Strasbourg,INS002
P003842,1935-05-19,Female,Marseille,INS007
P003843,2010-03-24,Male,Lyon,INS007
P003844,1999-11-12,Male,Nantes,INS006
P003845,1987-04-23,Male,Toulouse,INS003
P003846,1997-09-04,Female,Toulouse,INS008
P003847,1936-02-08,Male,Toulouse,INS007
P003848,1937-03-15,Male,Lyon,INS007
P003849,1954-05-14,Male,Strasbourg,INS003
P003850,1931-12-04,Male,Paris,INS006
P003851,2001-12-13,Female,Toulouse,INS006
P003852,1934-07-24,Male,Marseille,INS002
P003853,1974-01-24,Female,Nantes,INS005
P003854,1999-02-21,Female,Bordeaux,INS005
P003855,1989-07-13,Male,Lille,INS005
P003856,1949-01-04,Male,Bordeaux,INS003
P003857,1968-02-05,Male,Marseille,INS006
P003858,1974-05-30,Female,Lyon,INS008
P003859,1992-03-14,Female,Montpellier,INS005
P003860,1964-07-11,Female,Nantes,INS007
P003861,1953-02-01,Female,Nantes,INS007
P003862,1994-06-08,Male,Montpellier,INS003
P003863,2001-10-20,Male,Montpellier,INS006
P003864,1969-08-07,Female,Bordeaux,INS006
P003865,1932-04-08,Female,Nice,INS008
P003866,1970-07-21,Female,Bordeaux,INS003
P003867,2002-01-11,Male,Marseille,INS002
P003868,2010-02-11,Male,Nantes,INS006
P003869,1962-06-26,Female,Montpellier,INS006
P003870,1942-02-28,Female,Strasbourg,INS005
P003871,1976-05-05,Female,Bordeaux,INS006
P003872,1997-04-14,Female,Montpellier,INS005
P003873,2006-07-18,Male,Lyon,INS001
P003874,1934-03-11,Male,Paris,INS008
P003875,1953-07-14,Female,Toulouse,INS003
P003876,1968-09-08,Male,Marseille,INS002
P003877,1937-12-16,Female,Montpellier,INS007
P003878,2001-10-16,Female,Lyon,INS007
P003879,1939-02-01,Male,Bordeaux,INS005
P003880,1983-11-18,Female,Nice,INS006
P003881,2004-05-28,Female,Lyon,INS001
P003882,1985-07-02,Male,Paris,INS003
P003883,1991-10-26,Male,Bordeaux,INS002
P003884,1951-04-30,Female,Montpellier,INS004
P003885,1997-01-08,Male,Paris,INS003
P003886,1963-11-27,Female,Paris,INS001
P003887,1934-12-20,Male,Montpellier,INS006
P003888,1959-09-10,Female,Nantes,INS005
P003889,1958-05-03,Male,Nice,INS004
P003890,1972-03-27,Female,Marseille,INS008
P003891,1951-06-14,Male,Lille,INS003
P003892,1967-06-10,Male,Toulouse,INS001
P003893,1964-08-31,Female,Marseille,INS007
P003894,1956-06-23,Male,Toulouse,INS002
P003895,1986-05-24,Female,Montpellier,INS001
P003896,1954-09-29,Male,Nice,INS004
P003897,1992-01-10,Female,Strasbourg,INS005
P003898,1950-04-27,Female,Toulouse,INS003
P003899,2000-01-20,Male,Nice,INS007
P003900,1959-07-27,Female,Toulouse,INS003
P003901,1933-04-18,Male,Nantes,INS008
P003902,1942-02-22,Male,Nice,INS006
P003903,1995-04-22,Female,Strasbourg,INS002
P003904,2000-08-21,Female,Montpellier,INS004
P003905,1947-03-04,Male,Lyon,INS001
P003906,1978-10-09,Male,Nice,INS007
P003907,1976-07-09,Female,Nice,INS006
P003908,1940-11-01,Female,Nice,INS004
P003909,1966-08-11,Male,Paris,INS006
P003910,1986-03-15,Male,Toulouse,INS005
P003911,2008-05-02,Male,Montpellier,INS005
P003912,1998-08-29,Female,Montpellier,INS004
P003913,1937-12-04,Male,Marseille,INS003
P003914,1949-03-29,Male,Toulouse,INS003
P003915,1965-05-16,Female,Strasbourg,INS007
P003916,1942-03-14,Female,Montpellier,INS004
P003917,1976-03-23,Female,Lille,INS004
P003918,1930-09-12,Male,Strasbourg,INS006
P003919,1939-03-13,Female,Strasbourg,INS005
P003920,1933-10-29,Male,Lyon,INS008
P003921,1953-12-07,Male,Paris,INS002
P003922,1991-09-28,Female,Paris,INS001
P003923,1944-05-11,Male,Lyon,INS004
P003924,2009-12-16,Male,Nice,INS005
P003925,1951-11-01,Female,Lille,INS007
P003926,1933-08-20,Male,Nantes,INS006
P003927,1957-03-05,Female,Paris,INS008
P003928,1990-08-04,Female,Nantes,INS001
P003929,1938-08-22,Male,Nice,INS005
P003930,1935-10-27,Male,Montpellier,INS007
P003931,1998-10-17,Female,Lille,INS005
P003932,1977-12-17,Male,Bordeaux,INS003
P003933,1957-10-20,Male,Toulouse,INS007
P003934,1991-03-29,Male,Lille,INS007
P003935,1998-05-22,Female,Nantes,INS003
P003936,1959-02-04,Female,Bordeaux,INS005
P003937,1975-06-15,Female,Strasbourg,INS007
P003938,1930-11-20,Male,Paris,INS002
P003939,1954-10-18,Female,Marseille,INS001
P003940,1978-03-18,Male,Bordeaux,INS006
P003941,1945-12-19,Female,Bordeaux,INS007
P003942,2010-04-15,Male,Montpellier,INS002
P003943,2008-08-29,Male,Nantes,INS005
P003944,1950-11-13,Male,Paris,INS006
P003945,1962-02-08,Male,Toulouse,INS008
P003946,1945-05-07,Male,Strasbourg,INS007
P003947,1970-10-26,Female,Strasbourg,INS002
P003948,1940-01-15,Male,Strasbourg,INS005
P003949,1961-08-31,Male,Toulouse,INS006
P003950,1974-12-22,Male,Lyon,INS003
P003951,1979-07-23,Female,Marseille,INS002
P003952,1978-04-24,Male,Strasbourg,INS004
P003953,1947-12-08,Female,Lille,INS006
P003954,1994-03-04,Female,Nice,INS005
P003955,1986-01-11,Female,Paris,INS005
P003956,1990-12-30,Female,Toulouse,INS006
P003957,1967-11-23,Female,Montpellier,INS008
P003958,2002-04-17,Female,Marseille,INS006
P003959,1961-07-30,Male,Paris,INS002
P003960,1995-04-07,Female,Marseille,INS004
P003961,1946-06-27,Female,Paris,INS002
P003962,1950-01-11,Male,Nantes,INS007
P003963,1972-08-31,Male,Lyon,INS008
P003964,1975-01-10,Female,Marseille,INS007
P003965,1990-06-11,Female,Bordeaux,INS002
P003966,1954-02-02,Male,Lille,INS006
P003967,2000-09-06,Male,Nantes,INS001
P003968,1956-09-17,Male,Montpellier,INS003
P003969,1973-04-08,Female,Montpellier,INS003
P003970,2005-06-26,Male,Nice,INS004
P003971,1973-09-09,Male,Montpellier,INS003
P003972,1985-03-26,Male,Nice,INS004
P003973,2003-08-06,Male,Paris,INS001
P003974,2008-12-09,Male,Montpellier,INS007
P003975,1970-06-14,Male,Bordeaux,INS004
P003976,1963-10-08,Male,Paris,INS007
P003977,1945-12-14,Male,Nantes,INS001
P003978,1973-07-13,Male,Marseille,INS007
P003979,2004-05-20,Female,Bordeaux,INS006
P003980,1969-06-15,Male,Nantes,INS002
P003981,1958-03-24,Male,Paris,INS007
P003982,1938-09-09,Female,Toulouse,INS006
P003983,1961-07-26,Female,Paris,INS006
P003984,1949-03-04,Male,Lyon,INS007
P003985,2009-02-10,Male,Marseille,INS008
P003986,1972-09-26,Female,Nice,INS002
P003987,1941-02-04,Female,Toulouse,INS003
P003988,1935-06-17,Female,Paris,INS001
P003989,1998-11-28,Male,Nice,INS001
P003990,2005-06-12,Male,Bordeaux,INS001
P003991,1991-10-20,Male,Lyon,INS006
P003992,1940-01-12,Female,Bordeaux,INS005
P003993,1937-12-17,Male,Marseille,INS001
P003994,1946-01-14,Male,Nantes,INS004
P003995,1990-11-03,Male,Montpellier,INS001
P003996,1991-12-28,Female,Lille,INS002
P003997,1997-11-11,Female,Nice,INS001
P003998,1937-11-07,Male,Paris,INS005
P003999,1942-05-30,Female,Toulouse,INS001
P004000,2002-12-02,Male,Strasbourg,INS007
P004001,2005-03-23,Male,Paris,INS008
P004002,1988-10-12,Female,Montpellier,INS007
P004003,1938-08-04,Female,Paris,INS007
P004004,1935-07-24,Male,Toulouse,INS007
P004005,1934-07-03,Male,Lyon,INS008
P004006,1986-01-14,Female,Paris,INS008
P004007,1998-07-10,Female,Lille,INS002
P004008,1981-02-28,Male,Bordeaux,INS005
P004009,1951-03-26,Female,Nice,INS003
P004010,1991-05-06,Male,Lille,INS007
P004011,1934-10-16,Male,Toulouse,INS001
P004012,1997-01-30,Female,Lyon,INS004
P004013,2002-03-29,Male,Nice,INS004
P004014,1988-03-08,Female,Lyon,INS007
P004015,2001-03-21,Female,Strasbourg,INS003
P004016,1977-06-24,Male,Lyon,INS008
P004017,1967-12-09,Male,Nantes,INS004
P004018,1956-02-13,Male,Lille,INS006
P004019,2004-08-27,Female,Montpellier,INS005
P004020,1986-06-24,Male,Marseille,INS004
P004021,1945-06-06,Female,Montpellier,INS003
P004022,2007-07-07,Male,Strasbourg,INS003
P004023,1934-10-18,Male,Toulouse,INS006
P004024,1977-08-03,Female,Toulouse,INS003
P004025,1945-06-08,Female,Lille,INS007
P004026,1983-10-23,Male,Toulouse,INS002
P004027,1963-06-04,Female,Toulouse,INS002
P004028,1965-05-28,Male,Lyon,INS001
P004029,1984-05-23,Male,Lille,INS007
P004030,1991-03-31,Male,Strasbourg,INS004
P004031,1960-10-13,Female,Montpellier,INS001
P004032,2010-10-22,Female,Paris,INS001
P004033,1970-05-17,Female,Nice,INS008
P004034,1942-12-28,Male,Marseille,INS008
P004035,1930-07-09,Male,Nantes,INS003
P004036,1946-05-24,Male,Nantes,INS006
P004037,1985-12-23,Female,Strasbourg,INS003
P004038,1973-09-10,Female,Nice,INS007
P004039,1957-05-13,Female,Strasbourg,INS006
P004040,1968-12-28,Male,Strasbourg,INS004
P004041,1997-11-20,Female,Nantes,INS008
P004042,1976-04-18,Female,Toulouse,INS002
P004043,1934-09-15,Male,Lille,INS008
P004044,1933-12-22,Male,Lille,INS003
P004045,1969-01-16,Female,Lille,INS008
P004046,1962-09-30,Male,Marseille,INS007
P004047,1998-11-21,Female,Lille,INS005
P004048,1977-03-21,Female,Bordeaux,INS001
P004049,1991-04-22,Female,Marseille,INS007
P004050,1977-05-26,Female,Lille,INS006
P004051,1957-12-19,Male,Nice,INS007
P004052,1983-03-30,Male,Lille,INS002
P004053,1980-05-02,Male,Lyon,INS002
P004054,1988-05-02,Female,Paris,INS003
P004055,1945-04-30,Male,Nice,INS003
P004056,1981-12-18,Male,Montpellier,INS001
P004057,1953-02-14,Female,Nantes,INS002
P004058,1994-01-03,Male,Paris,INS004
P004059,1994-09-05,Male,Bordeaux,INS008
P004060,1980-08-08,Male,Marseille,INS002
P004061,2006-09-06,Female,Lille,INS002
P004062,1973-07-15,Male,Montpellier,INS007
P004063,1932-01-14,Female,Strasbourg,INS001
P004064,1979-02-06,Male,Nice,INS001
P004065,1992-12-28,Male,Bordeaux,INS008
P004066,1938-03-13,Female,Bordeaux,INS003
P004067,1938-06-22,Male,Montpellier,INS003
P004068,1952-02-16,Male,Nantes,INS001
P004069,1998-05-20,Male,Bordeaux,INS004
P004070,1972-09-19,Female,Paris,INS008
P004071,2009-02-01,Female,Montpellier,INS008
P004072,2000-09-16,Female,Strasbourg,INS006
P004073,1974-12-10,Female,Lille,INS006
P004074,1985-01-01,Male,Marseille,INS006
P004075,1956-10-23,Female,Montpellier,INS006
P004076,1937-04-28,Male,Montpellier,INS005
P004077,1962-04-19,Male,Toulouse,INS002
P004078,1977-12-21,Male,Marseille,INS007
P004079,1944-10-03,Female,Nice,INS008
P004080,1947-12-17,Male,Nantes,INS002
P004081,1931-03-20,Male,Montpellier,INS001
P004082,1989-06-15,Male,Bordeaux,INS007
P004083,2002-11-07,Female,Bordeaux,INS001
P004084,1997-01-08,Male,Lyon,INS007
P004085,1960-10-11,Female,Nantes,INS008
P004086,1978-01-25,Male,Lille,INS001
P004087,2007-10-28,Female,Marseille,INS007
P004088,1977-11-24,Female,Nice,INS002
P004089,1953-12-19,Male,Lille,INS003
P004090,1957-06-04,Female,Marseille,INS005
P004091,1988-11-23,Male,Montpellier,INS006
P004092,1966-02-22,Male,Montpellier,INS001
P004093,1997-10-26,Female,Toulouse,INS001
P004094,1999-12-28,Female,Marseille,INS003
P004095,1932-11-26,Female,Lyon,INS006
P004096,1988-08-02,Male,Nantes,INS004
P004097,1959-12-19,Male,Nantes,INS003
P004098,1972-02-06,Female,Nantes,INS002
P004099,1951-06-13,Female,Nice,INS008
P004100,1959-10-29,Female,Toulouse,INS006
P004101,1956-10-04,Male,Nantes,INS008
P004102,1934-01-30,Female,Nantes,INS004
P004103,1993-05-27,Female,Nice,INS007
P004104,1941-08-01,Male,Nice,INS006
P004105,1960-06-09,Female,Paris,INS005
P004106,1945-08-20,Male,Nantes,INS004
P004107,1943-01-04,Male,Montpellier,INS005
P004108,1960-03-30,Male,Bordeaux,INS004
P004109,2004-06-01,Female,Bordeaux,INS006
P004110,2006-06-22,Male,Nantes,INS004
P004111,1960-12-01,Female,Bordeaux,INS008
P004112,1970-12-01,Male,Toulouse,INS008
P004113,2009-11-02,Female,Montpellier,INS004
P004114,1949-01-08,Male,Paris,INS004
P004115,2006-07-09,Female,Strasbourg,INS007
P004116,1938-07-26,Male,Lyon,INS006
P004117,1948-04-17,Male,Marseille,INS002
P004118,1957-05-27,Female,Nantes,INS007
P004119,1933-01-02,Male,Nantes,INS006
P004120,1996-01-27,Male,Montpellier,INS005
P004121,1999-04-15,Female,Marseille,INS007
P004122,1961-01-18,Male,Paris,INS002
P004123,1997-09-29,Male,Marseille,INS007
P004124,1992-07-27,Male,Bordeaux,INS001
P004125,1994-11-29,Female,Lille,INS007
P004126,1995-01-07,Male,Marseille,INS005
P004127,1976-06-13,Female,Montpellier,INS005
P004128,1938-12-23,Male,Bordeaux,INS006
P004129,2004-10-19,Female,Nantes,INS003
P004130,1979-04-20,Female,Nice,INS007
P004131,2003-01-01,Female,Toulouse,INS001
P004132,2007-09-07,Female,Nice,INS006
P004133,1945-02-28,Male,Montpellier,INS007
P004134,1962-07-28,Male,Nice,INS001
P004135,1945-08-04,Male,Marseille,INS006
P004136,1934-02-16,Male,Nice,INS007
P004137,2008-04-11,Female,Marseille,INS005
P004138,2004-10-13,Female,Paris,INS005
P004139,2005-06-20,Male,Toulouse,INS001
P004140,2001-07-29,Male,Bordeaux,INS008
P004141,1982-07-20,Male,Toulouse,INS008
P004142,1972-04-17,Female,Marseille,INS007
P004143,2010-04-22,Male,Marseille,INS001
P004144,1974-09-24,Female,Montpellier,INS004
P004145,1982-01-13,Male,Marseille,INS007
P004146,1947-02-25,Female,Nice,INS006
P004147,1990-06-25,Male,Marseille,INS008
P004148,1996-05-16,Female,Lyon,INS005
P004149,1984-12-16,Male,Paris,INS006
P004150,1970-05-21,Female,Marseille,INS003
P004151,1946-01-10,Male,Strasbourg,INS007
P004152,1932-09-29,Female,Toulouse,INS005
P004153,1980-10-23,Male,Nantes,INS007
P004154,1985-04-28,Female,Montpellier,INS002
P004155,1992-07-31,Female,Paris,INS003
P004156,2006-12-27,Male,Lyon,INS001
P004157,1970-04-14,Female,Montpellier,INS006
P004158,1997-02-27,Female,Bordeaux,INS006
P004159,1988-01-07,Male,Nantes,INS003
P004160,1952-06-14,Male,Lille,INS004
P004161,1998-06-15,Male,Strasbourg,INS005
P004162,1934-04-27,Female,Nantes,INS007
P004163,1978-07-05,Male,Marseille,INS003
P004164,2006-03-02,Male,Nantes,INS004
P004165,1983-05-17,Female,Paris,INS002
P004166,2005-11-25,Male,Marseille,INS007
P004167,1934-07-20,Female,Marseille,INS007
P004168,1973-02-14,Male,Nice,INS006
P004169,1993-03-24,Male,Nice,INS007
P004170,1982-01-10,Female,Paris,INS007
P004171,2001-04-27,Female,Montpellier,INS007
P004172,1967-06-21,Female,Strasbourg,INS004
P004173,1985-04-16,Female,Toulouse,INS002
P004174,1964-01-01,Male,Marseille,INS008
P004175,2000-08-21,Male,Toulouse,INS001
P004176,1939-09-04,Male,Bordeaux,INS004
P004177,1950-08-01,Female,Nantes,INS006
P004178,1937-11-02,Male,Lille,INS007
P004179,1986-11-13,Female,Lyon,INS006
P004180,1948-11-07,Female,Nantes,INS004
P004181,1955-09-09,Male,Nice,INS008
P004182,1997-10-07,Female,Marseille,INS002
P004183,1959-03-05,Male,Nantes,INS002
P004184,1941-10-24,Male,Bordeaux,INS006
P004185,1931-09-13,Female,Bordeaux,INS003
P004186,1948-05-12,Male,Paris,INS004
P004187,2004-02-02,Male,Lille,INS004
P004188,1974-06-09,Male,Lille,INS003
P004189,2010-07-31,Female,Strasbourg,INS008
P004190,1947-06-05,Female,Strasbourg,INS004
P004191,1958-06-21,Female,Strasbourg,INS006
P004192,1943-03-22,Female,Toulouse,INS002
P004193,1962-04-08,Female,Lille,INS008
P004194,1975-08-18,Male,Toulouse,INS008
P004195,1995-06-16,Male,Nice,INS001
P004196,1959-10-25,Female,Nantes,INS006
P004197,1992-06-28,Male,Nantes,INS005
P004198,1980-09-19,Male,Toulouse,INS002
P004199,1953-08-20,Male,Nantes,INS007
P004200,2003-11-20,Male,Strasbourg,INS007
P004201,1965-03-04,Male,Nantes,INS007
P004202,1942-03-25,Female,Toulouse,INS005
P004203,2007-12-23,Female,Strasbourg,INS006
P004204,2003-12-27,Male,Montpellier,INS006
P004205,1934-01-05,Male,Nice,INS007
P004206,2003-02-06,Male,Strasbourg,INS005
P004207,2006-09-26,Male,Marseille,INS006
P004208,1997-02-25,Female,Toulouse,INS001
P004209,1950-08-27,Female,Marseille,INS005
P004210,1981-02-17,Male,Lille,INS002
P004211,1973-08-06,Female,Nice,INS004
P004212,1980-03-25,Male,Nantes,INS007
P004213,1979-12-06,Male,Paris,INS001
P004214,1981-10-10,Male,Nice,INS007
P004215,1971-08-20,Female,Lyon,INS003
P004216,1985-12-05,Male,Lyon,INS007
P004217,1972-08-27,Female,Bordeaux,INS007
P004218,1931-05-03,Male,Marseille,INS001
P004219,1932-11-09,Female,Montpellier,INS002
P004220,2007-08-09,Male,Lyon,INS007
P004221,2003-08-25,Female,Lyon,INS003
P004222,1977-06-07,Female,Nice,INS004
P004223,1944-02-22,Female,Marseille,INS001
P004224,1993-04-18,Female,Nice,INS006
P004225,1941-08-10,Female,Nantes,INS001
P004226,1960-07-23,Male,Lyon,INS003
P004227,1956-09-19,Male,Bordeaux,INS004
P004228,1931-01-02,Female,Bordeaux,INS007
P004229,1995-05-14,Male,Paris,INS004
P004230,1971-04-15,Male,Nice,INS008
P004231,1955-08-14,Male,Strasbourg,INS005
P004232,1971-01-30,Female,Montpellier,INS003
P004233,1930-01-01,Female,Paris,INS002
P004234,1965-05-24,Male,Lyon,INS007
P004235,1972-02-01,Female,Strasbourg,INS004
P004236,1957-07-08,Female,Lille,INS005
P004237,1997-04-04,Male,Nantes,INS003
P004238,1950-03-27,Female,Lille,INS003
P004239,1941-03-01,Male,Marseille,INS005
P004240,1972-09-23,Female,Nantes,INS003
P004241,2001-11-13,Male,Marseille,INS008
P004242,1960-05-25,Male,Lyon,INS006
P004243,1933-10-11,Male,Bordeaux,INS007
P004244,2008-07-24,Male,Lyon,INS003
P004245,1965-12-27,Male,Lyon,INS001
P004246,1944-01-03,Female,Nice,INS001
P004247,1979-11-12,Male,Bordeaux,INS007
P004248,1955-11-22,Male,Bordeaux,INS007
P004249,2005-12-16,Male,Lyon,INS006
P004250,1953-10-23,Female,Lyon,INS005
P004251,1974-07-24,Female,Lille,INS002
P004252,1974-01-03,Male,Lille,INS007
P004253,1949-08-21,Male,Toulouse,INS005
P004254,1970-06-10,Female,Lyon,INS005
P004255,1938-11-01,Female,Strasbourg,INS001
P004256,1982-02-21,Male,Lille,INS005
P004257,1991-06-04,Female,Strasbourg,INS006
P004258,2006-12-12,Male,Toulouse,INS007
P004259,1956-05-21,Female,Toulouse,INS002
P004260,1953-02-06,Female,Lyon,INS001
P004261,1974-06-14,Female,Nantes,INS007
P004262,1986-02-10,Male,Paris,INS003
P004263,2010-05-22,Male,Nice,INS004
P004264,1932-01-11,Female,Strasbourg,INS006
P004265,1949-04-21,Female,Lille,INS004
P004266,1951-04-03,Female,Strasbourg,INS008
P004267,1950-09-08,Female,Nantes,INS007
P004268,1967-07-24,Male,Paris,INS004
P004269,2000-09-14,Female,Marseille,INS002
P004270,1932-07-05,Male,Nantes,INS008
P004271,1996-01-30,Female,Nice,INS006
P004272,1980-01-12,Female,Paris,INS007
P004273,1979-10-31,Female,Nantes,INS004
P004274,1984-12-10,Female,Strasbourg,INS004
P004275,1939-05-08,Female,Paris,INS002
P004276,1990-06-26,Female,Strasbourg,INS004
P004277,1950-02-05,Female,Bordeaux,INS005
P004278,1971-11-04,Male,Nantes,INS002
P004279,1984-10-28,Female,Paris,INS006
P004280,1978-12-02,Female,Nantes,INS005
P004281,1956-03-04,Female,Toulouse,INS007
P004282,1962-01-30,Male,Lille,INS001
P004283,1968-08-06,Male,Nice,INS002
P004284,1933-05-05,Male,Marseille,INS004
P004285,1988-10-22,Male,Paris,INS008
P004286,1938-02-04,Male,Toulouse,INS002
P004287,1967-02-22,Female,Nice,INS008
P004288,1983-01-20,Male,Lyon,INS008
P004289,1936-07-06,Male,Montpellier,INS001
P004290,2010-08-21,Female,Nantes,INS003
P004291,1960-07-21,Female,Montpellier,INS003
P004292,1931-04-13,Female,Toulouse,INS004
P004293,1983-05-08,Female,Lyon,INS008
P004294,1975-03-01,Male,Lyon,INS004
P004295,1981-11-12,Female,Bordeaux,INS006
P004296,1990-10-30,Male,Bordeaux,INS002
P004297,1968-07-11,Male,Nice,INS005
P004298,1996-12-19,Female,Nice,INS003
P004299,1959-12-25,Female,Nice,INS008
P004300,1974-02-28,Male,Bordeaux,INS007
P004301,1942-11-03,Male,Paris,INS002
P004302,1980-03-18,Female,Bordeaux,INS005
P004303,1951-03-11,Female,Strasbourg,INS003
P004304,1986-06-07,Male,Strasbourg,INS004
P004305,1994-11-19,Male,Strasbourg,INS004
P004306,1999-07-29,Female,Paris,INS007
P004307,2005-04-02,Female,Toulouse,INS003
P004308,1939-11-27,Male,Nantes,INS001
P004309,1941-03-06,Female,Marseille,INS002
P004310,2005-01-07,Female,Toulouse,INS007
P004311,1960-11-05,Male,Paris,INS003
P004312,1932-02-09,Female,Lyon,INS001
P004313,1953-03-31,Female,Paris,INS004
P004314,1997-09-24,Male,Montpellier,INS007
P004315,1958-10-03,Male,Strasbourg,INS007
P004316,1936-03-20,Female,Toulouse,INS008
P004317,1988-06-27,Female,Paris,INS006
P004318,1945-10-06,Male,Lille,INS007
P004319,1958-07-30,Male,Toulouse,INS007
P004320,1930-04-26,Male,Lyon,INS001
P004321,1978-10-05,Male,Nantes,INS004
P004322,1966-01-24,Male,Montpellier,INS005
P004323,2000-03-24,Male,Strasbourg,INS004
P004324,1957-01-30,Male,Strasbourg,INS007
P004325,1946-07-29,Female,Strasbourg,INS008
P004326,1943-06-12,Male,Paris,INS005
P004327,1946-03-19,Male,Bordeaux,INS001
P004328,1966-07-16,Female,Bordeaux,INS003
P004329,1937-01-22,Female,Lyon,INS002
P004330,1962-08-04,Male,Lyon,INS004
P004331,1999-03-24,Female,Bordeaux,INS002
P004332,1992-03-06,Male,Nice,INS001
P004333,1981-08-13,Male,Marseille,INS002
P004334,2002-05-05,Female,Toulouse,INS004
P004335,1993-03-12,Female,Paris,INS002
P004336,1982-11-09,Male,Lyon,INS001
P004337,1999-11-27,Female,Bordeaux,INS003
P004338,1940-01-29,Male,Bordeaux,INS006
P004339,1996-04-11,Female,Nice,INS006
P004340,1953-12-04,Female,Montpellier,INS004
P004341,1989-05-17,Male,Lyon,INS006
P004342,2003-12-23,Female,Lille,INS002
P004343,1970-03-06,Male,Strasbourg,INS006
P004344,1937-03-10,Male,Paris,INS001
P004345,1959-12-27,Female,Strasbourg,INS002
P004346,1962-12-15,Female,Montpellier,INS008
P004347,2005-11-15,Male,Paris,INS004
P004348,2006-05-05,Male,Lyon,INS005
P004349,1976-01-17,Male,Nantes,INS004
P004350,2007-01-01,Male,Toulouse,INS006
P004351,1965-05-04,Female,Montpellier,INS006
P004352,1963-04-23,Female,Bordeaux,INS007
P004353,1997-10-03,Male,Nantes,INS002
P004354,1984-01-22,Male,Marseille,INS006
P004355,1972-04-24,Male,Lille,INS007
P004356,1966-12-30,Female,Lyon,INS004
P004357,1987-02-25,Female,Lyon,INS004
P004358,1991-01-11,Male,Lyon,INS006
P004359,1969-09-26,Female,Strasbourg,INS005
P004360,1932-07-23,Female,Paris,INS003
P004361,1938-04-01,Male,Bordeaux,INS008
P004362,1941-09-04,Female,Bordeaux,INS005
P004363,1967-06-06,Female,Paris,INS005
P004364,1979-10-01,Female,Strasbourg,INS002
P004365,1995-02-07,Male,Bordeaux,INS006
P004366,1948-11-01,Female,Lyon,INS008
P004367,1993-09-17,Female,Lyon,INS006
P004368,1983-12-13,Female,Nice,INS005
P004369,1934-03-09,Female,Nantes,INS006
P004370,1958-06-13,Female,Toulouse,INS002
P004371,1954-07-07,Male,Toulouse,INS001
P004372,2001-10-25,Female,Paris,INS006
P004373,2004-08-12,Female,Paris,INS002
P004374,1996-05-10,Female,Bordeaux,INS001
P004375,1972-10-07,Female,Lille,INS007
P004376,1969-12-02,Female,Marseille,INS004
P004377,1955-03-26,Male,Lille,INS007
P004378,1992-08-08,Male,Nantes,INS007
P004379,1936-12-27,Male,Marseille,INS001
P004380,1951-12-18,Female,Lille,INS007
P004381,1940-12-14,Male,Marseille,INS003
P004382,1970-01-13,Male,Nantes,INS006
P004383,1954-04-12,Female,Paris,INS001
P004384,1945-12-30,Female,Montpellier,INS004
P004385,1960-06-27,Male,Bordeaux,INS006
P004386,1999-09-24,Female,Marseille,INS004
P004387,1975-03-14,Female,Nice,INS005
P004388,1996-08-31,Male,Montpellier,INS001
P004389,2004-01-09,Female,Paris,INS001
P004390,2003-01-27,Male,Marseille,INS005
P004391,1958-06-06,Female,Lyon,INS004
P004392,2001-01-27,Female,Paris,INS005
P004393,2003-08-28,Female,Nice,INS003
P004394,2007-09-22,Female,Lyon,INS001
P004395,1958-06-07,Male,Lille,INS006
P004396,1948-06-30,Male,Strasbourg,INS002
P004397,1977-04-29,Male,Nantes,INS007
P004398,2005-06-23,Male,Nantes,INS001
P004399,2002-12-12,Female,Paris,INS008
P004400,1976-04-07,Female,Montpellier,INS003
P004401,1942-02-02,Female,Paris,INS008
P004402,1964-03-22,Male,Nice,INS001
P004403,1987-11-04,Female,Nantes,INS004
P004404,1975-05-23,Female,Toulouse,INS004
P004405,1957-12-25,Female,Strasbourg,INS002
P004406,1957-10-01,Male,Strasbourg,INS004
P004407,1934-11-03,Female,Paris,INS002
P004408,1953-05-16,Male,Montpellier,INS004
P004409,1984-03-20,Male,Marseille,INS003
P004410,1949-07-19,Male,Nice,INS002
P004411,2010-06-18,Female,Strasbourg,INS007
P004412,1936-09-04,Female,Bordeaux,INS005
P004413,1977-09-09,Female,Strasbourg,INS007
P004414,1970-03-22,Male,Strasbourg,INS007
P004415,1997-06-30,Male,Bordeaux,INS003
P004416,2001-11-27,Male,Lyon,INS003
P004417,1974-01-08,Female,Toulouse,INS008
P004418,1981-01-15,Female,Montpellier,INS003
P004419,1986-08-12,Male,Marseille,INS001
P004420,1972-03-13,Female,Montpellier,INS005
P004421,1944-12-22,Male,Lyon,INS008
P004422,1964-09-18,Male,Nantes,INS002
P004423,1949-07-26,Female,Nantes,INS006
P004424,1967-08-13,Female,Lyon,INS003
P004425,1979-10-29,Female,Toulouse,INS004
P004426,1946-12-14,Female,Lyon,INS004
P004427,1950-03-15,Male,Lille,INS002
P004428,1996-08-27,Female,Montpellier,INS004
P004429,1960-08-05,Female,Paris,INS003
P004430,1946-01-25,Female,Strasbourg,INS007
P004431,1987-10-07,Female,Nantes,INS002
P004432,1988-01-17,Male,Nice,INS007
P004433,1996-12-01,Male,Marseille,INS001
P004434,1991-07-23,Female,Montpellier,INS004
P004435,2010-05-07,Female,Marseille,INS003
P004436,1976-07-24,Female,Bordeaux,INS004
P004437,1953-03-26,Female,Paris,INS007
P004438,1999-11-23,Female,Strasbourg,INS008
P004439,1951-06-14,Male,Nice,INS006
P004440,1953-07-29,Female,Lyon,INS005
P004441,1997-02-08,Female,Nantes,INS005
P004442,2001-05-29,Female,Lyon,INS008
P004443,1957-06-27,Male,Toulouse,INS008
P004444,1989-01-29,Female,Bordeaux,INS007
P004445,2004-09-17,Male,Montpellier,INS002
P004446,1994-09-12,Female,Lille,INS003
P004447,1930-05-28,Male,Paris,INS003
P004448,1983-10-30,Male,Toulouse,INS002
P004449,1943-10-06,Female,Montpellier,INS008
P004450,1998-07-21,Female,Nice,INS002
P004451,1935-06-07,Female,Paris,INS007
P004452,2010-06-09,Male,Paris,INS007
P004453,1944-05-13,Male,Nice,INS005
P004454,1964-01-13,Female,Nice,INS003
P004455,1948-12-17,Female,Bordeaux,INS003
P004456,1995-12-04,Female,Paris,INS006
P004457,1961-11-15,Female,Marseille,INS006
P004458,1990-04-23,Male,Strasbourg,INS005
P004459,1935-06-12,Female,Lyon,INS005
P004460,1966-09-06,Female,Marseille,INS007
P004461,2003-10-17,Male,Toulouse,INS007
P004462,2005-01-29,Male,Nice,INS007
P004463,1946-11-26,Male,Strasbourg,INS003
P004464,1961-12-12,Female,Bordeaux,INS001
P004465,1963-02-20,Male,Toulouse,INS004
P004466,1975-10-20,Male,Lille,INS003
P004467,1973-07-10,Female,Paris,INS003
P004468,1938-08-01,Female,Marseille,INS005
P004469,1991-10-10,Male,Marseille,INS008
P004470,1948-04-15,Male,Paris,INS007
P004471,1955-07-06,Male,Nice,INS006
P004472,1998-02-04,Male,Lille,INS006
P004473,1985-11-10,Male,Bordeaux,INS004
P004474,1962-02-13,Male,Marseille,INS005
P004475,2003-11-28,Male,Bordeaux,INS004
P004476,1961-12-02,Female,Lyon,INS007
P004477,1975-10-21,Female,Nantes,INS008
P004478,1949-12-04,Male,Nice,INS004
P004479,1944-11-02,Female,Lille,INS006
P004480,1969-10-26,Male,Marseille,INS001
P004481,1975-08-09,Male,Nice,INS004
P004482,1995-04-09,Male,Marseille,INS007
P004483,1961-08-30,Male,Lyon,INS006
P004484,2002-07-04,Female,Lille,INS005
P004485,1979-03-13,Male,Montpellier,INS002
P004486,1935-09-06,Female,Toulouse,INS007
P004487,1989-11-12,Male,Marseille,INS008
P004488,1976-07-23,Male,Bordeaux,INS004
P004489,1961-07-15,Female,Lille,INS007
P004490,1967-11-06,Female,Nantes,INS005
P004491,1954-06-12,Female,Toulouse,INS004
P004492,1979-10-03,Male,Bordeaux,INS003
P004493,1975-12-03,Female,Toulouse,INS005
P004494,1966-03-25,Female,Toulouse,INS004
P004495,1953-02-06,Male,Toulouse,INS005
P004496,1962-04-16,Female,Lille,INS002
P004497,1970-04-29,Male,Montpellier,INS004
P004498,1968-03-22,Male,Marseille,INS006
P004499,1955-01-20,Female,Strasbourg,INS007
P004500,1977-02-20,Female,Nice,INS003
P004501,1948-05-08,Male,Bordeaux,INS005
P004502,1970-07-31,Male,Lille,INS003
P004503,1939-11-05,Female,Toulouse,INS007
P004504,1968-03-29,Male,Strasbourg,INS003
P004505,1993-07-02,Female,Lyon,INS006
P004506,1996-03-29,Female,Bordeaux,INS004
P004507,1986-04-08,Male,Nice,INS003
P004508,1990-05-25,Female,Nantes,INS005
P004509,1935-05-06,Female,Lyon,INS005
P004510,1957-08-26,Male,Bordeaux,INS006
P004511,1982-12-29,Female,Lyon,INS007
P004512,1994-11-05,Female,Montpellier,INS006
P004513,1977-03-18,Female,Lille,INS007
P004514,1999-02-22,Male,Toulouse,INS004
P004515,1952-02-13,Male,Strasbourg,INS005
P004516,1942-06-07,Male,Toulouse,INS004
P004517,1936-12-30,Female,Lyon,INS005
P004518,1977-03-13,Male,Strasbourg,INS002
P004519,1983-11-17,Male,Nantes,INS007
P004520,1953-02-09,Female,Nantes,INS005
P004521,1993-06-22,Female,Paris,INS005
P004522,1989-11-14,Male,Toulouse,INS008
P004523,1959-03-04,Female,Toulouse,INS004
P004524,1949-05-05,Male,Marseille,INS004
P004525,1990-02-15,Male,Bordeaux,INS005
P004526,1984-05-19,Female,Marseille,INS008
P004527,1943-11-01,Male,Toulouse,INS003
P004528,1950-08-31,Male,Strasbourg,INS002
P004529,1969-05-12,Female,Nice,INS001
P004530,1971-05-27,Male,Marseille,INS006
P004531,1943-06-11,Female,Marseille,INS001
P004532,2006-11-02,Male,Paris,INS006
P004533,1961-06-24,Female,Lille,INS008
P004534,1960-11-19,Female,Paris,INS006
P004535,1934-11-26,Female,Lyon,INS002
P004536,2000-12-06,Female,Montpellier,INS006
P004537,1949-01-17,Female,Strasbourg,INS004
P004538,2009-12-09,Female,Bordeaux,INS001
P004539,1970-03-06,Male,Nice,INS002
P004540,2000-11-10,Female,Toulouse,INS006
P004541,1944-07-05,Female,Nantes,INS005
P004542,1943-06-08,Female,Montpellier,INS004
P004543,1994-11-21,Male,Paris,INS007
P004544,1996-05-22,Female,Lille,INS005
P004545,1973-12-27,Male,Lyon,INS008
P004546,1932-08-09,Male,Nice,INS001
P004547,2006-06-10,Female,Strasbourg,INS003
P004548,1961-11-09,Male,Nice,INS002
P004549,2005-10-24,Female,Nantes,INS004
P004550,2000-07-11,Male,Toulouse,INS008
P004551,1998-12-20,Female,Paris,INS004
P004552,1985-10-15,Male,Nice,INS003
P004553,1984-07-13,Male,Strasbourg,INS001
P004554,1973-02-24,Female,Montpellier,INS004
P004555,1932-01-04,Female,Lille,INS002
P004556,1961-06-01,Female,Marseille,INS002
P004557,1989-03-04,Female,Nantes,INS002
P004558,1995-10-17,Male,Paris,INS006
P004559,1975-04-29,Male,Paris,INS006
P004560,1987-06-22,Male,Strasbourg,INS006
P004561,1931-10-06,Male,Montpellier,INS001
P004562,1967-12-10,Male,Toulouse,INS008
P004563,1971-02-15,Male,Bordeaux,INS005
P004564,2002-04-16,Female,Bordeaux,INS005
P004565,1955-03-13,Female,Lyon,INS008
P004566,1948-08-16,Female,Marseille,INS003
P004567,1958-07-17,Female,Marseille,INS005
P004568,1943-10-20,Female,Strasbourg,INS001
P004569,1975-03-26,Female,Toulouse,INS004
P004570,1982-01-24,Female,Nice,INS003
P004571,1994-11-21,Female,Lyon,INS002
P004572,2008-09-23,Female,Montpellier,INS005
P004573,1935-12-18,Female,Strasbourg,INS002
P004574,1950-01-10,Female,Toulouse,INS008
P004575,1954-05-11,Female,Marseille,INS002
P004576,1950-03-23,Male,Montpellier,INS001
P004577,1997-01-03,Male,Strasbourg,INS004
P004578,1941-04-19,Female,Bordeaux,INS004
P004579,1932-05-29,Female,Marseille,INS006
P004580,1999-09-14,Female,Nantes,INS006
P004581,2007-11-18,Female,Lille,INS005
P004582,1948-05-03,Female,Nantes,INS005
P004583,1956-12-17,Male,Strasbourg,INS007
P004584,1970-10-04,Female,Toulouse,INS006
P004585,1972-08-07,Female,Paris,INS002
P004586,2010-04-04,Male,Bordeaux,INS004
P004587,1962-09-26,Female,Strasbourg,INS006
P004588,1930-12-26,Female,Marseille,INS003
P004589,1964-03-29,Female,Montpellier,INS007
P004590,1975-01-28,Male,Lille,INS004
P004591,1971-11-13,Female,Nantes,INS003
P004592,1971-06-30,Male,Nice,INS004
P004593,2004-09-23,Male,Lyon,INS005
P004594,1995-05-27,Female,Paris,INS006
P004595,1950-05-22,Male,Montpellier,INS003
P004596,1958-10-11,Female,Nice,INS002
P004597,1984-01-27,Female,Nantes,INS001
P004598,1963-03-28,Female,Lille,INS004
P004599,1964-09-12,Male,Lyon,INS008
P004600,1943-08-09,Female,Marseille,INS008
P004601,1950-08-09,Female,Bordeaux,INS005
P004602,1990-01-02,Male,Nantes,INS005
P004603,1998-04-11,Female,Lille,INS005
P004604,1993-07-23,Male,Marseille,INS002
P004605,1954-12-07,Male,Marseille,INS004
P004606,1941-01-26,Male,Montpellier,INS008
P004607,1942-12-08,Male,Nantes,INS005
P004608,1961-11-14,Male,Montpellier,INS002
P004609,1971-12-09,Female,Paris,INS001
P004610,2002-04-28,Male,Toulouse,INS007
P004611,2002-10-20,Male,Toulouse,INS008
P004612,1930-03-22,Male,Toulouse,INS001
P004613,1987-04-24,Male,Lille,INS004
P004614,1954-03-14,Male,Paris,INS007
P004615,1946-01-08,Male,Paris,INS003
P004616,1974-12-16,Female,Nice,INS002
P004617,1932-09-30,Female,Toulouse,INS004
P004618,1957-01-22,Male,Lyon,INS004
P004619,1974-09-23,Male,Lille,INS004
P004620,1952-01-14,Female,Montpellier,INS008
P004621,1978-01-23,Female,Toulouse,INS008
P004622,1967-04-06,Male,Montpellier,INS005
P004623,1994-10-01,Female,Lyon,INS001
P004624,1944-09-14,Male,Lyon,INS003
P004625,1934-08-17,Male,Bordeaux,INS002
P004626,1972-11-24,Female,Nantes,INS001
P004627,1950-10-22,Female,Montpellier,INS004
P004628,1987-03-29,Male,Toulouse,INS001
P004629,1937-07-22,Female,Marseille,INS005
P004630,1976-08-06,Male,Bordeaux,INS003
P004631,2010-03-05,Female,Lille,INS006
P004632,1937-07-17,Female,Lyon,INS005
P004633,1954-06-13,Female,Paris,INS008
P004634,1998-05-24,Male,Nice,INS004
P004635,1973-03-20,Male,Nantes,INS002
P004636,1944-03-04,Male,Lyon,INS008
P004637,1947-04-07,Female,Bordeaux,INS003
P004638,1991-12-13,Male,Strasbourg,INS007
P004639,1999-09-24,Female,Strasbourg,INS007
P004640,1959-03-16,Male,Toulouse,INS008
P004641,1968-05-18,Male,Paris,INS006
P004642,1993-05-27,Female,Nantes,INS005
P004643,1944-05-01,Male,Bordeaux,INS004
P004644,1946-09-16,Female,Montpellier,INS004
P004645,1992-09-22,Female,Bordeaux,INS007
P004646,1945-02-13,Male,Nice,INS005
P004647,1992-06-07,Male,Bordeaux,INS001
P004648,1970-04-05,Female,Bordeaux,INS003
P004649,2010-03-11,Male,Lille,INS008
P004650,1932-09-01,Female,Toulouse,INS002
P004651,2006-08-15,Male,Marseille,INS004
P004652,1948-04-01,Male,Toulouse,INS007
P004653,1932-11-03,Female,Montpellier,INS003
P004654,1988-08-23,Male,Lille,INS006
P004655,1973-02-18,Male,Toulouse,INS007
P004656,1997-10-29,Female,Montpellier,INS003
P004657,1938-10-11,Female,Lyon,INS008
P004658,1936-07-17,Female,Marseille,INS004
P004659,1975-12-12,Male,Toulouse,INS003
P004660,2001-06-12,Male,Toulouse,INS002
P004661,1962-11-13,Male,Lille,INS003
P004662,1994-08-06,Male,Nice,INS005
P004663,2003-05-27,Male,Toulouse,INS002
P004664,2000-06-10,Female,Lille,INS003
P004665,1971-03-15,Female,Toulouse,INS006
P004666,1986-07-28,Male,Strasbourg,INS008
P004667,1972-07-30,Female,Montpellier,INS006
P004668,1984-08-09,Female,Marseille,INS005
P004669,1975-12-07,Male,Paris,INS006
P004670,1972-07-13,Male,Paris,INS004
P004671,1965-05-19,Male,Toulouse,INS003
P004672,1982-11-16,Female,Nantes,INS006
P004673,1990-11-02,Male,Paris,INS002
P004674,2004-06-11,Female,Bordeaux,INS008
P004675,1979-09-02,Female,Lille,INS004
P004676,1938-02-21,Male,Montpellier,INS007
P004677,1977-08-01,Male,Nantes,INS001
P004678,1955-07-30,Male,Toulouse,INS004
P004679,1932-03-04,Male,Bordeaux,INS004
P004680,1935-11-14,Male,Lyon,INS003
P004681,1977-11-23,Female,Toulouse,INS005
P004682,2006-07-12,Female,Lille,INS006
P004683,1970-12-13,Male,Lyon,INS008
P004684,1966-01-24,Male,Lille,INS007
P004685,1937-03-07,Female,Nantes,INS002
P004686,1984-09-13,Female,Bordeaux,INS008
P004687,1934-06-30,Female,Montpellier,INS004
P004688,1998-02-16,Female,Marseille,INS004
P004689,1996-02-16,Male,Nantes,INS001
P004690,2010-04-08,Female,Bordeaux,INS006
P004691,1953-01-10,Female,Strasbourg,INS008
P004692,1943-02-08,Male,Montpellier,INS003
P004693,1954-04-06,Male,Nice,INS007
P004694,1994-10-04,Female,Toulouse,INS001
P004695,1947-09-22,Female,Bordeaux,INS008
P004696,2001-11-17,Female,Nantes,INS003
P004697,1942-06-28,Female,Strasbourg,INS004
P004698,1933-12-16,Female,Marseille,INS001
P004699,1947-10-08,Female,Strasbourg,INS008
P004700,1991-01-30,Female,Strasbourg,INS005
P004701,1978-10-13,Female,Paris,INS008
P004702,1958-09-25,Female,Marseille,INS003
P004703,1983-02-20,Male,Marseille,INS001
P004704,1982-07-15,Female,Bordeaux,INS006
P004705,1974-12-06,Female,Marseille,INS002
P004706,1971-08-21,Male,Lille,INS005
P004707,1938-03-22,Female,Lyon,INS001
P004708,1951-01-15,Female,Paris,INS002
P004709,1972-09-28,Male,Toulouse,INS006
P004710,1940-12-14,Male,Lille,INS006
P004711,1968-07-17,Female,Bordeaux,INS002
P004712,1939-06-22,Male,Marseille,INS002
P004713,1993-10-06,Male,Marseille,INS007
P004714,1938-05-15,Female,Strasbourg,INS001
P004715,1937-06-30,Female,Strasbourg,INS002
P004716,1981-08-29,Female,Marseille,INS008
P004717,1947-11-12,Male,Lyon,INS005
P004718,1958-06-19,Female,Montpellier,INS001
P004719,1955-06-16,Female,Nantes,INS008
P004720,1947-07-19,Female,Toulouse,INS003
P004721,1991-09-14,Male,Nantes,INS006
P004722,1986-01-15,Female,Marseille,INS006
P004723,1949-05-04,Female,Toulouse,INS003
P004724,1985-08-19,Female,Lille,INS003
P004725,1987-10-16,Male,Nice,INS005
P004726,1973-09-02,Female,Lyon,INS004
P004727,1976-11-05,Male,Toulouse,INS002
P004728,2005-09-23,Female,Strasbourg,INS006
P004729,1966-10-06,Female,Lyon,INS006
P004730,1961-03-21,Female,Lyon,INS005
P004731,1973-08-28,Female,Strasbourg,INS006
P004732,1997-09-14,Female,Strasbourg,INS005
P004733,1987-06-23,Male,Toulouse,INS008
P004734,1936-02-01,Female,Paris,INS008
P004735,1967-03-15,Male,Bordeaux,INS008
P004736,1989-12-04,Female,Marseille,INS001
P004737,1948-02-20,Male,Bordeaux,INS001
P004738,2010-01-23,Female,Lyon,INS004
P004739,1995-06-16,Male,Strasbourg,INS006
P004740,1998-07-28,Female,Nantes,INS002
P004741,1936-08-14,Male,Nantes,INS001
P004742,1976-12-13,Male,Bordeaux,INS001
P004743,1972-10-01,Male,Marseille,INS005
P004744,1980-10-07,Male,Montpellier,INS008
P004745,1998-11-14,Female,Marseille,INS004
P004746,1958-08-13,Female,Lille,INS006
P004747,1973-04-02,Female,Montpellier,INS001
P004748,1985-01-13,Male,Paris,INS002
P004749,1991-01-03,Female,Lyon,INS006
P004750,1992-05-26,Female,Nice,INS004
P004751,1957-04-16,Male,Lille,INS001
P004752,2010-11-08,Female,Bordeaux,INS002
P004753,1930-10-12,Male,Bordeaux,INS007
P004754,1969-11-21,Female,Strasbourg,INS006
P004755,1979-04-23,Male,Nantes,INS007
P004756,1934-12-19,Male,Toulouse,INS003
P004757,1966-07-18,Male,Bordeaux,INS008
P004758,1978-04-06,Female,Nice,INS008
P004759,1979-03-20,Female,Lille,INS003
P004760,1939-08-23,Female,Lyon,INS002
P004761,1952-06-23,Female,Toulouse,INS008
P004762,1949-10-29,Male,Montpellier,INS003
P004763,1981-10-31,Female,Lyon,INS004
P004764,1956-08-18,Female,Lyon,INS008
P004765,1976-04-14,Female,Montpellier,INS003
P004766,1989-03-18,Male,Strasbourg,INS008
P004767,1994-07-30,Female,Lyon,INS002
P004768,1944-11-20,Female,Marseille,INS003
P004769,2003-03-09,Female,Nantes,INS004
P004770,1943-06-05,Female,Nice,INS004
P004771,1931-10-10,Male,Nice,INS002
P004772,1933-08-23,Female,Strasbourg,INS008
P004773,1946-04-14,Male,Bordeaux,INS006
P004774,2000-09-23,Male,Strasbourg,INS006
P004775,1946-11-03,Male,Bordeaux,INS006
P004776,1986-03-04,Male,Toulouse,INS006
P004777,1963-11-24,Male,Nantes,INS006
P004778,1933-03-27,Female,Toulouse,INS006
P004779,1965-12-22,Female,Nantes,INS006
P004780,1932-04-16,Male,Strasbourg,INS008
P004781,1968-07-27,Male,Montpellier,INS002
P004782,1975-04-02,Female,Bordeaux,INS005
P004783,1972-03-25,Female,Paris,INS002
P004784,1952-11-19,Female,Nantes,INS002
P004785,1992-02-03,Female,Marseille,INS008
P004786,1978-05-02,Female,Marseille,INS004
P004787,1950-08-21,Female,Strasbourg,INS006
P004788,1965-03-15,Female,Toulouse,INS006
P004789,1938-10-16,Male,Nice,INS001
P004790,2004-10-14,Male,Lille,INS004
P004791,1990-12-30,Male,Nantes,INS002
P004792,1953-04-24,Male,Nantes,INS003
P004793,1984-08-31,Female,Strasbourg,INS002
P004794,1985-01-03,Female,Lyon,INS006
P004795,1979-05-20,Male,Bordeaux,INS002
P004796,1934-05-19,Male,Toulouse,INS004
P004797,2001-02-27,Male,Toulouse,INS003
P004798,2007-06-04,Male,Strasbourg,INS008
P004799,2008-11-26,Male,Lyon,INS007
P004800,2009-06-09,Male,Bordeaux,INS003
P004801,2005-03-26,Male,Lille,INS003
P004802,1989-11-11,Male,Strasbourg,INS006
P004803,1934-08-10,Female,Marseille,INS006
P004804,1967-09-06,Female,Marseille,INS005
P004805,1949-11-09,Female,Paris,INS001
P004806,1947-10-27,Male,Toulouse,INS001
P004807,1997-04-11,Male,Paris,INS006
P004808,1995-10-24,Female,Bordeaux,INS004
P004809,1972-04-14,Female,Marseille,INS007
P004810,1989-08-23,Male,Toulouse,INS001
P004811,1940-06-24,Female,Nantes,INS002
P004812,1947-12-24,Male,Nantes,INS007
P004813,1999-09-12,Female,Paris,INS008
P004814,1966-07-19,Female,Lyon,INS006
P004815,1974-04-11,Female,Lille,INS001
P004816,1967-06-27,Female,Bordeaux,INS001
P004817,1946-05-17,Female,Strasbourg,INS008
P004818,1996-12-08,Female,Lyon,INS004
P004819,1991-06-03,Female,Paris,INS004
P004820,1985-05-22,Female,Nantes,INS008
P004821,1958-08-10,Male,Montpellier,INS002
P004822,1982-02-04,Female,Strasbourg,INS003
P004823,2007-03-19,Female,Bordeaux,INS006
P004824,1982-08-20,Female,Paris,INS008
P004825,1970-01-13,Male,Bordeaux,INS003
P004826,1951-11-28,Male,Toulouse,INS002
P004827,1972-05-06,Male,Toulouse,INS001
P004828,1960-02-09,Male,Toulouse,INS001
P004829,1979-07-06,Female,Bordeaux,INS003
P004830,1933-09-12,Male,Nice,INS005
P004831,1945-05-27,Female,Lyon,INS004
P004832,1993-09-27,Male,Paris,INS002
P004833,1960-11-02,Female,Paris,INS006
P004834,1965-01-26,Female,Toulouse,INS008
P004835,1974-01-20,Male,Bordeaux,INS002
P004836,1965-06-30,Male,Nice,INS006
P004837,1991-06-13,Male,Toulouse,INS005
P004838,1949-11-15,Female,Bordeaux,INS006
P004839,1991-06-07,Female,Montpellier,INS001
P004840,1946-12-18,Female,Nice,INS006
P004841,1960-01-07,Female,Nantes,INS006
P004842,1977-08-12,Female,Lille,INS006
P004843,2001-10-05,Female,Lyon,INS007
P004844,1948-11-01,Male,Montpellier,INS006
P004845,1977-07-30,Female,Bordeaux,INS008
P004846,1935-03-15,Male,Paris,INS006
P004847,1936-02-10,Male,Toulouse,INS004
P004848,1992-03-01,Male,Paris,INS007
P004849,1988-03-26,Female,Montpellier,INS006
P004850,1960-06-29,Female,Bordeaux,INS005
P004851,1980-06-17,Female,Nice,INS005
P004852,1960-10-18,Male,Toulouse,INS003
P004853,1952-06-16,Female,Paris,INS005
P004854,1964-12-08,Female,Nantes,INS004
P004855,1955-04-06,Male,Nantes,INS002
P004856,1996-01-07,Male,Marseille,INS004
P004857,1963-05-06,Male,Nice,INS008
P004858,1955-12-27,Female,Marseille,INS003
P004859,1973-06-05,Male,Nantes,INS006
P004860,1991-05-26,Female,Nice,INS004
P004861,1952-03-02,Female,Lyon,INS003
P004862,2006-02-06,Male,Marseille,INS004
P004863,1967-07-19,Male,Lyon,INS008
P004864,1983-07-13,Female,Nice,INS001
P004865,2007-07-15,Female,Marseille,INS006
P004866,1964-12-18,Female,Nantes,INS007
P004867,1946-03-09,Male,Toulouse,INS002
P004868,1990-07-27,Male,Paris,INS007
P004869,1930-07-15,Female,Strasbourg,INS006
P004870,1967-02-02,Female,Nice,INS003
P004871,2009-05-18,Male,Marseille,INS002
P004872,1963-07-27,Male,Strasbourg,INS008
P004873,1985-05-30,Female,Nice,INS002
P004874,1972-07-18,Male,Strasbourg,INS008
P004875,1947-05-23,Male,Lyon,INS006
P004876,1955-09-26,Female,Paris,INS007
P004877,1972-05-28,Male,Paris,INS003
P004878,1938-06-12,Male,Bordeaux,INS001
P004879,1963-08-10,Male,Nice,INS006
P004880,1963-08-08,Male,Montpellier,INS003
P004881,1997-08-17,Male,Montpellier,INS005
P004882,1940-01-13,Female,Bordeaux,INS004
P004883,1998-04-04,Female,Nantes,INS003
P004884,1963-03-31,Male,Marseille,INS006
P004885,1982-10-04,Female,Paris,INS005
P004886,1975-02-10,Female,Lyon,INS006
P004887,1954-04-13,Female,Paris,INS006
P004888,2005-05-21,Male,Nantes,INS006
P004889,1948-03-07,Male,Bordeaux,INS003
P004890,1932-12-07,Male,Nice,INS007
P004891,1990-10-04,Male,Lyon,INS002
P004892,1980-05-03,Female,Montpellier,INS008
P004893,2002-02-17,Female,Nice,INS007
P004894,1967-01-28,Male,Montpellier,INS005
P004895,1931-05-14,Female,Nantes,INS002
P004896,1931-08-23,Male,Lille,INS008
P004897,1965-02-03,Male,Nantes,INS005
P004898,1950-03-19,Female,Nantes,INS007
P004899,2004-09-10,Male,Lyon,INS001
P004900,1939-08-07,Female,Lyon,INS003
P004901,2001-05-05,Female,Nantes,INS003
P004902,1947-07-24,Female,Paris,INS007
P004903,1939-09-03,Female,Lyon,INS004
P004904,1952-03-28,Female,Paris,INS001
P004905,1941-09-04,Male,Nantes,INS005
P004906,1962-07-04,Female,Montpellier,INS002
P004907,1956-10-07,Male,Toulouse,INS004
P004908,1972-11-07,Male,Lyon,INS008
P004909,1973-07-02,Female,Bordeaux,INS004
P004910,1930-01-30,Female,Toulouse,INS004
P004911,1940-02-12,Male,Bordeaux,INS001
P004912,1943-02-10,Male,Toulouse,INS004
P004913,1945-10-09,Male,Bordeaux,INS008
P004914,1937-07-31,Female,Lille,INS008
P004915,1955-06-27,Male,Montpellier,INS008
P004916,1974-07-10,Male,Bordeaux,INS003
P004917,1955-01-08,Male,Lille,INS001
P004918,1956-08-27,Female,Paris,INS002
P004919,1968-01-13,Male,Nantes,INS002
P004920,1974-06-02,Female,Lille,INS001
P004921,1956-10-22,Male,Marseille,INS006
P004922,1947-12-20,Male,Toulouse,INS005
P004923,1963-02-28,Male,Toulouse,INS006
P004924,1931-12-18,Female,Strasbourg,INS002
P004925,1969-11-24,Male,Bordeaux,INS006
P004926,2006-04-01,Female,Nice,INS001
P004927,1962-03-26,Female,Nantes,INS006
P004928,1938-10-10,Male,Strasbourg,INS007
P004929,1987-04-10,Male,Paris,INS003
P004930,1940-04-10,Female,Lille,INS003
P004931,1945-09-07,Male,Nice,INS004
P004932,1941-11-14,Female,Lyon,INS005
P004933,2001-07-29,Male,Toulouse,INS005
P004934,2009-06-25,Male,Toulouse,INS001
P004935,1976-02-21,Male,Strasbourg,INS004
P004936,1980-01-11,Male,Montpellier,INS005
P004937,1982-04-13,Male,Lyon,INS005
P004938,1979-06-07,Female,Marseille,INS006
P004939,1974-01-26,Male,Nice,INS006
P004940,2009-12-02,Female,Lyon,INS004
P004941,1989-05-19,Female,Toulouse,INS005
P004942,1937-03-01,Male,Montpellier,INS003
P004943,1961-09-30,Female,Montpellier,INS003
P004944,2008-12-06,Female,Montpellier,INS003
P004945,1962-09-11,Male,Lyon,INS004
P004946,1946-07-11,Female,Lyon,INS001
P004947,2000-05-06,Female,Lyon,INS002
P004948,1980-06-19,Female,Nice,INS001
P004949,1975-07-27,Female,Lyon,INS004
P004950,1964-01-10,Male,Toulouse,INS004
P004951,1940-01-28,Male,Strasbourg,INS002
P004952,1961-02-05,Male,Toulouse,INS002
P004953,1965-06-08,Female,Montpellier,INS005
P004954,2005-06-05,Male,Toulouse,INS002
P004955,1954-11-21,Female,Lille,INS007
P004956,1942-02-01,Male,Montpellier,INS002
P004957,1964-08-17,Male,Bordeaux,INS004
P004958,2010-10-05,Female,Lyon,INS007
P004959,1969-01-21,Male,Nantes,INS001
P004960,1960-09-16,Male,Nice,INS004
P004961,1984-01-07,Female,Strasbourg,INS004
P004962,1982-07-20,Male,Paris,INS005
P004963,1954-03-30,Male,Lyon,INS008
P004964,2008-05-25,Female,Nantes,INS005
P004965,1978-01-10,Female,Nice,INS004
P004966,1934-09-01,Male,Nantes,INS004
P004967,1963-01-05,Male,Lille,INS005
P004968,2004-10-01,Male,Nice,INS003
P004969,1961-11-11,Male,Bordeaux,INS006
P004970,1975-12-29,Male,Montpellier,INS004
P004971,1979-08-15,Female,Lille,INS001
P004972,1987-01-20,Female,Nice,INS005
P004973,2000-08-27,Female,Lyon,INS003
P004974,1942-01-31,Male,Nice,INS003
P004975,1971-11-09,Male,Nice,INS003
P004976,1973-03-15,Male,Marseille,INS002
P004977,1942-05-06,Female,Paris,INS003
P004978,1984-07-21,Female,Montpellier,INS008
P004979,1939-07-28,Male,Paris,INS003
P004980,1966-12-15,Female,Toulouse,INS006
P004981,1956-10-01,Female,Paris,INS004
P004982,1942-07-22,Male,Toulouse,INS001
P004983,1996-08-09,Male,Strasbourg,INS007
P004984,1949-10-10,Male,Bordeaux,INS008
P004985,1950-09-04,Female,Marseille,INS002
P004986,1999-03-16,Female,Lille,INS002
P004987,2001-01-24,Female,Paris,INS008
P004988,1932-10-16,Female,Bordeaux,INS001
P004989,1952-07-04,Female,Paris,INS008
P004990,1987-06-01,Female,Lille,INS002
P004991,1993-01-10,Male,Paris,INS007
P004992,2010-12-12,Female,Marseille,INS008
P004993,1974-12-05,Female,Paris,INS002
P004994,1930-08-10,Female,Montpellier,INS002
P004995,2000-10-05,Male,Nice,INS001
P004996,1943-01-17,Female,Montpellier,INS007
P004997,1939-10-14,Female,Nantes,INS003
P004998,1984-08-08,Female,Toulouse,INS006
P004999,1978-11-28,Female,Lyon,INS005
P005000,1934-11-10,Male,Montpellier,INS005
P005001,1943-09-18,Female,Montpellier,INS002
P005002,1977-10-09,Female,Toulouse,INS003
P005003,1950-09-07,Male,Marseille,INS005
P005004,1985-05-27,Female,Lille,INS001
P005005,1963-05-09,Male,Lille,INS004
P005006,1977-08-21,Female,Montpellier,INS006
P005007,1968-06-21,Male,Paris,INS004
P005008,1959-07-31,Female,Nantes,INS004
P005009,1957-09-25,Female,Nice,INS007
P005010,1986-06-24,Female,Nice,INS005
P005011,1971-08-31,Male,Lyon,INS006
P005012,1978-02-19,Female,Toulouse,INS001
P005013,1976-10-05,Male,Lille,INS008
P005014,1946-10-26,Male,Toulouse,INS007
P005015,2003-12-20,Female,Paris,INS007
P005016,1975-08-12,Female,Paris,INS006
P005017,1988-02-29,Female,Paris,INS005
P005018,2001-06-07,Male,Montpellier,INS005
P005019,2004-11-24,Male,Toulouse,INS005
P005020,1984-01-05,Male,Marseille,INS004
P005021,1993-10-03,Female,Nice,INS006
P005022,1968-03-19,Male,Toulouse,INS003
P005023,1989-10-04,Female,Lille,INS007
P005024,1956-01-18,Female,Lyon,INS003
P005025,1987-08-27,Female,Lille,INS004
P005026,1936-12-15,Female,Nantes,INS001
P005027,2004-01-21,Male,Nantes,INS008
P005028,1949-10-25,Male,Lille,INS006
P005029,1983-03-07,Female,Nantes,INS002
P005030,1930-11-27,Female,Nice,INS001
P005031,1942-08-12,Male,Montpellier,INS007
P005032,2009-11-30,Male,Bordeaux,INS001
P005033,1997-07-02,Female,Marseille,INS004
P005034,1948-01-08,Female,Lyon,INS001
P005035,1940-08-06,Male,Lyon,INS006
P005036,1996-01-02,Male,Paris,INS002
P005037,2010-03-15,Male,Bordeaux,INS004
P005038,1943-08-30,Female,Marseille,INS005
P005039,1983-10-12,Male,Marseille,INS003
P005040,1952-12-21,Female,Nice,INS006
P005041,1990-04-17,Male,Lille,INS005
P005042,1963-11-18,Female,Strasbourg,INS004
P005043,1940-02-26,Female,Lyon,INS003
P005044,1956-04-11,Female,Lille,INS004
P005045,1973-08-17,Female,Paris,INS003
P005046,1994-08-31,Female,Bordeaux,INS005
P005047,1931-09-15,Male,Lyon,INS007
P005048,2007-07-28,Male,Marseille,INS005
P005049,1982-08-13,Male,Nice,INS001
P005050,2000-11-23,Female,Strasbourg,INS007
P005051,2005-05-01,Female,Bordeaux,INS007
P005052,1942-06-10,Female,Montpellier,INS007
P005053,1937-08-04,Female,Nice,INS001
P005054,1992-11-28,Female,Nice,INS007
P005055,1945-03-21,Male,Montpellier,INS004
P005056,1941-12-25,Male,Paris,INS007
P005057,1967-12-13,Female,Marseille,INS007
P005058,2003-12-25,Male,Toulouse,INS008
P005059,1994-06-11,Male,Nantes,INS001
P005060,1971-12-12,Female,Montpellier,INS005
P005061,1945-11-29,Male,Paris,INS006
P005062,1957-03-31,Female,Marseille,INS005
P005063,1985-10-07,Female,Marseille,INS007
P005064,1942-09-20,Male,Nantes,INS006
P005065,1972-06-22,Male,Montpellier,INS001
P005066,1930-12-16,Female,Montpellier,INS002
P005067,1956-05-01,Female,Nice,INS006
P005068,1950-01-31,Male,Nice,INS003
P005069,1985-03-02,Female,Toulouse,INS003
P005070,2004-01-13,Male,Nantes,INS008
P005071,1941-11-12,Male,Lyon,INS001
P005072,1994-07-30,Female,Bordeaux,INS005
P005073,1983-02-16,Male,Marseille,INS003
P005074,2008-07-20,Male,Montpellier,INS001
P005075,2003-10-31,Male,Lille,INS003
P005076,1938-02-28,Female,Lille,INS004
P005077,1990-03-14,Female,Toulouse,INS004
P005078,1977-12-19,Female,Montpellier,INS002
P005079,1939-02-28,Male,Montpellier,INS006
P005080,1950-10-30,Male,Toulouse,INS003
P005081,2005-01-29,Male,Montpellier,INS005
P005082,1973-12-23,Male,Nice,INS005
P005083,1957-06-01,Female,Strasbourg,INS005
P005084,1955-12-16,Female,Montpellier,INS005
P005085,1997-11-12,Male,Lille,INS003
P005086,1952-12-17,Male,Bordeaux,INS004
P005087,1942-11-14,Male,Marseille,INS005
P005088,1976-06-24,Female,Lille,INS001
P005089,2010-05-23,Female,Toulouse,INS006
P005090,1944-11-06,Male,Paris,INS004
P005091,1950-09-06,Female,Marseille,INS003
P005092,1967-12-31,Female,Strasbourg,INS001
P005093,1946-03-09,Male,Lyon,INS003
P005094,1982-09-18,Male,Nantes,INS004
P005095,1950-07-18,Male,Nice,INS007
P005096,1940-05-20,Male,Marseille,INS006
P005097,1951-03-01,Male,Toulouse,INS004
P005098,2005-05-17,Female,Strasbourg,INS002
P005099,2005-09-21,Female,Strasbourg,INS003
P005100,1970-12-18,Male,Montpellier,INS008
P005101,1962-06-09,Female,Nantes,INS002
P005102,1996-05-18,Male,Strasbourg,INS006
P005103,1945-09-26,Male,Lille,INS005
P005104,1982-12-19,Female,Nantes,INS002
P005105,1985-01-30,Female,Nantes,INS007
P005106,1987-07-05,Male,Montpellier,INS004
P005107,1947-08-27,Female,Lille,INS006
P005108,1988-01-03,Female,Strasbourg,INS001
P005109,1979-07-28,Male,Bordeaux,INS008
P005110,2000-11-17,Female,Lyon,INS001
P005111,1944-02-16,Female,Nantes,INS003
P005112,1979-09-13,Male,Montpellier,INS008
P005113,1997-03-14,Male,Toulouse,INS006
P005114,1952-07-14,Female,Bordeaux,INS006
P005115,1990-03-30,Male,Montpellier,INS003
P005116,1938-01-22,Male,Montpellier,INS007
P005117,1988-03-01,Female,Toulouse,INS008
P005118,1979-02-08,Female,Nice,INS005
P005119,1945-08-06,Male,Nantes,INS002
P005120,1935-05-17,Female,Nantes,INS008
P005121,1990-05-20,Male,Nice,INS001
P005122,1949-07-18,Male,Lille,INS008
P005123,1970-04-17,Female,Lille,INS001
P005124,1934-12-01,Male,Paris,INS001
P005125,2008-01-16,Male,Strasbourg,INS001
P005126,1974-06-17,Male,Marseille,INS002
P005127,2005-06-15,Female,Nantes,INS006
P005128,1942-12-27,Male,Nantes,INS004
P005129,1946-09-02,Female,Nice,INS001
P005130,1979-06-11,Male,Strasbourg,INS003
P005131,1978-12-18,Male,Strasbourg,INS008
P005132,1994-01-21,Female,Paris,INS005
P005133,2005-03-03,Female,Strasbourg,INS006
P005134,1996-07-27,Male,Marseille,INS003
P005135,1941-05-11,Male,Nantes,INS005
P005136,1955-01-27,Female,Nantes,INS007
P005137,2004-01-07,Female,Paris,INS006
P005138,1974-06-19,Male,Marseille,INS001
P005139,2000-03-23,Female,Montpellier,INS005
P005140,1975-08-09,Male,Lyon,INS007
P005141,1934-01-11,Female,Marseille,INS002
P005142,1968-04-20,Female,Paris,INS004
P005143,1996-10-17,Male,Lyon,INS006
P005144,1983-01-23,Female,Nantes,INS001
P005145,1940-10-03,Male,Strasbourg,INS006
P005146,1947-01-07,Male,Bordeaux,INS007
P005147,1999-03-15,Female,Marseille,INS005
P005148,2009-04-25,Female,Strasbourg,INS004
P005149,1990-12-25,Female,Lille,INS001
P005150,1937-12-11,Male,Lille,INS006
P005151,1980-02-26,Male,Bordeaux,INS008
P005152,1997-03-01,Male,Lyon,INS008
P005153,1981-11-08,Female,Lille,INS005
P005154,1978-02-13,Female,Nice,INS001
P005155,1967-11-09,Female,Nantes,INS003
P005156,1949-10-31,Male,Montpellier,INS003
P005157,1952-09-28,Female,Nice,INS001
P005158,1990-05-26,Female,Lille,INS001
P005159,1935-08-28,Female,Nice,INS005
P005160,1936-11-04,Female,Strasbourg,INS001
P005161,1962-02-16,Male,Nantes,INS001
P005162,1992-09-22,Male,Nice,INS008
P005163,1983-03-21,Male,Bordeaux,INS005
P005164,1977-10-15,Female,Montpellier,INS007
P005165,1973-04-06,Male,Marseille,INS002
P005166,1938-12-21,Female,Toulouse,INS003
P005167,1956-11-15,Male,Marseille,INS005
P005168,1936-06-10,Male,Lyon,INS006
P005169,1991-05-30,Female,Nantes,INS003
P005170,1990-10-25,Male,Lyon,INS008
P005171,1950-11-27,Female,Marseille,INS006
P005172,1953-09-23,Female,Nice,INS002
P005173,1955-09-18,Female,Marseille,INS001
P005174,2002-01-12,Female,Strasbourg,INS001
P005175,1969-07-27,Male,Paris,INS007
P005176,1991-09-23,Male,Toulouse,INS007
P005177,1966-05-10,Male,Paris,INS004
P005178,1986-07-21,Male,Paris,INS006
P005179,1972-10-17,Male,Nice,INS008
P005180,1952-07-26,Female,Paris,INS002
P005181,2000-12-23,Female,Strasbourg,INS008
P005182,1987-06-04,Female,Bordeaux,INS004
P005183,1992-04-25,Male,Toulouse,INS004
P005184,2006-10-19,Male,Montpellier,INS002
P005185,1950-02-24,Male,Lille,INS006
P005186,1937-06-01,Female,Lille,INS005
P005187,1977-02-28,Female,Toulouse,INS001
P005188,1956-06-02,Male,Nantes,INS006
P005189,1965-04-19,Female,Strasbourg,INS002
P005190,1949-01-03,Male,Bordeaux,INS003
P005191,1962-04-11,Female,Marseille,INS005
P005192,1961-11-07,Female,Strasbourg,INS007
P005193,1958-05-24,Male,Bordeaux,INS002
P005194,1990-02-16,Male,Strasbourg,INS004
P005195,1978-01-02,Male,Toulouse,INS003
P005196,1968-05-30,Female,Lyon,INS006
P005197,1939-02-17,Female,Montpellier,INS007
P005198,1976-03-24,Male,Nantes,INS006
P005199,1944-03-05,Male,Lille,INS007
P005200,1955-06-12,Female,Strasbourg,INS004
P005201,1963-08-10,Male,Paris,INS005
P005202,1941-06-11,Female,Montpellier,INS003
P005203,1961-07-19,Female,Bordeaux,INS008
P005204,1951-08-15,Male,Bordeaux,INS002
P005205,1998-10-30,Male,Paris,INS008
P005206,1999-08-19,Female,Lyon,INS006
P005207,1930-05-16,Female,Nice,INS008
P005208,1978-10-17,Male,Bordeaux,INS006
P005209,1981-11-19,Male,Lyon,INS003
P005210,1960-08-13,Male,Nantes,INS003
P005211,1967-12-31,Female,Nice,INS002
P005212,1993-12-24,Male,Marseille,INS008
P005213,1960-08-12,Male,Nantes,INS001
P005214,1935-03-22,Male,Montpellier,INS007
P005215,1960-03-04,Female,Toulouse,INS006
P005216,1950-07-26,Male,Marseille,INS002
P005217,1960-12-31,Male,Montpellier,INS008
P005218,1948-08-21,Male,Montpellier,INS002
P005219,1942-02-20,Male,Toulouse,INS002
P005220,2009-10-24,Male,Toulouse,INS005
P005221,1940-06-09,Female,Strasbourg,INS001
P005222,1987-03-12,Female,Paris,INS001
P005223,1988-02-14,Male,Lille,INS005
P005224,1980-01-15,Female,Bordeaux,INS008
P005225,2003-10-29,Female,Nantes,INS001
P005226,1930-05-28,Male,Nantes,INS006
P005227,1954-06-07,Female,Lille,INS005
P005228,1944-12-05,Male,Strasbourg,INS001
P005229,1976-09-23,Female,Nantes,INS002
P005230,1981-06-23,Female,Bordeaux,INS004
P005231,2002-09-23,Female,Montpellier,INS006
P005232,1960-10-03,Male,Paris,INS002
P005233,1949-02-08,Male,Nice,INS004
P005234,2004-11-11,Female,Montpellier,INS004
P005235,1984-07-05,Female,Nantes,INS006
P005236,1991-12-10,Female,Bordeaux,INS002
P005237,1966-01-16,Male,Lille,INS006
P005238,1966-03-28,Male,Marseille,INS007
P005239,1961-07-06,Male,Bordeaux,INS005
P005240,1990-09-16,Female,Strasbourg,INS006
P005241,1947-01-22,Male,Toulouse,INS002
P005242,2009-01-02,Female,Lyon,INS008
P005243,1944-04-01,Female,Toulouse,INS003
P005244,1967-05-04,Female,Paris,INS002
P005245,1955-06-26,Female,Montpellier,INS005
P005246,1982-01-16,Female,Bordeaux,INS004
P005247,1985-02-18,Male,Marseille,INS004
P005248,2004-05-29,Female,Nantes,INS007
P005249,1993-12-04,Male,Bordeaux,INS005
P005250,1950-02-21,Male,Bordeaux,INS003
P005251,1946-09-27,Male,Bordeaux,INS007
P005252,2001-10-22,Female,Montpellier,INS004
P005253,1969-07-08,Male,Strasbourg,INS008
P005254,1937-11-25,Female,Marseille,INS008
P005255,1996-10-26,Female,Marseille,INS004
P005256,1982-07-10,Female,Montpellier,INS007
P005257,1932-01-27,Male,Nantes,INS006
P005258,1993-05-29,Male,Paris,INS007
P005259,1979-03-13,Male,Bordeaux,INS004
P005260,1979-10-13,Male,Lyon,INS004
P005261,2000-01-22,Male,Paris,INS003
P005262,1970-02-19,Male,Lyon,INS005
P005263,1967-05-13,Male,Marseille,INS005
P005264,1980-01-02,Female,Paris,INS004
P005265,1946-01-08,Male,Strasbourg,INS003
P005266,1942-04-14,Male,Toulouse,INS004
P005267,1998-05-06,Female,Bordeaux,INS005
P005268,1947-06-18,Female,Strasbourg,INS002
P005269,1970-11-07,Female,Strasbourg,INS006
P005270,1951-11-11,Male,Strasbourg,INS007
P005271,1948-08-31,Female,Lyon,INS003
P005272,1978-06-02,Female,Nice,INS004
P005273,1994-12-28,Male,Montpellier,INS001
P005274,1965-10-17,Male,Paris,INS005
P005275,1941-03-28,Male,Strasbourg,INS004
P005276,1949-10-20,Male,Strasbourg,INS007
P005277,1943-05-01,Female,Strasbourg,INS008
P005278,2001-07-04,Female,Lille,INS007
P005279,1955-11-18,Male,Lyon,INS002
P005280,1960-04-15,Female,Nice,INS002
P005281,1935-10-03,Male,Nantes,INS004
P005282,1966-02-16,Male,Nice,INS005
P005283,2004-01-10,Male,Marseille,INS001
P005284,1963-03-09,Male,Lyon,INS004
P005285,1982-10-01,Male,Montpellier,INS001
P005286,1944-09-26,Male,Bordeaux,INS003
P005287,1941-07-30,Female,Strasbourg,INS003
P005288,1989-04-05,Female,Montpellier,INS001
P005289,1935-04-29,Female,Toulouse,INS003
P005290,1966-04-29,Male,Marseille,INS006
P005291,1955-08-27,Female,Strasbourg,INS008
P005292,1931-04-26,Female,Nice,INS007
P005293,1973-01-10,Male,Nantes,INS003
P005294,2008-01-31,Female,Montpellier,INS008
P005295,1935-08-08,Male,Marseille,INS004
P005296,1996-01-28,Female,Lille,INS003
P005297,1973-09-03,Female,Paris,INS007
P005298,1988-08-09,Female,Lille,INS004
P005299,1937-10-27,Female,Toulouse,INS006
P005300,2000-05-24,Male,Toulouse,INS002
P005301,1930-12-04,Male,Lyon,INS003
P005302,2003-06-13,Male,Strasbourg,INS008
P005303,1983-04-13,Male,Toulouse,INS002
P005304,1957-05-03,Male,Toulouse,INS007
P005305,1930-07-30,Male,Strasbourg,INS004
P005306,1979-06-27,Female,Toulouse,INS008
P005307,1937-01-30,Female,Strasbourg,INS004
P005308,1979-04-24,Male,Marseille,INS004
P005309,1992-08-15,Male,Strasbourg,INS004
P005310,1951-08-26,Female,Montpellier,INS002
P005311,1949-05-03,Female,Nice,INS007
P005312,1947-12-24,Female,Strasbourg,INS005
P005313,1948-03-18,Female,Nice,INS005
P005314,1939-03-24,Male,Nantes,INS003
P005315,1950-03-24,Female,Nice,INS007
P005316,1983-05-28,Male,Montpellier,INS003
P005317,1954-07-03,Male,Nantes,INS002
P005318,1993-04-02,Female,Nantes,INS001
P005319,1996-05-11,Male,Paris,INS007
P005320,1991-08-21,Male,Montpellier,INS001
P005321,1973-09-13,Female,Nice,INS007
P005322,1955-08-14,Female,Lyon,INS004
P005323,2005-04-26,Male,Marseille,INS001
P005324,1946-08-17,Female,Marseille,INS008
P005325,1967-08-17,Female,Lille,INS006
P005326,1966-09-28,Female,Strasbourg,INS006
P005327,1990-05-23,Female,Toulouse,INS005
P005328,1974-04-16,Male,Toulouse,INS007
P005329,1994-10-04,Female,Nice,INS002
P005330,2004-06-11,Male,Lille,INS002
P005331,1961-08-22,Female,Strasbourg,INS005
P005332,2000-11-09,Male,Nice,INS006
P005333,1943-09-29,Female,Marseille,INS005
P005334,2004-03-13,Male,Nantes,INS004
P005335,1944-06-01,Male,Toulouse,INS006
P005336,1998-11-14,Female,Lille,INS001
P005337,1961-08-11,Male,Montpellier,INS005
P005338,2008-02-17,Female,Lille,INS004
P005339,1940-06-19,Male,Lyon,INS004
P005340,1967-09-15,Male,Toulouse,INS002
P005341,2003-01-19,Female,Bordeaux,INS008
P005342,1933-11-05,Female,Lyon,INS007
P005343,1951-06-20,Female,Nice,INS008
P005344,1936-10-08,Male,Marseille,INS007
P005345,1956-01-09,Male,Paris,INS006
P005346,1961-08-11,Female,Bordeaux,INS003
P005347,1980-02-17,Female,Lyon,INS001
P005348,1950-11-15,Female,Nice,INS005
P005349,1942-11-08,Male,Paris,INS008
P005350,1943-10-07,Female,Toulouse,INS003
P005351,2006-01-03,Female,Paris,INS008
P005352,2007-03-17,Male,Lille,INS002
P005353,1947-12-08,Female,Montpellier,INS003
P005354,1945-10-30,Male,Nantes,INS006
P005355,1934-05-23,Female,Bordeaux,INS004
P005356,2007-09-16,Female,Lyon,INS007
P005357,1987-03-13,Male,Lille,INS003
P005358,1991-08-17,Female,Lille,INS007
P005359,1953-07-15,Female,Bordeaux,INS003
P005360,1981-11-30,Male,Marseille,INS002
P005361,1934-11-05,Male,Montpellier,INS005
P005362,1984-10-03,Male,Nantes,INS005
P005363,1976-12-13,Female,Lille,INS005
P005364,1956-11-06,Female,Lyon,INS001
P005365,1987-07-19,Female,Bordeaux,INS004
P005366,1982-05-11,Male,Toulouse,INS001
P005367,1965-07-23,Male,Nantes,INS007
P005368,1945-02-14,Male,Bordeaux,INS001
P005369,1931-11-29,Male,Nantes,INS008
P005370,2005-12-14,Female,Strasbourg,INS001
P005371,1952-10-15,Male,Bordeaux,INS005
P005372,1954-06-12,Female,Nice,INS003
P005373,1985-03-01,Female,Lille,INS001
P005374,1950-09-02,Male,Montpellier,INS003
P005375,1960-06-08,Male,Toulouse,INS001
P005376,1987-08-09,Female,Nantes,INS006
P005377,1978-03-23,Female,Montpellier,INS007
P005378,1983-03-04,Male,Lille,INS003
P005379,1930-05-19,Female,Lyon,INS004
P005380,1966-07-22,Male,Marseille,INS002
P005381,1968-06-30,Male,Marseille,INS004
P005382,1981-03-24,Female,Paris,INS008
P005383,1942-04-08,Female,Bordeaux,INS005
P005384,1942-12-02,Female,Marseille,INS008
P005385,1991-10-03,Male,Paris,INS007
P005386,1984-07-15,Female,Lyon,INS001
P005387,1995-09-15,Male,Marseille,INS001
P005388,1951-12-02,Female,Lille,INS003
P005389,2010-10-21,Male,Montpellier,INS008
P005390,1952-02-06,Female,Nice,INS002
P005391,1982-09-23,Female,Nice,INS001
P005392,1943-02-19,Male,Nantes,INS008
P005393,2004-05-24,Male,Strasbourg,INS002
P005394,1956-12-03,Female,Lille,INS003
P005395,1994-12-31,Female,Paris,INS007
P005396,1956-10-30,Male,Bordeaux,INS001
P005397,1994-01-21,Female,Paris,INS002
P005398,1966-10-15,Female,Marseille,INS006
P005399,1935-01-23,Female,Nice,INS001
P005400,1945-06-04,Female,Bordeaux,INS006
P005401,1985-05-10,Male,Nantes,INS005
P005402,1945-08-19,Male,Bordeaux,INS002
P005403,1952-04-20,Male,Bordeaux,INS005
P005404,1973-11-17,Male,Lille,INS003
P005405,1950-07-01,Female,Marseille,INS008
P005406,1940-06-09,Male,Marseille,INS004
P005407,1980-07-26,Female,Nice,INS006
P005408,1985-10-19,Female,Montpellier,INS003
P005409,1989-05-17,Male,Paris,INS007
P005410,2006-06-16,Female,Bordeaux,INS003
P005411,1940-02-01,Female,Toulouse,INS005
P005412,1964-07-27,Female,Bordeaux,INS007
P005413,1948-12-14,Male,Marseille,INS008
P005414,2002-12-27,Female,Paris,INS007
P005415,1973-09-21,Male,Marseille,INS006
P005416,1937-12-18,Male,Lyon,INS006
P005417,1986-01-23,Male,Paris,INS004
P005418,1933-06-24,Female,Lille,INS006
P005419,1952-03-17,Male,Nantes,INS005
P005420,1988-06-05,Female,Montpellier,INS005
P005421,1970-12-26,Male,Nantes,INS003
P005422,1991-08-23,Male,Lyon,INS003
P005423,1976-04-07,Female,Lille,INS001
P005424,1998-04-15,Male,Lille,INS006
P005425,1975-07-26,Female,Marseille,INS001
P005426,1934-08-08,Female,Montpellier,INS001
P005427,1935-10-10,Female,Nantes,INS003
P005428,1992-12-05,Male,Toulouse,INS002
P005429,1933-02-15,Male,Toulouse,INS006
P005430,1960-07-01,Male,Lille,INS002
P005431,1931-04-22,Female,Toulouse,INS004
P005432,1954-07-27,Male,Nantes,INS006
P005433,1978-03-16,Male,Montpellier,INS005
P005434,1944-01-06,Male,Toulouse,INS005
P005435,1967-10-03,Female,Lyon,INS003
P005436,2010-09-04,Female,Montpellier,INS004
P005437,1935-09-17,Male,Lille,INS007
P005438,1935-02-27,Female,Paris,INS004
P005439,1951-12-21,Female,Bordeaux,INS006
P005440,1996-12-26,Male,Nice,INS007
P005441,1962-11-14,Female,Marseille,INS002
P005442,1981-10-18,Female,Marseille,INS001
P005443,1932-09-29,Female,Marseille,INS004
P005444,1989-07-16,Male,Strasbourg,INS004
P005445,1935-06-18,Male,Montpellier,INS002
P005446,1987-08-25,Female,Strasbourg,INS007
P005447,1941-12-25,Female,Marseille,INS005
P005448,1999-07-13,Male,Strasbourg,INS006
P005449,1953-12-26,Female,Lille,INS006
P005450,1944-11-20,Male,Strasbourg,INS004
P005451,1957-04-10,Male,Montpellier,INS005
P005452,1930-01-25,Female,Nice,INS002
P005453,1943-05-17,Female,Montpellier,INS006
P005454,1978-06-24,Female,Lyon,INS008
P005455,1954-05-13,Male,Nantes,INS007
P005456,1958-08-30,Female,Paris,INS004
P005457,1995-05-21,Male,Nantes,INS001
P005458,1940-01-11,Male,Lille,INS008
P005459,1962-01-25,Male,Montpellier,INS005
P005460,1945-01-28,Male,Toulouse,INS007
P005461,1969-02-09,Female,Nice,INS003
P005462,1956-11-14,Male,Lille,INS007
P005463,1933-09-29,Male,Paris,INS007
P005464,1935-09-09,Female,Nice,INS001
P005465,1999-01-14,Female,Marseille,INS005
P005466,1934-08-11,Female,Nice,INS004
P005467,1993-05-25,Female,Toulouse,INS006
P005468,2004-03-12,Male,Montpellier,INS003
P005469,1967-09-24,Female,Lille,INS001
P005470,1955-04-13,Male,Toulouse,INS003
P005471,1992-11-17,Male,Nice,INS005
P005472,2009-07-23,Female,Nice,INS003
P005473,1939-10-03,Male,Lyon,INS004
P005474,2008-02-10,Female,Nice,INS004
P005475,2006-06-10,Female,Toulouse,INS006
P005476,1941-07-19,Female,Montpellier,INS004
P005477,1934-06-08,Female,Nantes,INS002
P005478,1987-11-28,Female,Nice,INS006
P005479,1936-04-16,Female,Lille,INS002
P005480,1978-08-31,Female,Marseille,INS003
P005481,1935-03-31,Female,Nice,INS006
P005482,1985-12-10,Male,Paris,INS003
P005483,1948-10-07,Female,Bordeaux,INS001
P005484,1937-10-16,Male,Montpellier,INS003
P005485,1935-05-25,Male,Montpellier,INS004
P005486,1945-04-10,Male,Nice,INS006
P005487,1973-10-19,Male,Toulouse,INS006
P005488,1936-03-17,Male,Strasbourg,INS001
P005489,1994-12-25,Male,Paris,INS007
P005490,1978-12-07,Male,Nice,INS006
P005491,1954-01-30,Male,Lyon,INS002
P005492,2009-11-29,Female,Nice,INS003
P005493,1983-05-05,Male,Lille,INS007
P005494,1984-06-05,Male,Nice,INS005
P005495,1944-02-03,Female,Nantes,INS003
P005496,1987-07-28,Male,Montpellier,INS007
P005497,1975-04-18,Male,Nice,INS006
P005498,2009-09-30,Male,Montpellier,INS005
P005499,1968-09-19,Female,Lyon,INS001
P005500,1984-12-01,Female,Lille,INS006
P005501,1957-08-18,Female,Toulouse,INS002
P005502,1933-04-03,Male,Paris,INS008
P005503,1940-05-12,Male,Paris,INS002
P005504,2000-03-23,Male,Paris,INS001
P005505,1989-10-14,Female,Nice,INS004
P005506,1959-07-16,Female,Toulouse,INS003
P005507,1986-07-10,Male,Nice,INS003
P005508,1930-05-10,Male,Strasbourg,INS008
P005509,1933-01-04,Female,Paris,INS003
P005510,1971-02-01,Female,Strasbourg,INS007
P005511,1980-08-14,Female,Marseille,INS002
P005512,2005-11-23,Male,Toulouse,INS005
P005513,1991-07-13,Male,Montpellier,INS002
P005514,1950-11-04,Female,Lille,INS002
P005515,1996-01-09,Male,Montpellier,INS002
P005516,1969-10-23,Male,Bordeaux,INS003
P005517,1996-11-27,Male,Paris,INS004
P005518,1944-01-29,Female,Strasbourg,INS007
P005519,1932-02-15,Female,Paris,INS007
P005520,1934-09-03,Male,Nantes,INS006
P005521,2010-04-05,Male,Toulouse,INS004
P005522,1936-07-10,Male,Lyon,INS003
P005523,2006-01-31,Male,Bordeaux,INS003
P005524,1988-11-19,Female,Lille,INS002
P005525,1941-10-30,Female,Paris,INS006
P005526,1999-12-27,Female,Bordeaux,INS007
P005527,1941-09-06,Male,Paris,INS005
P005528,1941-08-10,Female,Bordeaux,INS005
P005529,1976-08-13,Male,Marseille,INS003
P005530,1953-05-09,Male,Strasbourg,INS008
P005531,1953-07-22,Male,Montpellier,INS008
P005532,1945-10-18,Male,Montpellier,INS004
P005533,1979-03-22,Male,Montpellier,INS007
P005534,1932-03-05,Female,Lyon,INS003
P005535,1949-11-07,Male,Bordeaux,INS001
P005536,1974-10-29,Female,Marseille,INS003
P005537,1969-05-29,Female,Paris,INS007
P005538,1986-09-10,Male,Lille,INS004
P005539,1947-07-08,Male,Toulouse,INS007
P005540,1982-06-23,Male,Marseille,INS003
P005541,1991-07-22,Female,Lyon,INS004
P005542,1961-06-07,Female,Toulouse,INS001
P005543,1950-10-20,Male,Lyon,INS007
P005544,1974-12-15,Male,Paris,INS003
P005545,1976-11-20,Female,Toulouse,INS001
P005546,1937-08-15,Male,Paris,INS002
P005547,1975-10-10,Male,Montpellier,INS006
P005548,1942-07-01,Male,Strasbourg,INS007
P005549,1976-01-28,Female,Montpellier,INS008
P005550,2005-06-22,Male,Lyon,INS002
P005551,1973-07-02,Female,Toulouse,INS005
P005552,1991-09-06,Female,Strasbourg,INS004
P005553,1955-02-01,Female,Bordeaux,INS006
P005554,2004-09-27,Male,Lille,INS006
P005555,1995-10-31,Male,Strasbourg,INS001
P005556,2004-04-01,Female,Lille,INS002
P005557,1990-01-25,Female,Montpellier,INS005
P005558,1982-08-07,Female,Lyon,INS005
P005559,1972-07-10,Female,Nice,INS008
P005560,2005-03-09,Male,Paris,INS007
P005561,1998-09-13,Female,Montpellier,INS001
P005562,1963-10-02,Female,Lille,INS005
P005563,1936-12-08,Male,Paris,INS004
P005564,1930-04-17,Female,Strasbourg,INS004
P005565,1948-11-29,Male,Montpellier,INS001
P005566,1935-01-26,Male,Montpellier,INS007
P005567,1947-02-18,Male,Toulouse,INS002
P005568,1938-11-14,Male,Paris,INS008
P005569,2009-06-18,Female,Marseille,INS008
P005570,1937-09-21,Male,Paris,INS007
P005571,1980-10-10,Male,Paris,INS001
P005572,1958-06-27,Female,Lyon,INS004
P005573,1944-02-10,Male,Bordeaux,INS001
P005574,1986-10-20,Male,Nice,INS005
P005575,2008-08-11,Male,Bordeaux,INS007
P005576,1994-01-15,Male,Marseille,INS005
P005577,2008-12-28,Female,Nantes,INS001
P005578,1977-10-21,Male,Marseille,INS003
P005579,1984-07-23,Male,Toulouse,INS002
P005580,1941-11-11,Male,Strasbourg,INS004
P005581,1999-01-16,Female,Lyon,INS003
P005582,1990-07-30,Male,Strasbourg,INS007
P005583,1950-07-30,Male,Marseille,INS002
P005584,1958-09-27,Female,Nantes,INS003
P005585,1979-06-25,Male,Marseille,INS002
P005586,1931-01-20,Male,Lyon,INS008
P005587,1996-04-01,Male,Toulouse,INS003
P005588,1952-09-22,Male,Lille,INS008
P005589,1936-01-28,Female,Bordeaux,INS006
P005590,1956-10-11,Male,Marseille,INS003
P005591,1997-09-11,Male,Montpellier,INS005
P005592,1952-03-19,Female,Nantes,INS001
P005593,1973-09-03,Female,Strasbourg,INS008
P005594,1995-10-05,Female,Nice,INS008
P005595,1932-09-24,Male,Nice,INS003
P005596,1991-07-21,Female,Lyon,INS002
P005597,1953-05-20,Male,Bordeaux,INS004
P005598,1986-05-04,Male,Strasbourg,INS007
P005599,1945-03-27,Male,Paris,INS006
P005600,1941-04-05,Female,Toulouse,INS001
P005601,1993-11-07,Male,Lyon,INS001
P005602,1995-06-07,Female,Nice,INS002
P005603,2009-06-26,Male,Montpellier,INS007
P005604,1984-11-06,Female,Paris,INS003
P005605,1967-09-26,Male,Strasbourg,INS008
P005606,1945-10-13,Female,Lille,INS003
P005607,1953-11-29,Female,Montpellier,INS008
P005608,1982-06-30,Male,Paris,INS008
P005609,1958-01-13,Male,Lyon,INS006
P005610,1969-03-01,Male,Nice,INS002
P005611,1943-08-13,Male,Nice,INS001
P005612,1965-08-02,Female,Paris,INS002
P005613,1949-04-11,Female,Lyon,INS006
P005614,1939-01-31,Male,Lille,INS006
P005615,1940-09-08,Male,Paris,INS008
P005616,1971-12-25,Male,Nice,INS008
P005617,1959-09-06,Female,Nantes,INS003
P005618,1938-02-04,Male,Nice,INS004
P005619,1971-08-29,Female,Toulouse,INS007
P005620,1943-04-22,Male,Nantes,INS007
P005621,1931-04-02,Male,Bordeaux,INS003
P005622,1940-09-26,Male,Nantes,INS001
P005623,1966-05-01,Female,Toulouse,INS001
P005624,2007-04-13,Female,Nantes,INS007
P005625,1949-07-29,Female,Nantes,INS003
P005626,1953-01-27,Female,Nantes,INS006
P005627,1949-08-27,Female,Strasbourg,INS007
P005628,1958-10-09,Male,Lille,INS008
P005629,1988-02-07,Female,Strasbourg,INS004
P005630,1956-02-02,Female,Paris,INS006
P005631,1983-04-06,Male,Toulouse,INS002
P005632,2002-10-03,Female,Toulouse,INS008
P005633,2006-08-21,Female,Strasbourg,INS008
P005634,1975-08-07,Male,Paris,INS004
P005635,1987-10-09,Female,Marseille,INS003
P005636,2004-06-13,Female,Toulouse,INS006
P005637,1993-09-20,Male,Strasbourg,INS004
P005638,1954-04-17,Female,Toulouse,INS006
P005639,1940-09-10,Female,Nantes,INS001
P005640,1939-04-21,Female,Lyon,INS003
P005641,2001-06-11,Female,Montpellier,INS007
P005642,1975-01-20,Male,Nice,INS008
P005643,1954-01-02,Female,Paris,INS001
P005644,1957-12-27,Female,Nice,INS007
P005645,1952-10-25,Female,Lyon,INS001
P005646,1994-12-14,Male,Bordeaux,INS007
P005647,1979-08-09,Female,Nice,INS003
P005648,2001-03-25,Male,Montpellier,INS003
P005649,1954-06-11,Female,Paris,INS006
P005650,1968-04-11,Male,Marseille,INS007
P005651,1939-11-11,Female,Nantes,INS004
P005652,2008-09-04,Female,Marseille,INS003
P005653,1971-06-17,Male,Nice,INS008
P005654,1974-10-17,Female,Lyon,INS008
P005655,1963-07-04,Male,Lyon,INS005
P005656,1951-12-11,Male,Bordeaux,INS001
P005657,2006-10-26,Male,Nantes,INS008
P005658,1969-08-09,Female,Marseille,INS005
P005659,1984-08-27,Male,Strasbourg,INS005
P005660,1933-01-08,Female,Strasbourg,INS001
P005661,1952-05-08,Male,Paris,INS008
P005662,1995-02-14,Male,Lille,INS006
P005663,1937-02-11,Male,Bordeaux,INS002
P005664,1938-03-20,Male,Toulouse,INS003
P005665,1995-08-06,Male,Marseille,INS003
P005666,1955-01-04,Male,Bordeaux,INS007
P005667,1952-03-08,Female,Montpellier,INS004
P005668,1975-10-16,Male,Lille,INS007
P005669,1945-10-15,Female,Marseille,INS006
P005670,1933-06-25,Female,Nice,INS003
P005671,1930-05-12,Male,Bordeaux,INS004
P005672,1936-06-04,Female,Nantes,INS007
P005673,1942-11-03,Male,Nantes,INS004
P005674,1986-05-20,Female,Nice,INS006
P005675,1954-02-18,Female,Nice,INS001
P005676,1935-10-25,Male,Nantes,INS004
P005677,1931-03-03,Female,Toulouse,INS005
P005678,1968-08-23,Male,Toulouse,INS003
P005679,1998-01-18,Male,Marseille,INS007
P005680,1957-06-07,Male,Toulouse,INS002
P005681,1935-03-04,Female,Nantes,INS007
P005682,1948-06-22,Male,Nice,INS001
P005683,1970-06-13,Female,Nice,INS004
P005684,1945-04-16,Female,Lille,INS005
P005685,2009-04-03,Female,Nice,INS003
P005686,1991-11-01,Female,Toulouse,INS005
P005687,1957-11-29,Female,Lille,INS008
P005688,2007-01-27,Female,Lyon,INS004
P005689,1956-04-29,Female,Marseille,INS005
P005690,1941-05-10,Male,Nantes,INS008
P005691,2005-12-31,Female,Marseille,INS008
P005692,2007-09-25,Female,Paris,INS001
P005693,1955-04-29,Female,Marseille,INS006
P005694,1978-03-05,Female,Montpellier,INS007
P005695,1944-01-14,Male,Lyon,INS008
P005696,1981-12-21,Male,Lyon,INS007
P005697,1985-11-24,Male,Toulouse,INS001
P005698,1987-07-03,Male,Lille,INS007
P005699,1976-01-25,Female,Montpellier,INS007
P005700,1987-01-12,Male,Marseille,INS005
P005701,1974-12-16,Female,Toulouse,INS001
P005702,1996-05-27,Female,Marseille,INS002
P005703,1944-07-18,Female,Marseille,INS003
P005704,1969-02-27,Female,Lille,INS007
P005705,1963-09-23,Male,Marseille,INS002
P005706,1973-03-14,Female,Nice,INS006
P005707,1941-07-05,Female,Nice,INS002
P005708,1956-03-25,Female,Lyon,INS007
P005709,2007-04-14,Male,Toulouse,INS001
P005710,1938-07-11,Male,Marseille,INS002
P005711,1981-06-16,Male,Strasbourg,INS001
P005712,1983-11-01,Male,Lyon,INS005
P005713,1968-06-08,Male,Toulouse,INS007
P005714,1932-09-21,Female,Lille,INS004
P005715,1932-10-13,Female,Lille,INS005
P005716,1952-04-29,Female,Montpellier,INS006
P005717,1938-04-21,Female,Bordeaux,INS004
P005718,1937-08-19,Male,Lille,INS007
P005719,1942-12-21,Female,Strasbourg,INS003
P005720,1945-06-13,Female,Nice,INS002
P005721,1997-11-30,Male,Lyon,INS002
P005722,1981-09-26,Female,Toulouse,INS002
P005723,1932-06-18,Female,Toulouse,INS001
P005724,1980-11-26,Female,Toulouse,INS001
P005725,1941-01-27,Male,Lille,INS001
P005726,1964-02-08,Female,Strasbourg,INS002
P005727,1933-01-30,Female,Montpellier,INS006
P005728,1937-04-21,Female,Paris,INS002
P005729,1940-09-27,Male,Strasbourg,INS005
P005730,1965-02-06,Female,Strasbourg,INS001
P005731,1967-07-05,Female,Lille,INS007
P005732,1958-07-28,Male,Toulouse,INS003
P005733,1980-03-26,Male,Lyon,INS004
P005734,1988-05-10,Female,Lille,INS006
P005735,1989-01-09,Female,Marseille,INS008
P005736,1976-11-24,Female,Montpellier,INS007
P005737,1974-03-10,Male,Lyon,INS004
P005738,1969-10-25,Female,Lille,INS003
P005739,1949-04-10,Male,Toulouse,INS003
P005740,1969-06-11,Male,Montpellier,INS001
P005741,1930-10-26,Male,Strasbourg,INS003
P005742,2008-04-07,Female,Montpellier,INS007
P005743,1959-12-23,Male,Lille,INS003
P005744,1991-04-05,Male,Marseille,INS004
P005745,2007-06-29,Male,Bordeaux,INS001
P005746,1970-04-03,Female,Lille,INS003
P005747,1999-10-22,Male,Paris,INS001
P005748,1968-10-25,Male,Strasbourg,INS004
P005749,1940-09-18,Male,Paris,INS003
P005750,1932-02-23,Male,Lyon,INS008
P005751,1940-12-26,Female,Montpellier,INS005
P005752,2006-05-05,Female,Nice,INS003
P005753,1968-06-25,Male,Nantes,INS005
P005754,1955-11-08,Male,Lyon,INS008
P005755,1966-02-17,Male,Marseille,INS002
P005756,1950-09-24,Female,Marseille,INS003
P005757,2000-07-06,Female,Nantes,INS005
P005758,2010-12-13,Male,Bordeaux,INS001
P005759,1936-11-17,Male,Lille,INS005
P005760,1988-03-18,Female,Nice,INS002
P005761,1957-03-08,Female,Nice,INS007
P005762,1933-11-02,Male,Nice,INS007
P005763,2004-09-11,Female,Lyon,INS001
P005764,1935-01-05,Female,Nantes,INS005
P005765,1946-09-05,Female,Marseille,INS002
P005766,1932-01-25,Female,Marseille,INS005
P005767,1968-03-04,Female,Montpellier,INS005
P005768,1978-07-27,Male,Toulouse,INS008
P005769,1955-12-22,Male,Nice,INS002
P005770,1935-10-19,Male,Marseille,INS005
P005771,1939-05-30,Male,Montpellier,INS008
P005772,2005-08-08,Female,Marseille,INS001
P005773,1995-04-12,Female,Lyon,INS003
P005774,2005-11-20,Female,Lille,INS006
P005775,1972-12-29,Female,Lyon,INS001
P005776,1974-03-25,Male,Bordeaux,INS002
P005777,1993-08-30,Female,Lyon,INS008
P005778,1979-12-12,Male,Marseille,INS005
P005779,1965-05-08,Female,Nice,INS001
P005780,1953-08-23,Female,Paris,INS007
P005781,1969-04-29,Female,Toulouse,INS005
P005782,1935-03-08,Female,Nantes,INS004
P005783,1945-08-03,Male,Toulouse,INS008
P005784,1989-09-25,Male,Paris,INS003
P005785,2000-04-23,Female,Lyon,INS004
P005786,1938-03-31,Male,Montpellier,INS005
P005787,1937-11-06,Male,Nice,INS002
P005788,1936-12-06,Female,Lille,INS002
P005789,1994-02-12,Female,Strasbourg,INS002
P005790,1955-03-18,Female,Paris,INS003
P005791,1956-06-19,Female,Paris,INS001
P005792,1931-01-04,Male,Strasbourg,INS005
P005793,2008-10-11,Female,Nantes,INS008
P005794,1965-02-26,Male,Bordeaux,INS003
P005795,1994-08-04,Male,Lille,INS001
P005796,1987-04-28,Female,Strasbourg,INS001
P005797,1941-06-26,Male,Nantes,INS002
P005798,1994-11-28,Female,Toulouse,INS005
P005799,1974-07-29,Female,Lille,INS004
P005800,1978-12-12,Female,Lille,INS004
P005801,1946-03-24,Female,Bordeaux,INS007
P005802,1998-08-05,Female,Nantes,INS004
P005803,2005-06-18,Male,Strasbourg,INS005
P005804,1962-12-04,Male,Toulouse,INS008
P005805,1937-06-28,Male,Marseille,INS002
P005806,1998-10-01,Female,Bordeaux,INS001
P005807,2001-11-16,Male,Bordeaux,INS002
P005808,1971-01-09,Female,Marseille,INS002
P005809,1976-11-28,Male,Paris,INS007
P005810,1948-01-25,Male,Lille,INS008
P005811,1935-06-20,Male,Paris,INS005
P005812,2006-06-22,Female,Paris,INS002
P005813,1969-02-12,Male,Montpellier,INS007
P005814,1952-04-09,Male,Nice,INS008
P005815,1986-02-24,Female,Paris,INS004
P005816,1932-02-15,Male,Lille,INS006
P005817,1936-06-22,Female,Marseille,INS005
P005818,1949-08-28,Female,Montpellier,INS005
P005819,1966-07-03,Male,Toulouse,INS003
P005820,1959-09-14,Male,Marseille,INS003
P005821,1945-03-05,Female,Nantes,INS003
P005822,1958-06-17,Female,Toulouse,INS003
P005823,1957-01-17,Female,Lyon,INS007
P005824,1972-06-30,Female,Lille,INS007
P005825,1975-08-01,Male,Lyon,INS001
P005826,2001-07-13,Female,Nantes,INS001
P005827,1995-05-07,Male,Montpellier,INS004
P005828,1953-09-05,Female,Strasbourg,INS007
P005829,2003-02-11,Female,Lille,INS005
P005830,1972-03-07,Female,Toulouse,INS007
P005831,1945-03-15,Female,Paris,INS006
P005832,1957-07-20,Female,Lille,INS006
P005833,1990-01-30,Female,Paris,INS005
P005834,1996-07-24,Female,Nice,INS001
P005835,1960-04-21,Female,Montpellier,INS002
P005836,1942-10-07,Male,Lyon,INS006
P005837,1945-07-17,Male,Nantes,INS003
P005838,1938-05-21,Male,Bordeaux,INS006
P005839,1986-08-06,Female,Toulouse,INS003
P005840,1970-09-28,Female,Nice,INS001
P005841,1966-07-18,Female,Nantes,INS006
P005842,1984-06-03,Male,Marseille,INS008
P005843,1997-02-13,Male,Nice,INS004
P005844,1994-06-08,Female,Nantes,INS002
P005845,1941-02-09,Female,Lille,INS004
P005846,1977-10-04,Female,Nice,INS008
P005847,2001-06-25,Female,Nantes,INS003
P005848,1992-09-05,Male,Lyon,INS001
P005849,1956-09-06,Female,Lyon,INS007
P005850,1961-10-22,Female,Lille,INS002
P005851,2002-02-07,Female,Paris,INS001
P005852,1932-08-30,Female,Toulouse,INS006
P005853,1972-07-23,Female,Toulouse,INS003
P005854,1939-05-28,Female,Nice,INS002
P005855,2002-06-17,Female,Lyon,INS001
P005856,1933-02-19,Female,Bordeaux,INS002
P005857,1931-11-24,Male,Nantes,INS002
P005858,1956-08-23,Female,Toulouse,INS001
P005859,1946-03-19,Female,Montpellier,INS003
P005860,1970-02-18,Male,Lille,INS007
P005861,1954-04-07,Female,Toulouse,INS004
P005862,1958-11-11,Male,Paris,INS001
P005863,1975-10-04,Male,Toulouse,INS008
P005864,1975-05-29,Female,Paris,INS006
P005865,2005-09-23,Female,Montpellier,INS008
P005866,1968-12-05,Male,Marseille,INS005
P005867,1975-09-14,Female,Strasbourg,INS004
P005868,1984-11-29,Female,Lyon,INS005
P005869,1944-02-11,Male,Marseille,INS001
P005870,1984-01-09,Female,Lyon,INS004
P005871,1999-10-24,Male,Lille,INS004
P005872,1955-10-06,Male,Nantes,INS003
P005873,1944-06-12,Male,Toulouse,INS007
P005874,1958-01-16,Male,Nantes,INS008
P005875,1952-04-11,Male,Strasbourg,INS004
P005876,1977-05-25,Female,Paris,INS007
P005877,1999-12-17,Male,Toulouse,INS002
P005878,1978-04-23,Male,Bordeaux,INS008
P005879,1940-03-02,Male,Bordeaux,INS006
P005880,1955-06-29,Male,Lyon,INS006
P005881,1985-10-31,Male,Marseille,INS005
P005882,1956-10-03,Female,Lille,INS007
P005883,1977-06-30,Male,Nantes,INS005
P005884,1986-03-20,Female,Montpellier,INS008
P005885,1956-08-30,Female,Lille,INS006
P005886,1982-06-10,Female,Bordeaux,INS004
P005887,1962-03-31,Male,Lille,INS002
P005888,1940-12-09,Male,Paris,INS008
P005889,1960-02-23,Female,Lille,INS001
P005890,1965-09-21,Female,Lille,INS001
P005891,1930-03-12,Female,Lyon,INS001
P005892,2002-04-22,Female,Nantes,INS001
P005893,1972-10-04,Female,Marseille,INS002
P005894,1932-12-10,Male,Marseille,INS004
P005895,2000-04-21,Female,Lille,INS003
P005896,1999-04-08,Female,Montpellier,INS004
P005897,1930-12-23,Female,Nantes,INS004
P005898,1943-03-21,Female,Toulouse,INS004
P005899,1959-06-20,Male,Strasbourg,INS001
P005900,1971-02-01,Female,Paris,INS005
P005901,1988-10-13,Female,Lille,INS003
P005902,1964-05-15,Male,Bordeaux,INS005
P005903,1979-07-20,Female,Toulouse,INS001
P005904,1930-10-27,Male,Nantes,INS007
P005905,1983-05-05,Male,Nice,INS006
P005906,2004-02-23,Male,Toulouse,INS003
P005907,1972-08-15,Male,Montpellier,INS003
P005908,1966-11-06,Female,Montpellier,INS003
P005909,1954-01-24,Female,Toulouse,INS008
P005910,2007-04-18,Female,Montpellier,INS006
P005911,1932-09-09,Female,Nantes,INS004
P005912,1953-03-24,Female,Lyon,INS006
P005913,1941-03-27,Female,Lyon,INS001
P005914,2000-03-01,Female,Paris,INS007
P005915,1969-02-02,Female,Marseille,INS005
P005916,2004-09-16,Male,Lille,INS003
P005917,1983-11-17,Female,Paris,INS006
P005918,1975-02-07,Female,Nantes,INS001
P005919,1971-11-30,Female,Toulouse,INS004
P005920,1946-06-02,Male,Nantes,INS008
P005921,1975-07-11,Female,Bordeaux,INS007
P005922,1985-07-03,Male,Marseille,INS001
P005923,2008-03-10,Female,Nantes,INS005
P005924,1974-06-19,Female,Montpellier,INS006
P005925,2006-01-16,Male,Lille,INS005
P005926,2006-07-03,Female,Lille,INS003
P005927,1972-04-29,Female,Bordeaux,INS006
P005928,1965-07-31,Female,Strasbourg,INS004
P005929,1941-07-23,Female,Bordeaux,INS008
P005930,1951-10-01,Female,Strasbourg,INS007
P005931,2001-03-16,Female,Paris,INS008
P005932,1941-03-15,Female,Paris,INS004
P005933,1962-02-28,Male,Toulouse,INS006
P005934,1986-08-03,Female,Marseille,INS002
P005935,1949-06-28,Female,Paris,INS007
P005936,2008-11-25,Male,Marseille,INS007
P005937,1982-08-10,Female,Marseille,INS007
P005938,1932-04-18,Male,Montpellier,INS001
P005939,1950-01-08,Female,Nice,INS004
P005940,1989-12-22,Male,Lille,INS003
P005941,1999-12-01,Male,Montpellier,INS008
P005942,2005-01-29,Female,Strasbourg,INS005
P005943,1998-12-11,Male,Marseille,INS005
P005944,1936-01-22,Male,Toulouse,INS004
P005945,1989-02-07,Male,Montpellier,INS001
P005946,1938-12-04,Female,Toulouse,INS005
P005947,1936-03-14,Female,Lille,INS005
P005948,1986-01-17,Female,Montpellier,INS004
P005949,1968-09-24,Male,Nantes,INS006
P005950,1982-06-26,Female,Toulouse,INS004
P005951,1998-12-20,Female,Strasbourg,INS006
P005952,1935-07-30,Male,Nice,INS003
P005953,1972-09-23,Female,Lille,INS007
P005954,1997-08-02,Male,Toulouse,INS008
P005955,1965-08-30,Female,Paris,INS004
P005956,1972-05-24,Male,Lyon,INS001
P005957,1970-04-29,Female,Montpellier,INS006
P005958,2003-06-25,Female,Paris,INS008
P005959,1934-01-16,Male,Strasbourg,INS006
P005960,2001-02-11,Female,Marseille,INS003
P005961,1996-02-15,Female,Bordeaux,INS005
P005962,1995-10-24,Female,Nice,INS003
P005963,1963-05-25,Male,Montpellier,INS007
P005964,1971-10-15,Female,Lille,INS006
P005965,1959-11-21,Female,Montpellier,INS006
P005966,1950-05-22,Female,Toulouse,INS004
P005967,2000-11-27,Female,Strasbourg,INS002
P005968,1970-12-25,Male,Lyon,INS005
P005969,1988-08-03,Female,Marseille,INS003
P005970,1938-03-02,Male,Nantes,INS008
P005971,1993-11-25,Male,Nice,INS001
P005972,1983-05-14,Male,Strasbourg,INS007
P005973,2010-10-21,Male,Lille,INS007
P005974,1940-11-07,Female,Nantes,INS005
P005975,1973-09-28,Male,Nantes,INS008
P005976,1971-05-28,Male,Montpellier,INS006
P005977,1973-08-11,Male,Lyon,INS001
P005978,1934-05-28,Female,Paris,INS004
P005979,1968-04-27,Female,Bordeaux,INS007
P005980,1954-04-05,Male,Paris,INS007
P005981,1980-01-02,Female,Lyon,INS002
P005982,1948-10-18,Male,Bordeaux,INS002
P005983,1965-03-28,Female,Marseille,INS008
P005984,1980-03-22,Female,Marseille,INS001
P005985,1935-03-10,Female,Lille,INS008
P005986,1993-09-23,Female,Nantes,INS005
P005987,1987-12-22,Female,Lille,INS007
P005988,1934-08-23,Male,Nice,INS002
P005989,1935-03-31,Male,Lyon,INS003
P005990,1998-11-14,Male,Lyon,INS006
P005991,1952-12-13,Male,Lyon,INS002
P005992,1999-09-20,Male,Montpellier,INS001
P005993,1970-06-09,Female,Marseille,INS005
P005994,1957-09-21,Male,Paris,INS001
P005995,1952-02-28,Male,Lille,INS008
P005996,1983-05-18,Male,Nantes,INS006
P005997,1938-11-21,Female,Lille,INS006
P005998,1962-08-11,Male,Lille,INS005
P005999,1958-01-05,Female,Paris,INS005
P006000,1942-06-28,Female,Nantes,INS008
P006001,1958-07-30,Male,Marseille,INS001
P006002,1972-10-26,Male,Paris,INS002
P006003,1984-11-18,Female,Nice,INS006
P006004,1936-12-29,Female,Montpellier,INS001
P006005,2000-08-30,Male,Nantes,INS002
P006006,2001-02-25,Female,Montpellier,INS001
P006007,1986-01-18,Female,Toulouse,INS001
P006008,2004-11-12,Male,Bordeaux,INS004
P006009,1964-08-30,Male,Lille,INS006
P006010,1996-07-19,Female,Bordeaux,INS001
P006011,1988-11-27,Male,Strasbourg,INS008
P006012,1975-07-25,Female,Nantes,INS007
P006013,1944-07-16,Female,Paris,INS006
P006014,1975-03-01,Male,Bordeaux,INS001
P006015,2003-01-03,Male,Lille,INS005
P006016,2009-10-01,Female,Bordeaux,INS008
P006017,1966-04-17,Female,Bordeaux,INS002
P006018,1950-01-29,Female,Bordeaux,INS005
P006019,1990-07-19,Female,Strasbourg,INS005
P006020,1936-02-25,Female,Strasbourg,INS006
P006021,1942-03-28,Female,Montpellier,INS008
P006022,1975-07-08,Male,Nantes,INS002
P006023,2010-03-16,Female,Marseille,INS001
P006024,1956-08-18,Male,Lyon,INS001
P006025,1965-11-28,Male,Strasbourg,INS003
P006026,1956-02-10,Male,Montpellier,INS003
P006027,1965-09-05,Male,Paris,INS008
P006028,1930-07-29,Female,Marseille,INS005
P006029,1978-03-04,Female,Nantes,INS006
P006030,1978-04-18,Male,Lyon,INS005
P006031,1955-07-24,Female,Paris,INS008
P006032,1951-05-22,Female,Montpellier,INS003
P006033,1991-09-09,Female,Paris,INS006
P006034,1945-03-20,Male,Marseille,INS003
P006035,1933-10-24,Female,Montpellier,INS002
P006036,1933-04-11,Female,Lyon,INS008
P006037,2001-06-02,Female,Nice,INS001
P006038,1959-07-07,Male,Bordeaux,INS003
P006039,1938-04-01,Female,Bordeaux,INS004
P006040,2001-03-12,Male,Strasbourg,INS002
P006041,1942-01-14,Male,Paris,INS007
P006042,1957-04-09,Female,Paris,INS003
P006043,1931-09-05,Female,Lyon,INS004
P006044,1985-01-01,Male,Toulouse,INS003
P006045,1986-08-23,Male,Montpellier,INS008
P006046,1991-04-12,Female,Paris,INS004
P006047,1951-04-22,Female,Toulouse,INS007
P006048,1956-07-29,Female,Toulouse,INS005
P006049,2005-12-26,Female,Lyon,INS008
P006050,1996-07-20,Female,Lille,INS005
P006051,1933-01-04,Female,Marseille,INS008
P006052,1986-01-15,Female,Lyon,INS006
P006053,1995-10-31,Male,Bordeaux,INS001
P006054,1975-04-19,Male,Montpellier,INS002
P006055,1981-10-31,Male,Toulouse,INS007
P006056,1930-01-30,Male,Nantes,INS001
P006057,1932-06-08,Male,Nantes,INS002
P006058,1932-11-04,Female,Strasbourg,INS007
P006059,1942-11-17,Male,Strasbourg,INS003
P006060,2010-04-04,Female,Montpellier,INS002
P006061,1981-05-19,Female,Strasbourg,INS002
P006062,1993-05-13,Male,Montpellier,INS003
P006063,1953-12-10,Male,Montpellier,INS007
P006064,2005-12-09,Female,Nice,INS004
P006065,1946-02-10,Male,Toulouse,INS008
P006066,2003-01-31,Female,Lille,INS006
P006067,1932-06-30,Female,Bordeaux,INS003
P006068,1931-08-28,Female,Strasbourg,INS002
P006069,1936-05-23,Female,Nice,INS008
P006070,1994-02-20,Male,Bordeaux,INS008
P006071,1950-11-09,Female,Paris,INS001
P006072,1966-07-17,Female,Marseille,INS003
P006073,1968-03-05,Male,Bordeaux,INS006
P006074,1993-12-14,Male,Lille,INS008
P006075,1958-03-31,Female,Toulouse,INS008
P006076,1930-07-18,Female,Lille,INS003
P006077,1961-04-21,Female,Paris,INS008
P006078,1953-05-06,Female,Toulouse,INS006
P006079,1989-03-14,Male,Toulouse,INS004
P006080,1990-11-09,Male,Nice,INS004
P006081,1937-06-13,Female,Lyon,INS007
P006082,1994-03-26,Female,Toulouse,INS007
P006083,1935-09-17,Female,Strasbourg,INS008
P006084,1980-03-12,Male,Marseille,INS004
P006085,1961-07-13,Female,Lille,INS003
P006086,1954-05-27,Female,Paris,INS007
P006087,1969-02-19,Male,Bordeaux,INS003
P006088,1955-02-20,Male,Strasbourg,INS007
P006089,1994-04-20,Female,Toulouse,INS005
P006090,2008-04-21,Female,Toulouse,INS005
P006091,1996-01-29,Female,Nice,INS002
P006092,1965-07-29,Male,Toulouse,INS002
P006093,1970-10-07,Female,Lille,INS006
P006094,1966-03-20,Female,Nice,INS003
P006095,1994-04-11,Male,Marseille,INS006
P006096,1974-09-27,Female,Strasbourg,INS008
P006097,1967-12-02,Female,Marseille,INS001
P006098,1963-03-03,Male,Bordeaux,INS008
P006099,1960-05-18,Female,Marseille,INS002
P006100,1974-10-07,Male,Nantes,INS002
P006101,1985-10-22,Male,Toulouse,INS007
P006102,1965-01-07,Female,Marseille,INS002
P006103,1995-05-04,Male,Nice,INS006
P006104,1996-12-17,Male,Montpellier,INS001
P006105,1964-10-02,Male,Paris,INS001
P006106,2003-08-19,Male,Bordeaux,INS002
P006107,1944-01-07,Female,Nice,INS005
P006108,2005-07-01,Female,Nice,INS003
P006109,1953-10-27,Male,Marseille,INS002
P006110,1975-09-16,Female,Lyon,INS007
P006111,1952-12-20,Female,Bordeaux,INS002
P006112,1965-10-24,Female,Nantes,INS001
P006113,1957-07-18,Female,Marseille,INS001
P006114,1987-02-14,Male,Lille,INS008
P006115,1936-07-29,Male,Bordeaux,INS004
P006116,1997-11-25,Male,Toulouse,INS008
P006117,2003-03-18,Female,Toulouse,INS007
P006118,1975-08-08,Female,Nantes,INS003
P006119,1974-04-30,Male,Montpellier,INS007
P006120,1986-09-12,Female,Nice,INS004
P006121,1946-02-15,Male,Paris,INS005
P006122,1990-09-22,Male,Lille,INS005
P006123,1947-09-18,Female,Paris,INS007
P006124,1984-10-14,Female,Strasbourg,INS002
P006125,1954-10-02,Male,Nantes,INS001
P006126,1990-06-08,Female,Marseille,INS006
P006127,1994-01-27,Male,Strasbourg,INS008
P006128,1946-11-25,Male,Bordeaux,INS005
P006129,1980-01-05,Female,Paris,INS001
P006130,1970-05-14,Male,Lyon,INS001
P006131,1953-10-25,Female,Strasbourg,INS005
P006132,1977-08-25,Female,Marseille,INS008
P006133,2010-05-27,Male,Bordeaux,INS005
P006134,1930-03-15,Male,Strasbourg,INS003
P006135,2007-07-04,Male,Marseille,INS005
P006136,1999-05-01,Male,Paris,INS002
P006137,1972-11-16,Male,Paris,INS004
P006138,1979-05-30,Female,Montpellier,INS008
P006139,1959-11-27,Female,Bordeaux,INS006
P006140,1940-06-17,Female,Lille,INS001
P006141,1976-04-15,Female,Paris,INS002
P006142,1996-02-15,Female,Nantes,INS001
P006143,1948-09-20,Male,Paris,INS004
P006144,1988-01-30,Female,Paris,INS002
P006145,1990-08-04,Male,Bordeaux,INS008
P006146,1991-06-03,Male,Nantes,INS003
P006147,1957-07-16,Male,Bordeaux,INS001
P006148,1961-10-03,Female,Montpellier,INS004
P006149,1963-09-18,Male,Marseille,INS006
P006150,1999-03-10,Male,Bordeaux,INS006
P006151,2002-12-07,Female,Lille,INS008
P006152,1963-07-15,Female,Lille,INS003
P006153,2008-07-25,Female,Lyon,INS005
P006154,1976-03-17,Male,Nice,INS005
P006155,1961-03-10,Male,Nice,INS001
P006156,1930-01-20,Female,Nice,INS001
P006157,1979-07-01,Male,Lyon,INS007
P006158,1982-03-26,Female,Lyon,INS004
P006159,2008-06-08,Female,Nice,INS006
P006160,1988-03-03,Male,Nantes,INS008
P006161,1932-05-27,Male,Paris,INS002
P006162,1975-12-08,Male,Nantes,INS007
P006163,1990-03-01,Female,Montpellier,INS002
P006164,1970-03-22,Female,Nice,INS006
P006165,1964-10-10,Female,Marseille,INS002
P006166,1995-08-09,Female,Lille,INS003
P006167,1979-07-09,Female,Nice,INS004
P006168,1985-03-10,Male,Toulouse,INS004
P006169,1967-08-05,Male,Nice,INS001
P006170,1952-07-10,Female,Montpellier,INS007
P006171,1972-01-17,Female,Toulouse,INS001
P006172,2007-09-07,Female,Bordeaux,INS008
P006173,1978-10-25,Female,Toulouse,INS002
P006174,1987-04-15,Male,Bordeaux,INS006
P006175,1940-01-21,Female,Paris,INS006
P006176,2010-01-08,Male,Montpellier,INS004
P006177,1949-10-27,Female,Bordeaux,INS005
P006178,2008-09-01,Female,Marseille,INS001
P006179,1966-02-08,Male,Bordeaux,INS008
P006180,2004-06-06,Female,Lille,INS001
P006181,2002-03-27,Female,Strasbourg,INS006
P006182,1991-03-08,Male,Nice,INS001
P006183,2004-03-24,Female,Lille,INS006
P006184,1979-05-13,Female,Nice,INS003
P006185,1998-10-01,Female,Paris,INS004
P006186,1943-12-12,Female,Montpellier,INS001
P006187,1935-09-11,Male,Bordeaux,INS002
P006188,1974-01-04,Female,Nantes,INS004
P006189,1995-08-06,Male,Nantes,INS006
P006190,1991-12-29,Male,Lille,INS005
P006191,1972-10-04,Female,Nantes,INS003
P006192,1972-03-10,Female,Lille,INS005
P006193,1979-05-25,Female,Nantes,INS002
P006194,2000-04-28,Female,Paris,INS005
P006195,1998-03-09,Female,Lyon,INS005
P006196,1938-11-19,Male,Montpellier,INS002
P006197,1978-04-03,Female,Nice,INS002
P006198,1960-11-08,Female,Lyon,INS005
P006199,1994-10-01,Male,Marseille,INS005
P006200,1970-12-25,Male,Bordeaux,INS008
P006201,2010-04-18,Female,Paris,INS004
P006202,1965-01-06,Female,Toulouse,INS004
P006203,1985-01-02,Male,Lille,INS004
P006204,1938-10-18,Female,Lyon,INS007
P006205,2005-07-08,Male,Marseille,INS003
P006206,1942-06-08,Male,Marseille,INS004
P006207,1960-08-24,Female,Paris,INS003
P006208,1997-11-05,Female,Nantes,INS005
P006209,2008-05-11,Female,Marseille,INS006
P006210,1969-03-27,Female,Paris,INS004
P006211,1969-04-05,Female,Paris,INS003
P006212,1933-12-12,Male,Montpellier,INS006
P006213,2009-04-14,Male,Lyon,INS003
P006214,1931-05-03,Male,Montpellier,INS008
P006215,1932-02-11,Male,Lyon,INS005
P006216,1968-05-08,Male,Paris,INS004
P006217,1930-04-18,Female,Bordeaux,INS002
P006218,1943-04-25,Female,Strasbourg,INS007
P006219,1980-11-04,Male,Paris,INS005
P006220,1987-02-11,Male,Lille,INS008
P006221,1954-02-25,Female,Nice,INS006
P006222,1994-06-02,Male,Paris,INS007
P006223,1979-03-23,Female,Lyon,INS001
P006224,1948-06-28,Female,Lille,INS001
P006225,1987-09-15,Male,Strasbourg,INS006
P006226,1977-12-18,Female,Strasbourg,INS001
P006227,1995-10-12,Male,Nice,INS008
P006228,1942-07-06,Male,Nantes,INS008
P006229,1948-09-12,Male,Paris,INS005
P006230,1954-08-04,Female,Marseille,INS006
P006231,1957-08-27,Male,Montpellier,INS004
P006232,2001-12-28,Female,Nice,INS008
P006233,1989-05-02,Male,Marseille,INS001
P006234,1974-01-26,Female,Nice,INS003
P006235,1973-10-10,Male,Nice,INS006
P006236,2001-10-03,Male,Nice,INS007
P006237,1966-03-10,Female,Montpellier,INS002
P006238,1948-03-30,Female,Bordeaux,INS007
P006239,1941-02-02,Female,Paris,INS004
P006240,1956-09-24,Male,Strasbourg,INS007
P006241,1982-12-01,Male,Paris,INS003
P006242,1968-02-23,Male,Nantes,INS006
P006243,1964-03-01,Male,Nice,INS002
P006244,1968-11-19,Female,Lyon,INS002
P006245,2008-12-17,Male,Nice,INS006
P006246,2010-10-22,Female,Strasbourg,INS006
P006247,1943-01-24,Male,Nantes,INS003
P006248,1939-04-09,Female,Lille,INS005
P006249,1949-10-15,Male,Marseille,INS008
P006250,1999-01-03,Female,Nice,INS003
P006251,1967-03-22,Female,Lyon,INS005
P006252,1999-12-16,Female,Nantes,INS002
P006253,1982-05-21,Male,Lyon,INS005
P006254,1974-10-22,Female,Lille,INS008
P006255,1952-10-20,Female,Bordeaux,INS006
P006256,1957-11-12,Female,Lyon,INS002
P006257,1941-12-19,Female,Nice,INS006
P006258,1972-01-21,Male,Nantes,INS004
P006259,1952-09-16,Male,Paris,INS001
P006260,1953-09-09,Male,Strasbourg,INS005
P006261,1933-03-15,Male,Nice,INS003
P006262,1994-09-22,Female,Strasbourg,INS008
P006263,2006-01-29,Female,Nantes,INS008
P006264,1970-05-12,Male,Nantes,INS006
P006265,1973-06-01,Male,Lille,INS006
P006266,2004-12-28,Female,Marseille,INS003
P006267,1971-06-06,Male,Marseille,INS001
P006268,1980-06-08,Female,Lille,INS001
P006269,1964-09-03,Female,Marseille,INS004
P006270,1971-08-29,Female,Nice,INS003
P006271,1972-04-08,Male,Bordeaux,INS008
P006272,1987-08-06,Male,Toulouse,INS003
P006273,1978-12-09,Male,Nice,INS002
P006274,1970-10-26,Male,Nice,INS007
P006275,1936-02-22,Male,Montpellier,INS007
P006276,2003-04-06,Female,Lille,INS004
P006277,2001-12-12,Male,Marseille,INS001
P006278,1944-12-09,Female,Paris,INS001
P006279,1953-10-04,Female,Lyon,INS005
P006280,2008-11-02,Female,Nantes,INS007
P006281,1956-01-03,Female,Strasbourg,INS004
P006282,1995-10-14,Male,Nantes,INS001
P006283,1993-08-23,Female,Montpellier,INS003
P006284,1999-09-19,Female,Nantes,INS001
P006285,1931-04-19,Male,Strasbourg,INS004
P006286,1969-02-11,Male,Marseille,INS004
P006287,1975-10-22,Female,Lille,INS006
P006288,1997-10-23,Female,Strasbourg,INS001
P006289,1948-03-07,Female,Nantes,INS004
P006290,1954-11-06,Male,Toulouse,INS002
P006291,1944-07-28,Male,Montpellier,INS004
P006292,1991-09-19,Female,Nice,INS008
P006293,2010-11-27,Male,Marseille,INS006
P006294,1941-05-18,Male,Nantes,INS007
P006295,1948-11-18,Male,Lille,INS001
P006296,1954-11-14,Female,Toulouse,INS007
P006297,2002-01-04,Male,Strasbourg,INS007
P006298,1966-02-07,Male,Nantes,INS006
P006299,1952-11-01,Female,Paris,INS007
P006300,1956-02-09,Female,Bordeaux,INS001
P006301,1978-06-12,Female,Nantes,INS006
P006302,1961-05-07,Female,Bordeaux,INS007
P006303,1941-05-16,Male,Marseille,INS002
P006304,1996-06-04,Male,Nantes,INS004
P006305,1964-03-14,Female,Montpellier,INS004
P006306,1950-10-16,Male,Paris,INS001
P006307,1988-12-31,Female,Nantes,INS002
P006308,1990-05-14,Male,Montpellier,INS003
P006309,1942-07-23,Female,Toulouse,INS001
P006310,1935-12-21,Male,Lille,INS005
P006311,1933-09-05,Male,Marseille,INS001
P006312,1992-01-09,Male,Marseille,INS001
P006313,1980-09-06,Male,Lille,INS006
P006314,1994-02-25,Female,Nice,INS003
P006315,1980-09-26,Male,Lyon,INS004
P006316,1962-07-15,Male,Marseille,INS003
P006317,1977-10-02,Female,Montpellier,INS004
P006318,1988-07-08,Male,Montpellier,INS004
P006319,1962-04-22,Female,Marseille,INS002
P006320,2004-02-15,Female,Toulouse,INS001
P006321,2002-11-12,Male,Toulouse,INS004
P006322,1994-11-09,Female,Marseille,INS005
P006323,2010-05-16,Female,Lyon,INS007
P006324,1961-08-16,Female,Paris,INS002
P006325,1939-03-30,Male,Nantes,INS001
P006326,1969-03-21,Male,Paris,INS005
P006327,1990-06-01,Female,Nantes,INS008
P006328,1993-02-15,Male,Paris,INS002
P006329,1961-06-20,Male,Lyon,INS001
P006330,1953-09-13,Male,Paris,INS004
P006331,1966-01-30,Male,Lille,INS005
P006332,1995-02-11,Male,Lille,INS005
P006333,1934-11-28,Female,Lille,INS001
P006334,1956-07-28,Female,Lille,INS006
P006335,1948-08-14,Male,Montpellier,INS003
P006336,1995-04-14,Female,Toulouse,INS001
P006337,1968-01-16,Female,Strasbourg,INS008
P006338,1937-01-11,Female,Marseille,INS005
P006339,1951-03-16,Female,Toulouse,INS003
P006340,1933-08-06,Male,Paris,INS007
P006341,1968-07-08,Female,Marseille,INS007
P006342,2010-10-23,Male,Paris,INS002
P006343,1975-12-11,Male,Paris,INS008
P006344,2000-06-04,Female,Lyon,INS005
P006345,1990-02-23,Female,Lyon,INS003
P006346,2001-07-05,Female,Lille,INS004
P006347,1955-03-12,Female,Nice,INS002
P006348,2007-01-19,Female,Lyon,INS007
P006349,1949-05-01,Male,Nantes,INS003
P006350,1965-07-03,Female,Lille,INS004
P006351,1985-03-07,Female,Toulouse,INS001
P006352,1953-03-26,Female,Montpellier,INS008
P006353,1951-06-03,Female,Toulouse,INS003
P006354,1940-07-13,Female,Marseille,INS006
P006355,1930-05-05,Male,Marseille,INS003
P006356,1970-08-06,Female,Lyon,INS005
P006357,2009-12-04,Male,Strasbourg,INS005
P006358,1947-10-28,Male,Nantes,INS003
P006359,1965-08-26,Male,Marseille,INS004
P006360,2005-10-11,Male,Toulouse,INS005
P006361,1992-07-22,Female,Bordeaux,INS002
P006362,1930-04-29,Male,Paris,INS002
P006363,1970-07-19,Female,Montpellier,INS002
P006364,1941-08-07,Male,Nice,INS004
P006365,1950-01-03,Female,Bordeaux,INS002
P006366,1949-12-18,Male,Nice,INS003
P006367,1979-08-11,Male,Lyon,INS006
P006368,1946-02-11,Male,Montpellier,INS006
P006369,1950-05-27,Female,Nantes,INS008
P006370,1948-04-15,Male,Montpellier,INS007
P006371,1958-11-28,Male,Strasbourg,INS004
P006372,1983-02-20,Female,Bordeaux,INS008
P006373,1962-05-25,Female,Marseille,INS008
P006374,1956-07-12,Female,Nantes,INS002
P006375,1971-12-04,Female,Bordeaux,INS002
P006376,1979-10-25,Male,Toulouse,INS008
P006377,1931-03-31,Female,Nice,INS008
P006378,2002-02-09,Male,Strasbourg,INS007
P006379,2004-03-24,Male,Lyon,INS004
P006380,1978-10-22,Male,Bordeaux,INS007
P006381,1976-07-17,Male,Nice,INS007
P006382,1986-04-04,Male,Lille,INS006
P006383,1965-09-16,Female,Lille,INS005
P006384,1959-08-10,Female,Paris,INS003
P006385,1958-07-27,Male,Lille,INS006
P006386,1942-12-09,Male,Bordeaux,INS008
P006387,1998-02-18,Female,Montpellier,INS008
P006388,1955-12-20,Male,Bordeaux,INS005
P006389,1953-01-13,Male,Marseille,INS001
P006390,2008-02-08,Female,Strasbourg,INS006
P006391,1971-01-16,Male,Lyon,INS003
P006392,1980-05-13,Male,Lyon,INS002
P006393,1949-11-18,Female,Bordeaux,INS001
P006394,1952-06-23,Female,Strasbourg,INS002
P006395,1988-12-29,Female,Marseille,INS004
P006396,1966-07-10,Male,Paris,INS003
P006397,1941-12-19,Female,Nice,INS004
P006398,1997-09-03,Male,Bordeaux,INS005
P006399,1962-08-16,Male,Nantes,INS005
P006400,1984-02-22,Male,Lille,INS004
P006401,1957-08-23,Female,Lyon,INS004
P006402,1975-05-31,Female,Lille,INS008
P006403,1992-10-28,Female,Toulouse,INS003
P006404,2001-09-11,Female,Toulouse,INS001
P006405,1946-10-18,Female,Strasbourg,INS007
P006406,1984-06-19,Female,Marseille,INS001
P006407,2004-01-31,Female,Lille,INS007
P006408,1982-01-22,Male,Lyon,INS003
P006409,1941-08-04,Female,Bordeaux,INS007
P006410,1945-05-16,Female,Strasbourg,INS002
P006411,1946-06-05,Male,Strasbourg,INS002
P006412,1938-08-14,Male,Marseille,INS004
P006413,1991-01-19,Male,Toulouse,INS004
P006414,2008-03-04,Male,Nice,INS006
P006415,1971-11-13,Female,Paris,INS006
P006416,1978-07-04,Male,Nice,INS008
P006417,1992-09-01,Male,Lyon,INS006
P006418,1963-09-02,Male,Paris,INS002
P006419,1968-04-08,Male,Lyon,INS001
P006420,1977-09-16,Female,Strasbourg,INS003
P006421,1954-09-04,Female,Nantes,INS008
P006422,1935-01-03,Male,Nice,INS007
P006423,1975-12-28,Female,Nantes,INS006
P006424,1996-08-03,Female,Nice,INS003
P006425,1935-12-07,Female,Toulouse,INS004
P006426,1947-07-20,Female,Strasbourg,INS006
P006427,1951-04-21,Female,Paris,INS008
P006428,1995-03-02,Female,Bordeaux,INS005
P006429,1970-11-15,Male,Nice,INS001
P006430,1973-04-14,Female,Montpellier,INS007
P006431,1982-04-07,Female,Lille,INS008
P006432,1952-05-27,Female,Lyon,INS001
P006433,1987-10-18,Male,Nice,INS004
P006434,1932-06-12,Male,Paris,INS008
P006435,1939-03-19,Male,Nice,INS008
P006436,1996-01-30,Male,Nice,INS008
P006437,1983-04-25,Male,Nantes,INS008
P006438,1944-04-17,Male,Marseille,INS001
P006439,1965-07-16,Male,Lyon,INS002
P006440,1934-03-13,Female,Nantes,INS004
P006441,1984-06-01,Male,Lille,INS005
P006442,1991-03-23,Female,Lille,INS004
P006443,1952-07-20,Male,Lyon,INS003
P006444,1958-05-09,Female,Lille,INS003
P006445,1949-03-08,Female,Strasbourg,INS005
P006446,1961-07-15,Female,Strasbourg,INS008
P006447,1952-01-22,Male,Lille,INS007
P006448,1950-01-05,Male,Lyon,INS002
P006449,1964-11-05,Female,Paris,INS002
P006450,1999-08-04,Female,Lyon,INS003
P006451,1991-10-12,Female,Paris,INS006
P006452,1954-01-31,Male,Nantes,INS001
P006453,2006-05-15,Female,Nantes,INS006
P006454,1947-01-10,Female,Nice,INS005
P006455,2003-10-08,Male,Lille,INS006
P006456,1955-01-18,Male,Strasbourg,INS007
P006457,1973-10-05,Male,Lyon,INS005
P006458,1946-06-15,Male,Marseille,INS005
P006459,1991-09-21,Male,Montpellier,INS004
P006460,1955-09-24,Female,Strasbourg,INS006
P006461,2000-09-04,Female,Bordeaux,INS004
P006462,1936-09-19,Male,Nantes,INS001
P006463,1970-08-30,Female,Nice,INS001
P006464,1942-11-03,Male,Strasbourg,INS006
P006465,2002-01-01,Female,Marseille,INS006
P006466,1963-10-13,Female,Paris,INS004
P006467,1984-08-18,Female,Lyon,INS006
P006468,2001-03-27,Male,Lille,INS004
P006469,1973-05-21,Male,Marseille,INS003
P006470,1934-08-22,Female,Bordeaux,INS005
P006471,1947-11-17,Female,Lyon,INS004
P006472,1947-03-24,Female,Bordeaux,INS008
P006473,2004-01-18,Female,Nice,INS006
P006474,2003-07-29,Female,Paris,INS006
P006475,1968-08-19,Male,Marseille,INS006
P006476,2002-02-02,Female,Bordeaux,INS006
P006477,1949-12-05,Female,Paris,INS007
P006478,1985-01-12,Female,Nantes,INS004
P006479,1961-09-29,Female,Nice,INS007
P006480,1949-06-24,Female,Lille,INS001
P006481,1950-04-02,Male,Paris,INS006
P006482,1964-01-02,Male,Bordeaux,INS005
P006483,1957-07-06,Male,Strasbourg,INS001
P006484,1947-02-09,Female,Marseille,INS006
P006485,1957-01-24,Male,Strasbourg,INS001
P006486,1940-06-01,Male,Strasbourg,INS006
P006487,2008-07-16,Male,Marseille,INS005
P006488,1960-10-11,Male,Bordeaux,INS005
P006489,1938-09-12,Female,Paris,INS005
P006490,1976-08-22,Male,Bordeaux,INS003
P006491,2001-07-13,Male,Strasbourg,INS005
P006492,1959-02-26,Male,Montpellier,INS002
P006493,1998-06-18,Male,Lyon,INS007
P006494,1979-06-23,Male,Nantes,INS001
P006495,1989-11-17,Female,Paris,INS002
P006496,1953-12-30,Male,Marseille,INS006
P006497,1932-12-28,Male,Strasbourg,INS001
P006498,1958-01-05,Male,Nantes,INS008
P006499,2004-11-17,Male,Lille,INS001
P006500,1994-01-16,Female,Montpellier,INS005
P006501,1993-07-07,Female,Nice,INS008
P006502,2001-02-21,Female,Paris,INS006
P006503,1960-03-26,Male,Paris,INS006
P006504,1956-02-01,Male,Nantes,INS006
P006505,2004-12-08,Male,Strasbourg,INS006
P006506,1976-04-16,Male,Lyon,INS002
P006507,1954-02-18,Male,Bordeaux,INS003
P006508,1952-07-13,Female,Strasbourg,INS002
P006509,2001-01-21,Male,Strasbourg,INS002
P006510,1934-04-27,Male,Nantes,INS002
P006511,1934-12-31,Male,Montpellier,INS006
P006512,1989-10-06,Male,Montpellier,INS008
P006513,1930-02-09,Male,Strasbourg,INS005
P006514,1943-11-07,Female,Nantes,INS001
P006515,2010-03-28,Male,Montpellier,INS006
P006516,1964-06-25,Male,Paris,INS005
P006517,1988-12-09,Female,Paris,INS007
P006518,1969-06-13,Female,Bordeaux,INS004
P006519,1937-05-03,Female,Nantes,INS004
P006520,1944-12-10,Female,Montpellier,INS006
P006521,1991-08-25,Male,Nantes,INS006
P006522,1937-08-29,Female,Marseille,INS002
P006523,1978-03-01,Female,Montpellier,INS005
P006524,1958-03-10,Male,Paris,INS008
P006525,1959-12-29,Female,Paris,INS001
P006526,2007-02-18,Male,Nice,INS003
P006527,1979-01-29,Female,Montpellier,INS005
P006528,1979-10-29,Female,Bordeaux,INS008
P006529,1958-05-18,Male,Lyon,INS008
P006530,1960-11-22,Male,Paris,INS005
P006531,1985-07-18,Male,Montpellier,INS005
P006532,1933-02-25,Male,Marseille,INS004
P006533,1949-03-22,Female,Nantes,INS004
P006534,1978-08-15,Male,Lille,INS006
P006535,1980-07-03,Female,Marseille,INS005
P006536,1937-06-22,Female,Nantes,INS005
P006537,1993-10-24,Female,Nice,INS007
P006538,1973-12-11,Male,Toulouse,INS002
P006539,1949-04-03,Female,Bordeaux,INS008
P006540,1990-11-27,Female,Toulouse,INS006
P006541,2010-04-05,Female,Bordeaux,INS005
P006542,1964-04-23,Male,Strasbourg,INS005
P006543,1952-12-16,Female,Nice,INS005
P006544,1954-04-02,Female,Marseille,INS005
P006545,1977-12-31,Female,Marseille,INS003
P006546,1933-11-02,Male,Nantes,INS006
P006547,1969-02-26,Female,Nantes,INS003
P006548,1932-01-04,Male,Lille,INS006
P006549,1933-02-15,Female,Strasbourg,INS005
P006550,1964-10-30,Female,Toulouse,INS003
P006551,1990-05-21,Female,Lille,INS007
P006552,2001-07-19,Female,Bordeaux,INS003
P006553,1937-02-05,Female,Lyon,INS006
P006554,1949-10-08,Female,Nantes,INS003
P006555,1964-02-26,Male,Strasbourg,INS002
P006556,1976-06-30,Female,Montpellier,INS005
P006557,2009-12-12,Female,Toulouse,INS008
P006558,1985-06-05,Female,Marseille,INS003
P006559,1973-08-09,Female,Toulouse,INS001
P006560,1934-12-05,Female,Lyon,INS001
P006561,1936-07-18,Female,Nantes,INS004
P006562,1942-05-27,Female,Toulouse,INS007
P006563,1983-07-10,Female,Lyon,INS006
P006564,1956-10-31,Male,Bordeaux,INS002
P006565,1949-07-08,Male,Nice,INS007
P006566,1984-04-11,Male,Marseille,INS002
P006567,1996-01-16,Female,Toulouse,INS005
P006568,1965-07-24,Male,Strasbourg,INS007
P006569,2001-06-05,Female,Nice,INS007
P006570,1989-06-20,Female,Nice,INS006
P006571,1988-01-07,Male,Toulouse,INS003
P006572,2000-04-10,Female,Toulouse,INS007
P006573,1944-11-20,Female,Toulouse,INS004
P006574,1991-06-05,Male,Toulouse,INS003
P006575,2007-07-29,Male,Lyon,INS005
P006576,2010-05-15,Female,Paris,INS005
P006577,1976-10-26,Female,Strasbourg,INS002
P006578,1991-02-07,Female,Bordeaux,INS008
P006579,2001-12-22,Male,Bordeaux,INS007
P006580,1999-01-09,Female,Bordeaux,INS003
P006581,2002-09-20,Female,Toulouse,INS002
P006582,1997-06-02,Female,Strasbourg,INS001
P006583,1960-11-19,Male,Toulouse,INS004
P006584,1989-02-24,Male,Bordeaux,INS002
P006585,1963-03-31,Female,Bordeaux,INS008
P006586,1994-12-11,Male,Lyon,INS008
P006587,1995-08-18,Female,Lyon,INS007
P006588,2005-09-15,Male,Lyon,INS003
P006589,1977-08-26,Female,Marseille,INS006
P006590,1968-06-28,Female,Lyon,INS004
P006591,1943-05-30,Female,Marseille,INS003
P006592,1981-09-13,Male,Montpellier,INS005
P006593,1975-11-17,Male,Lille,INS002
P006594,1971-09-16,Male,Nice,INS008
P006595,1984-10-12,Female,Lille,INS002
P006596,1998-12-07,Female,Strasbourg,INS003
P006597,1942-01-16,Female,Nice,INS002
P006598,1964-12-09,Female,Strasbourg,INS005
P006599,1988-07-03,Female,Marseille,INS006
P006600,1996-05-24,Male,Paris,INS008
P006601,1993-01-17,Male,Lille,INS004
P006602,1994-09-30,Male,Nice,INS002
P006603,1999-04-04,Female,Nantes,INS001
P006604,2007-11-29,Female,Nice,INS005
P006605,1979-04-03,Female,Montpellier,INS008
P006606,1950-03-01,Female,Marseille,INS001
P006607,1975-08-24,Male,Toulouse,INS008
P006608,1987-06-24,Male,Toulouse,INS003
P006609,1938-02-27,Female,Lyon,INS008
P006610,1991-04-23,Female,Nantes,INS001
P006611,1974-01-29,Male,Paris,INS008
P006612,2005-11-01,Female,Strasbourg,INS003
P006613,1947-02-27,Male,Paris,INS003
P006614,2003-06-16,Male,Lyon,INS002
P006615,1966-04-15,Male,Lyon,INS002
P006616,1976-06-15,Female,Strasbourg,INS007
P006617,1983-06-17,Male,Strasbourg,INS001
P006618,1976-11-28,Male,Montpellier,INS004
P006619,2003-03-17,Female,Strasbourg,INS008
P006620,1943-07-21,Female,Montpellier,INS004
P006621,1989-02-12,Male,Toulouse,INS007
P006622,2008-12-20,Male,Paris,INS006
P006623,1947-10-30,Female,Toulouse,INS007
P006624,1950-08-28,Male,Marseille,INS008
P006625,1968-06-22,Male,Marseille,INS001
P006626,1988-09-13,Female,Nantes,INS003
P006627,2007-09-04,Female,Lyon,INS003
P006628,1994-06-16,Female,Lille,INS001
P006629,1994-04-25,Female,Lille,INS001
P006630,1965-09-26,Male,Paris,INS001
P006631,1982-04-11,Male,Nice,INS008
P006632,1947-02-08,Female,Nice,INS007
P006633,1967-07-07,Male,Bordeaux,INS005
P006634,1945-04-22,Female,Paris,INS007
P006635,1932-03-13,Female,Nice,INS003
P006636,1999-05-17,Female,Toulouse,INS004
P006637,1995-03-08,Male,Marseille,INS008
P006638,1971-05-16,Male,Montpellier,INS002
P006639,1931-03-05,Male,Strasbourg,INS002
P006640,1937-04-20,Female,Toulouse,INS005
P006641,1939-01-20,Female,Toulouse,INS003
P006642,1988-01-29,Female,Montpellier,INS006
P006643,1946-06-26,Male,Lyon,INS006
P006644,1950-04-07,Female,Toulouse,INS003
P006645,1999-09-30,Male,Bordeaux,INS001
P006646,2000-12-26,Male,Lille,INS001
P006647,1991-10-22,Female,Lille,INS004
P006648,1955-01-28,Female,Lyon,INS003
P006649,1976-12-21,Female,Marseille,INS001
P006650,1946-03-22,Male,Lille,INS006
P006651,1999-06-28,Male,Strasbourg,INS008
P006652,1936-11-15,Female,Lille,INS008
P006653,1990-04-18,Male,Lyon,INS001
P006654,1971-06-08,Female,Strasbourg,INS002
P006655,1991-05-10,Female,Lille,INS004
P006656,1966-07-05,Male,Montpellier,INS008
P006657,1942-10-22,Male,Lyon,INS005
P006658,1990-11-08,Female,Paris,INS004
P006659,1981-02-11,Male,Montpellier,INS008
P006660,1967-08-19,Male,Paris,INS006
P006661,1960-03-10,Male,Paris,INS008
P006662,1957-11-06,Male,Nantes,INS007
P006663,1968-12-20,Female,Lille,INS008
P006664,1951-03-12,Female,Toulouse,INS005
P006665,1952-11-14,Male,Toulouse,INS003
P006666,1952-07-12,Female,Marseille,INS001
P006667,1931-01-11,Female,Toulouse,INS006
P006668,2005-02-25,Female,Marseille,INS003
P006669,1949-02-28,Female,Marseille,INS001
P006670,1943-05-16,Female,Marseille,INS007
P006671,1942-03-31,Female,Lyon,INS004
P006672,2010-01-15,Female,Bordeaux,INS005
P006673,1968-08-12,Female,Bordeaux,INS007
P006674,1956-06-24,Male,Paris,INS003
P006675,1962-09-18,Male,Toulouse,INS007
P006676,1937-02-27,Female,Nice,INS005
P006677,1955-05-29,Female,Paris,INS005
P006678,1950-02-22,Female,Lille,INS003
P006679,1995-01-22,Male,Montpellier,INS007
P006680,1934-09-25,Male,Toulouse,INS002
P006681,1964-06-17,Male,Paris,INS005
P006682,1993-12-28,Male,Bordeaux,INS007
P006683,1997-07-09,Female,Toulouse,INS001
P006684,1971-07-08,Female,Marseille,INS004
P006685,1948-01-10,Female,Paris,INS006
P006686,1957-04-18,Female,Strasbourg,INS003
P006687,1948-01-03,Female,Strasbourg,INS001
P006688,1983-08-17,Male,Nantes,INS004
P006689,1953-09-14,Female,Paris,INS004
P006690,1981-01-30,Male,Strasbourg,INS008
P006691,1983-02-10,Female,Toulouse,INS007
P006692,2006-02-16,Female,Toulouse,INS002
P006693,1959-12-31,Male,Strasbourg,INS003
P006694,2007-11-10,Female,Toulouse,INS002
P006695,1962-06-16,Female,Marseille,INS008
P006696,1985-02-18,Female,Marseille,INS003
P006697,1983-08-04,Male,Montpellier,INS008
P006698,1996-03-29,Female,Bordeaux,INS001
P006699,1967-12-31,Male,Bordeaux,INS005
P006700,1994-03-09,Male,Bordeaux,INS001
P006701,1958-10-13,Male,Marseille,INS005
P006702,1969-10-17,Female,Toulouse,INS001
P006703,1970-06-22,Male,Montpellier,INS002
P006704,1987-01-22,Female,Lyon,INS002
P006705,1980-02-01,Male,Montpellier,INS006
P006706,1936-05-04,Female,Marseille,INS006
P006707,1995-07-14,Female,Marseille,INS005
P006708,1991-05-26,Female,Paris,INS002
P006709,1938-06-21,Male,Nantes,INS003
P006710,2007-11-27,Male,Lille,INS004
P006711,1983-07-08,Female,Toulouse,INS008
P006712,1936-11-18,Female,Bordeaux,INS006
P006713,1969-10-20,Male,Nantes,INS001
P006714,1997-09-21,Male,Montpellier,INS001
P006715,1952-08-31,Male,Bordeaux,INS003
P006716,2005-07-27,Female,Lyon,INS002
P006717,1963-11-22,Male,Nice,INS004
P006718,1948-04-27,Male,Paris,INS008
P006719,1958-11-15,Female,Strasbourg,INS002
P006720,1972-07-05,Female,Marseille,INS005
P006721,1985-09-26,Female,Nice,INS004
P006722,2005-02-25,Female,Lyon,INS006
P006723,1945-10-14,Male,Toulouse,INS005
P006724,2007-10-11,Female,Nantes,INS005
P006725,1972-09-28,Male,Nantes,INS003
P006726,1940-05-11,Female,Paris,INS008
P006727,2005-01-15,Male,Paris,INS003
P006728,1958-04-08,Male,Montpellier,INS002
P006729,1980-04-07,Male,Bordeaux,INS001
P006730,1986-07-19,Male,Strasbourg,INS001
P006731,1931-02-01,Female,Paris,INS003
P006732,1947-12-12,Male,Toulouse,INS007
P006733,1985-08-08,Male,Bordeaux,INS002
P006734,1956-04-22,Female,Montpellier,INS001
P006735,1930-10-04,Male,Nice,INS005
P006736,1931-11-21,Female,Nantes,INS005
P006737,1996-12-09,Male,Marseille,INS005
P006738,1942-06-08,Female,Montpellier,INS001
P006739,1938-02-18,Male,Lille,INS002
P006740,1975-07-19,Female,Marseille,INS003
P006741,1939-08-20,Female,Nice,INS006
P006742,1982-11-25,Female,Montpellier,INS006
P006743,1974-01-26,Male,Strasbourg,INS007
P006744,1982-07-24,Female,Lyon,INS005
P006745,1969-10-26,Male,Strasbourg,INS004
P006746,1993-01-17,Female,Lille,INS005
P006747,1982-03-23,Male,Marseille,INS004
P006748,1963-08-21,Female,Montpellier,INS002
P006749,1931-03-31,Male,Montpellier,INS005
P006750,1952-02-25,Male,Lille,INS003
P006751,1940-08-24,Female,Paris,INS003
P006752,1931-04-06,Female,Marseille,INS006
P006753,1952-02-16,Male,Bordeaux,INS001
P006754,1946-09-26,Female,Paris,INS001
P006755,1936-03-20,Female,Marseille,INS003
P006756,1955-04-21,Female,Lyon,INS005
P006757,1971-01-12,Male,Montpellier,INS007
P006758,1944-06-08,Male,Lille,INS005
P006759,1952-02-14,Male,Lille,INS003
P006760,1931-08-19,Male,Toulouse,INS003
P006761,1934-01-31,Female,Paris,INS004
P006762,1942-10-02,Female,Bordeaux,INS003
P006763,1966-09-08,Female,Montpellier,INS006
P006764,1983-12-14,Female,Strasbourg,INS007
P006765,1993-11-08,Female,Marseille,INS006
P006766,1980-12-29,Male,Paris,INS004
P006767,1979-12-18,Female,Nice,INS003
P006768,2005-10-15,Female,Strasbourg,INS001
P006769,1950-09-15,Female,Montpellier,INS007
P006770,1994-08-26,Female,Bordeaux,INS008
P006771,2005-11-19,Female,Toulouse,INS001
P006772,1975-12-27,Female,Nice,INS002
P006773,1998-01-30,Female,Nantes,INS002
P006774,1941-02-21,Male,Nice,INS007
P006775,2001-03-06,Male,Marseille,INS002
P006776,1975-09-09,Male,Montpellier,INS001
P006777,1947-12-11,Male,Paris,INS003
P006778,1934-12-28,Male,Paris,INS003
P006779,1988-04-24,Male,Nantes,INS004
P006780,1964-11-25,Female,Bordeaux,INS005
P006781,1955-02-10,Male,Bordeaux,INS002
P006782,1961-08-11,Female,Montpellier,INS001
P006783,2010-04-09,Female,Strasbourg,INS001
P006784,1964-08-26,Female,Nice,INS006
P006785,1936-05-19,Female,Lyon,INS006
P006786,1952-08-31,Male,Paris,INS003
P006787,1941-10-10,Female,Lyon,INS008
P006788,1985-07-20,Male,Nantes,INS005
P006789,1994-10-31,Male,Nice,INS007
P006790,1998-02-11,Female,Nice,INS007
P006791,1981-04-06,Female,Lyon,INS003
P006792,1992-03-31,Female,Marseille,INS005
P006793,1963-10-20,Female,Lille,INS005
P006794,1980-11-05,Male,Nantes,INS004
P006795,1938-08-31,Male,Paris,INS006
P006796,1973-08-09,Male,Strasbourg,INS003
P006797,1975-02-26,Female,Paris,INS001
P006798,1932-07-08,Male,Bordeaux,INS001
P006799,1974-05-31,Male,Montpellier,INS004
P006800,1988-07-22,Female,Lyon,INS008
P006801,1959-10-10,Female,Nantes,INS002
P006802,1974-02-21,Female,Bordeaux,INS005
P006803,1953-03-04,Female,Strasbourg,INS002
P006804,1951-12-06,Male,Bordeaux,INS006
P006805,1940-06-27,Male,Strasbourg,INS002
P006806,1956-07-21,Female,Toulouse,INS004
P006807,1995-01-21,Male,Lyon,INS007
P006808,2005-10-12,Female,Nantes,INS003
P006809,1981-06-26,Female,Montpellier,INS008
P006810,1980-07-28,Male,Toulouse,INS001
P006811,1979-09-20,Male,Strasbourg,INS001
P006812,1968-07-19,Male,Strasbourg,INS002
P006813,1964-04-07,Female,Nantes,INS002
P006814,1980-04-17,Male,Nice,INS004
P006815,1993-07-14,Male,Bordeaux,INS008
P006816,1963-07-07,Male,Strasbourg,INS002
P006817,1975-11-02,Female,Lille,INS003
P006818,1968-01-31,Female,Bordeaux,INS001
P006819,1953-02-15,Male,Paris,INS006
P006820,1953-07-07,Male,Lyon,INS005
P006821,1936-05-19,Male,Bordeaux,INS001
P006822,1965-08-17,Male,Nice,INS004
P006823,1987-09-16,Male,Paris,INS002
P006824,1985-07-13,Male,Paris,INS004
P006825,2009-11-01,Female,Paris,INS003
P006826,1933-03-27,Female,Bordeaux,INS007
P006827,1991-08-12,Female,Lille,INS001
P006828,1994-05-25,Male,Paris,INS005
P006829,1965-05-08,Female,Nice,INS007
P006830,1952-12-02,Female,Bordeaux,INS001
P006831,1958-12-04,Male,Paris,INS008
P006832,1985-04-14,Male,Nantes,INS007
P006833,1999-11-01,Female,Montpellier,INS003
P006834,1982-01-22,Female,Toulouse,INS004
P006835,1971-08-25,Male,Montpellier,INS006
P006836,1982-11-11,Female,Toulouse,INS005
P006837,1935-09-20,Female,Paris,INS007
P006838,1979-04-04,Female,Lyon,INS008
P006839,1933-05-31,Female,Paris,INS003
P006840,2007-09-08,Male,Lille,INS001
P006841,2002-01-09,Female,Lille,INS004
P006842,1971-03-05,Female,Toulouse,INS005
P006843,1960-04-19,Female,Toulouse,INS007
P006844,1989-04-25,Female,Strasbourg,INS003
P006845,1981-08-23,Female,Paris,INS008
P006846,1987-02-21,Male,Strasbourg,INS001
P006847,1971-10-05,Female,Marseille,INS005
P006848,1949-02-19,Female,Montpellier,INS004
P006849,1935-12-08,Female,Lyon,INS006
P006850,1952-12-12,Male,Lyon,INS003
P006851,1972-11-05,Female,Lyon,INS008
P006852,1964-05-06,Male,Marseille,INS001
P006853,1971-01-06,Male,Montpellier,INS007
P006854,1952-06-29,Male,Toulouse,INS004
P006855,2005-12-18,Male,Lyon,INS005
P006856,1959-09-15,Female,Nantes,INS003
P006857,1998-07-15,Male,Bordeaux,INS004
P006858,1961-09-01,Male,Nice,INS004
P006859,1965-12-06,Female,Nice,INS003
P006860,1978-11-29,Male,Nice,INS001
P006861,1951-04-25,Female,Lyon,INS004
P006862,1947-10-24,Male,Toulouse,INS004
P006863,1960-09-17,Male,Nantes,INS006
P006864,1995-02-23,Male,Bordeaux,INS004
P006865,1941-09-17,Female,Montpellier,INS005
P006866,1965-06-10,Male,Montpellier,INS004
P006867,1984-06-09,Male,Strasbourg,INS004
P006868,1987-03-16,Female,Marseille,INS006
P006869,1965-03-09,Male,Bordeaux,INS006
P006870,1936-08-06,Male,Strasbourg,INS008
P006871,1931-04-16,Male,Marseille,INS004
P006872,1968-01-25,Male,Nice,INS001
P006873,1995-08-12,Female,Marseille,INS005
P006874,1932-04-14,Female,Lyon,INS004
P006875,2001-11-19,Female,Marseille,INS001
P006876,1984-09-30,Female,Montpellier,INS007
P006877,1930-08-27,Female,Montpellier,INS006
P006878,1957-11-03,Male,Strasbourg,INS006
P006879,1947-11-11,Female,Marseille,INS006
P006880,2006-11-20,Male,Nice,INS008
P006881,1974-12-08,Female,Marseille,INS006
P006882,1956-04-02,Female,Lyon,INS006
P006883,1952-07-09,Male,Marseille,INS007
P006884,1975-09-01,Male,Lyon,INS006
P006885,1930-05-31,Female,Nantes,INS006
P006886,1950-11-06,Male,Nantes,INS001
P006887,1943-05-26,Female,Paris,INS004
P006888,1980-03-24,Female,Lyon,INS003
P006889,1984-03-16,Female,Toulouse,INS008
P006890,1967-10-30,Male,Lyon,INS005
P006891,1941-05-05,Female,Strasbourg,INS005
P006892,1960-01-08,Male,Toulouse,INS005
P006893,1998-04-10,Male,Toulouse,INS006
P006894,1946-07-01,Female,Paris,INS007
P006895,1943-03-27,Male,Nice,INS002
P006896,1939-01-13,Female,Nice,INS008
P006897,1996-02-25,Female,Nice,INS007
P006898,1939-09-17,Female,Bordeaux,INS002
P006899,1977-02-09,Female,Marseille,INS005
P006900,2010-12-02,Female,Paris,INS004
P006901,1981-12-26,Female,Lille,INS004
P006902,1963-05-25,Male,Bordeaux,INS007
P006903,1946-10-02,Female,Lyon,INS003
P006904,1930-02-27,Female,Paris,INS007
P006905,1942-08-08,Male,Marseille,INS006
P006906,2007-03-09,Female,Paris,INS007
P006907,1941-08-19,Male,Paris,INS006
P006908,1931-08-15,Male,Toulouse,INS005
P006909,1996-02-06,Female,Nice,INS002
P006910,1963-11-27,Female,Toulouse,INS008
P006911,1958-12-01,Female,Paris,INS006
P006912,1988-02-11,Female,Lille,INS003
P006913,1972-05-13,Female,Paris,INS003
P006914,2004-01-30,Male,Nantes,INS001
P006915,1967-11-16,Male,Marseille,INS003
P006916,1987-09-29,Female,Lille,INS002
P006917,2001-03-09,Male,Montpellier,INS008
P006918,1967-07-21,Female,Bordeaux,INS004
P006919,1953-01-10,Male,Nice,INS006
P006920,2008-12-04,Male,Lille,INS007
P006921,1948-05-15,Female,Montpellier,INS008
P006922,1933-03-09,Female,Nice,INS004
P006923,1976-10-30,Female,Bordeaux,INS001
P006924,2009-12-08,Male,Bordeaux,INS005
P006925,1937-01-01,Female,Nantes,INS008
P006926,1998-10-19,Male,Lyon,INS003
P006927,1997-04-06,Female,Marseille,INS001
P006928,2005-03-29,Female,Nantes,INS006
P006929,1964-02-23,Male,Toulouse,INS005
P006930,1950-08-21,Female,Nice,INS002
P006931,1971-06-26,Female,Bordeaux,INS001
P006932,1941-07-16,Male,Paris,INS005
P006933,1998-04-08,Female,Nantes,INS002
P006934,1983-09-23,Male,Nantes,INS002
P006935,1969-02-23,Male,Lille,INS003
P006936,1971-10-14,Female,Nice,INS004
P006937,1987-09-06,Male,Lille,INS007
P006938,1972-05-17,Female,Lyon,INS004
P006939,1998-01-08,Male,Lyon,INS007
P006940,2004-11-21,Male,Montpellier,INS005
P006941,2006-12-06,Male,Lille,INS004
P006942,1980-03-23,Male,Toulouse,INS005
P006943,1990-02-22,Female,Lille,INS002
P006944,1955-03-13,Male,Nice,INS008
P006945,1933-02-01,Female,Nantes,INS003
P006946,1962-05-28,Male,Strasbourg,INS008
P006947,2000-08-09,Female,Strasbourg,INS006
P006948,1940-10-24,Female,Montpellier,INS003
P006949,1974-03-15,Female,Lille,INS004
P006950,1945-07-30,Female,Bordeaux,INS001
P006951,1964-10-08,Female,Lille,INS005
P006952,1941-08-11,Female,Nice,INS001
P006953,1989-07-06,Male,Nice,INS006
P006954,1995-08-19,Male,Marseille,INS002
P006955,1991-06-05,Female,Strasbourg,INS002
P006956,1987-02-03,Male,Marseille,INS002
P006957,1949-01-17,Female,Montpellier,INS001
P006958,1972-12-15,Male,Strasbourg,INS008
P006959,1938-06-27,Female,Paris,INS008
P006960,1960-04-28,Male,Lille,INS008
P006961,1970-12-21,Female,Lille,INS006
P006962,1984-02-23,Female,Strasbourg,INS002
P006963,1937-11-03,Male,Nice,INS007
P006964,1995-11-04,Male,Paris,INS007
P006965,1967-03-04,Male,Strasbourg,INS002
P006966,2001-05-18,Female,Marseille,INS007
P006967,1972-09-21,Female,Lille,INS008
P006968,1974-04-22,Male,Lyon,INS004
P006969,1986-02-05,Female,Lyon,INS005
P006970,1996-05-29,Female,Bordeaux,INS007
P006971,1942-10-08,Female,Paris,INS003
P006972,1971-06-01,Female,Paris,INS008
P006973,1932-06-05,Female,Nice,INS003
P006974,1968-06-08,Female,Lille,INS008
P006975,1995-11-23,Male,Nantes,INS002
P006976,2000-02-05,Male,Montpellier,INS006
P006977,1952-12-18,Male,Paris,INS005
P006978,1961-04-18,Male,Nice,INS003
P006979,1974-09-04,Female,Lyon,INS004
P006980,1962-01-25,Male,Nice,INS002
P006981,1944-06-04,Male,Lille,INS006
P006982,1954-09-12,Male,Lyon,INS008
P006983,1962-09-23,Female,Marseille,INS005
P006984,1972-01-06,Male,Lille,INS003
P006985,2004-07-29,Male,Nice,INS006
P006986,1974-02-17,Male,Nantes,INS004
P006987,1961-05-10,Male,Nice,INS008
P006988,1983-07-01,Male,Paris,INS003
P006989,1992-08-13,Male,Montpellier,INS005
P006990,1964-11-13,Male,Toulouse,INS004
P006991,1969-08-18,Male,Lyon,INS008
P006992,1947-08-24,Male,Montpellier,INS001
P006993,2000-01-17,Female,Nice,INS005
P006994,2000-03-18,Male,Paris,INS007
P006995,1944-03-02,Female,Toulouse,INS003
P006996,1958-01-10,Female,Montpellier,INS005
P006997,1952-01-11,Female,Nantes,INS003
P006998,2004-10-03,Female,Lyon,INS004
P006999,1935-04-14,Female,Nice,INS008
P007000,1946-10-18,Female,Lyon,INS003
P007001,1955-07-05,Female,Lille,INS002
P007002,1975-05-13,Male,Lyon,INS005
P007003,1950-03-02,Male,Nantes,INS004
P007004,1973-06-19,Male,Montpellier,INS007
P007005,1990-07-10,Female,Paris,INS001
P007006,1997-02-12,Female,Nantes,INS008
P007007,1938-01-09,Male,Marseille,INS006
P007008,1941-03-31,Female,Nice,INS007
P007009,1937-09-17,Male,Lyon,INS004
P007010,2003-09-14,Male,Lille,INS004
P007011,1982-10-26,Female,Marseille,INS003
P007012,1973-01-16,Female,Strasbourg,INS007
P007013,1994-01-23,Female,Paris,INS001
P007014,1977-06-22,Male,Bordeaux,INS005
P007015,1949-01-26,Female,Lyon,INS003
P007016,1971-04-28,Male,Bordeaux,INS006
P007017,1986-12-16,Male,Nice,INS008
P007018,1932-12-01,Female,Nice,INS006
P007019,1979-02-10,Female,Paris,INS001
P007020,1970-04-06,Female,Nice,INS004
P007021,1935-08-19,Female,Marseille,INS001
P007022,1951-05-07,Male,Nantes,INS004
P007023,1966-05-01,Male,Montpellier,INS002
P007024,1957-10-04,Male,Lyon,INS006
P007025,1953-06-30,Female,Lille,INS005
P007026,1982-07-30,Female,Strasbourg,INS003
P007027,1962-10-02,Male,Lyon,INS007
P007028,1970-04-24,Male,Marseille,INS006
P007029,1994-08-30,Male,Bordeaux,INS006
P007030,1937-07-20,Male,Montpellier,INS003
P007031,1959-02-25,Male,Marseille,INS003
P007032,1935-12-01,Female,Lille,INS005
P007033,2005-02-10,Female,Nice,INS007
P007034,1945-01-14,Male,Lyon,INS007
P007035,1996-05-28,Female,Lille,INS007
P007036,1945-06-18,Male,Lille,INS001
P007037,1956-03-31,Female,Toulouse,INS008
P007038,1979-04-09,Female,Bordeaux,INS002
P007039,1997-05-04,Female,Marseille,INS001
P007040,1944-05-27,Male,Lille,INS005
P007041,1947-04-06,Male,Montpellier,INS004
P007042,2001-06-01,Female,Strasbourg,INS001
P007043,1956-01-30,Female,Montpellier,INS002
P007044,1946-12-28,Female,Nantes,INS002
P007045,1990-03-23,Female,Bordeaux,INS004
P007046,1937-05-20,Male,Marseille,INS006
P007047,2000-03-22,Female,Lyon,INS006
P007048,2000-12-07,Female,Bordeaux,INS001
P007049,1999-05-18,Female,Toulouse,INS002
P007050,1953-12-02,Male,Nice,INS005
P007051,1939-04-02,Male,Paris,INS007
P007052,1964-06-16,Male,Strasbourg,INS001
P007053,1957-02-06,Male,Lyon,INS003
P007054,2007-09-05,Male,Lille,INS001
P007055,1981-03-02,Female,Lille,INS004
P007056,2006-06-29,Male,Montpellier,INS004
P007057,1990-10-26,Male,Nice,INS002
P007058,1987-11-28,Female,Paris,INS008
P007059,1939-01-22,Male,Strasbourg,INS007
P007060,1935-08-02,Male,Nantes,INS005
P007061,1933-10-07,Male,Paris,INS007
P007062,1978-01-22,Female,Nice,INS003
P007063,1946-05-04,Female,Paris,INS008
P007064,2010-02-10,Male,Toulouse,INS004
P007065,1940-09-29,Female,Lyon,INS004
P007066,2006-09-12,Female,Paris,INS005
P007067,1984-01-29,Female,Bordeaux,INS005
P007068,1938-08-02,Female,Nantes,INS005
P007069,1934-09-26,Male,Toulouse,INS007
P007070,1962-01-27,Male,Lille,INS003
P007071,1957-06-15,Male,Bordeaux,INS006
P007072,1955-07-23,Female,Lyon,INS002
P007073,1972-10-23,Female,Paris,INS002
P007074,1940-07-04,Female,Lyon,INS004
P007075,1940-06-26,Female,Paris,INS005
P007076,1986-04-11,Male,Nice,INS006
P007077,2010-03-19,Female,Nantes,INS002
P007078,1952-03-07,Female,Lyon,INS007
P007079,2005-06-26,Male,Bordeaux,INS005
P007080,1957-12-07,Male,Toulouse,INS005
P007081,1957-03-16,Female,Lyon,INS006
P007082,1937-04-27,Male,Montpellier,INS006
P007083,1964-04-15,Female,Montpellier,INS004
P007084,1970-05-02,Male,Nice,INS004
P007085,1983-10-06,Male,Strasbourg,INS002
P007086,1942-10-24,Female,Bordeaux,INS005
P007087,1945-04-14,Female,Strasbourg,INS002
P007088,1964-12-30,Female,Bordeaux,INS006
P007089,1935-08-23,Male,Lyon,INS004
P007090,1941-08-11,Female,Lyon,INS002
P007091,1980-12-14,Male,Strasbourg,INS004
P007092,2007-04-05,Female,Toulouse,INS008
P007093,1976-05-29,Female,Nice,INS005
P007094,1941-09-29,Female,Lyon,INS003
P007095,2010-04-08,Female,Toulouse,INS004
P007096,1972-04-09,Female,Paris,INS005
P007097,1988-01-24,Male,Marseille,INS002
P007098,1945-12-15,Male,Lyon,INS005
P007099,1976-11-07,Female,Marseille,INS001
P007100,1936-03-09,Male,Nantes,INS007
P007101,1980-09-06,Female,Paris,INS005
P007102,1946-05-22,Male,Lyon,INS001
P007103,2003-09-02,Female,Nantes,INS004
P007104,1934-06-09,Male,Lyon,INS008
P007105,1982-11-11,Female,Bordeaux,INS008
P007106,1941-04-16,Female,Strasbourg,INS002
P007107,1985-08-27,Male,Nice,INS003
P007108,1969-12-21,Female,Lyon,INS002
P007109,2008-05-12,Female,Lyon,INS003
P007110,1982-10-18,Female,Nice,INS007
P007111,1960-02-18,Male,Lille,INS006
P007112,1937-01-27,Female,Toulouse,INS003
P007113,1978-04-03,Male,Toulouse,INS003
P007114,1965-09-21,Male,Bordeaux,INS005
P007115,1934-04-03,Male,Toulouse,INS005
P007116,1977-01-29,Female,Paris,INS004
P007117,1947-01-04,Male,Paris,INS004
P007118,1948-12-21,Female,Paris,INS008
P007119,1930-09-23,Male,Marseille,INS005
P007120,1960-02-20,Female,Strasbourg,INS007
P007121,1947-09-06,Male,Montpellier,INS008
P007122,1935-10-27,Male,Toulouse,INS003
P007123,1965-03-06,Female,Paris,INS007
P007124,1947-10-31,Female,Paris,INS007
P007125,1940-11-12,Female,Strasbourg,INS002
P007126,1967-10-22,Male,Lille,INS002
P007127,1935-02-14,Female,Strasbourg,INS002
P007128,2010-03-23,Male,Bordeaux,INS005
P007129,1968-02-23,Female,Strasbourg,INS007
P007130,2010-09-11,Male,Lyon,INS007
P007131,2001-05-22,Female,Strasbourg,INS004
P007132,2009-05-07,Female,Bordeaux,INS006
P007133,1973-12-17,Female,Toulouse,INS001
P007134,1964-04-08,Male,Bordeaux,INS006
P007135,1988-04-23,Female,Lille,INS004
P007136,1936-07-14,Female,Nantes,INS007
P007137,1998-01-20,Female,Nice,INS008
P007138,1956-03-17,Male,Strasbourg,INS005
P007139,1930-08-08,Male,Montpellier,INS005
P007140,1949-04-03,Female,Toulouse,INS008
P007141,1949-08-17,Female,Nice,INS003
P007142,1931-02-22,Female,Strasbourg,INS002
P007143,1984-02-26,Female,Paris,INS005
P007144,1937-09-18,Male,Toulouse,INS003
P007145,1998-07-31,Female,Nice,INS006
P007146,1966-09-16,Male,Toulouse,INS007
P007147,1988-03-05,Male,Lyon,INS005
P007148,1957-07-06,Male,Nantes,INS003
P007149,1940-09-09,Female,Toulouse,INS005
P007150,1944-08-10,Male,Nantes,INS004
P007151,1982-04-25,Female,Paris,INS002
P007152,1988-01-02,Female,Paris,INS007
P007153,1951-09-02,Male,Nantes,INS003
P007154,1958-12-04,Female,Montpellier,INS005
P007155,2006-07-19,Female,Nantes,INS008
P007156,1998-12-31,Female,Montpellier,INS002
P007157,1963-06-16,Female,Strasbourg,INS004
P007158,1949-07-09,Male,Marseille,INS002
P007159,1954-05-30,Male,Lyon,INS004
P007160,1973-08-10,Male,Bordeaux,INS003
P007161,1975-11-28,Female,Nantes,INS008
P007162,1944-11-30,Female,Nice,INS003
P007163,1935-05-02,Female,Bordeaux,INS005
P007164,1970-02-12,Female,Montpellier,INS002
P007165,1994-08-05,Male,Strasbourg,INS004
P007166,1942-05-08,Male,Bordeaux,INS007
P007167,1963-01-28,Male,Bordeaux,INS006
P007168,1943-02-02,Male,Paris,INS003
P007169,1949-08-12,Female,Nice,INS008
P007170,1979-08-04,Male,Nantes,INS007
P007171,1953-03-07,Male,Strasbourg,INS004
P007172,1951-05-14,Male,Paris,INS008
P007173,2010-08-24,Female,Lyon,INS002
P007174,1943-12-18,Male,Nantes,INS003
P007175,1945-05-01,Female,Toulouse,INS008
P007176,2005-04-23,Male,Bordeaux,INS008
P007177,1974-07-26,Male,Toulouse,INS007
P007178,1933-06-26,Male,Nantes,INS002
P007179,1964-06-02,Female,Nantes,INS002
P007180,1975-10-11,Female,Lyon,INS006
P007181,1950-07-05,Male,Nice,INS001
P007182,1974-05-29,Male,Toulouse,INS008
P007183,1982-07-12,Male,Bordeaux,INS008
P007184,1950-04-20,Female,Nantes,INS007
P007185,1995-10-21,Male,Nice,INS008
P007186,1966-09-03,Male,Lille,INS002
P007187,2008-01-15,Female,Paris,INS008
P007188,1937-02-08,Female,Lyon,INS003
P007189,1956-04-06,Male,Montpellier,INS001
P007190,1988-06-03,Female,Marseille,INS003
P007191,2002-06-27,Male,Marseille,INS007
P007192,1947-12-16,Male,Strasbourg,INS008
P007193,2009-05-25,Female,Marseille,INS005
P007194,1945-08-31,Female,Toulouse,INS002
P007195,1963-09-15,Male,Lille,INS005
P007196,1955-07-04,Male,Nantes,INS005
P007197,1964-05-15,Male,Bordeaux,INS005
P007198,2003-02-02,Male,Bordeaux,INS003
P007199,1989-05-02,Male,Bordeaux,INS002
P007200,1994-07-06,Male,Strasbourg,INS003
P007201,1950-07-29,Male,Bordeaux,INS008
P007202,2006-09-11,Male,Bordeaux,INS004
P007203,1965-04-11,Female,Strasbourg,INS001
P007204,1982-10-22,Female,Paris,INS003
P007205,1986-07-07,Male,Strasbourg,INS004
P007206,1983-09-11,Female,Lyon,INS005
P007207,1978-09-29,Male,Lille,INS006
P007208,1968-11-18,Male,Paris,INS004
P007209,1982-06-16,Female,Bordeaux,INS002
P007210,2003-04-27,Female,Strasbourg,INS004
P007211,1961-07-28,Male,Lille,INS001
P007212,1971-05-19,Female,Nantes,INS005
P007213,1944-08-02,Male,Lille,INS004
P007214,1958-10-05,Male,Nice,INS003
P007215,1992-07-14,Female,Montpellier,INS006
P007216,1981-11-13,Male,Nice,INS007
P007217,1947-02-07,Female,Lille,INS003
P007218,1974-03-27,Female,Strasbourg,INS005
P007219,1995-10-08,Female,Paris,INS005
P007220,1940-01-18,Female,Montpellier,INS005
P007221,1935-01-07,Male,Strasbourg,INS004
P007222,1961-10-23,Female,Nantes,INS002
P007223,1983-03-07,Female,Nantes,INS002
P007224,1955-05-19,Female,Marseille,INS001
P007225,1996-07-02,Female,Toulouse,INS001
P007226,1998-08-04,Female,Lyon,INS007
P007227,1973-02-18,Male,Lille,INS001
P007228,1960-09-07,Female,Bordeaux,INS007
P007229,1933-05-19,Male,Lille,INS008
P007230,1996-07-17,Female,Nice,INS002
P007231,2002-07-08,Female,Strasbourg,INS004
P007232,1965-10-31,Female,Bordeaux,INS003
P007233,1971-11-01,Male,Lille,INS004
P007234,1991-01-12,Male,Lille,INS003
P007235,1986-04-28,Female,Bordeaux,INS003
P007236,1940-12-16,Male,Nice,INS006
P007237,1984-06-15,Female,Lyon,INS004
P007238,2004-11-22,Male,Toulouse,INS002
P007239,1990-10-21,Male,Toulouse,INS004
P007240,1968-12-03,Female,Marseille,INS008
P007241,1972-05-17,Female,Marseille,INS008
P007242,1951-01-16,Female,Strasbourg,INS001
P007243,1983-07-09,Male,Toulouse,INS005
P007244,1949-07-24,Female,Bordeaux,INS008
P007245,1957-09-09,Male,Paris,INS002
P007246,1951-06-22,Female,Marseille,INS001
P007247,1957-02-28,Male,Marseille,INS002
P007248,1959-09-15,Female,Lille,INS003
P007249,1936-09-20,Male,Strasbourg,INS008
P007250,1988-02-13,Female,Bordeaux,INS003
P007251,1965-09-20,Female,Montpellier,INS003
P007252,2006-12-01,Female,Toulouse,INS003
P007253,1944-08-26,Male,Nice,INS004
P007254,1984-03-10,Female,Lyon,INS008
P007255,1944-07-07,Male,Strasbourg,INS001
P007256,1974-04-27,Male,Nantes,INS004
P007257,1969-10-05,Female,Paris,INS005
P007258,1966-05-03,Female,Nantes,INS001
P007259,1983-01-12,Female,Toulouse,INS001
P007260,1997-01-30,Female,Paris,INS008
P007261,1955-08-27,Female,Strasbourg,INS003
P007262,1998-10-27,Male,Bordeaux,INS002
P007263,1944-12-21,Female,Nantes,INS003
P007264,1953-09-26,Female,Bordeaux,INS001
P007265,1955-03-01,Male,Paris,INS002
P007266,2007-03-23,Female,Lille,INS001
P007267,1939-08-09,Male,Nice,INS005
P007268,1962-01-02,Male,Lille,INS004
P007269,1964-05-18,Female,Strasbourg,INS003
P007270,1994-10-21,Female,Lille,INS008
P007271,1969-05-10,Male,Toulouse,INS003
P007272,2008-04-23,Male,Toulouse,INS001
P007273,1989-12-18,Male,Paris,INS001
P007274,1986-12-30,Male,Strasbourg,INS006
P007275,1990-12-26,Male,Lyon,INS005
P007276,1943-02-01,Male,Toulouse,INS003
P007277,1966-05-16,Male,Montpellier,INS002
P007278,1977-06-23,Male,Montpellier,INS002
P007279,1946-11-20,Male,Marseille,INS004
P007280,1939-08-15,Female,Lille,INS006
P007281,1940-12-30,Male,Bordeaux,INS006
P007282,1993-12-01,Female,Nantes,INS006
P007283,1983-03-17,Female,Marseille,INS001
P007284,1952-10-14,Female,Bordeaux,INS005
P007285,1989-09-17,Female,Strasbourg,INS007
P007286,1986-04-24,Male,Nice,INS002
P007287,1996-02-19,Female,Strasbourg,INS005
P007288,2003-09-19,Male,Strasbourg,INS001
P007289,2001-06-17,Female,Strasbourg,INS008
P007290,1944-08-29,Female,Bordeaux,INS006
P007291,1992-04-22,Female,Montpellier,INS005
P007292,1961-10-27,Male,Toulouse,INS005
P007293,1962-08-26,Male,Nice,INS006
P007294,1982-06-01,Female,Montpellier,INS004
P007295,1978-10-11,Female,Paris,INS008
P007296,1963-12-29,Female,Montpellier,INS002
P007297,2010-12-15,Female,Strasbourg,INS007
P007298,1944-02-28,Female,Montpellier,INS007
P007299,1937-11-07,Male,Nice,INS007
P007300,1932-05-10,Female,Lyon,INS001
P007301,1995-12-14,Female,Lille,INS004
P007302,1962-12-07,Male,Paris,INS006
P007303,1965-06-04,Male,Nantes,INS005
P007304,1982-08-02,Female,Toulouse,INS006
P007305,1965-04-07,Male,Toulouse,INS006
P007306,1976-06-28,Male,Nice,INS002
P007307,1934-09-26,Female,Strasbourg,INS007
P007308,1942-08-28,Female,Paris,INS004
P007309,2005-06-29,Male,Montpellier,INS008
P007310,1966-07-04,Male,Lille,INS005
P007311,1943-07-23,Male,Nice,INS005
P007312,1959-12-05,Female,Bordeaux,INS005
P007313,1957-02-12,Male,Toulouse,INS007
P007314,1952-03-18,Female,Marseille,INS008
P007315,1953-10-13,Male,Lyon,INS005
P007316,1989-01-25,Male,Nice,INS005
P007317,1938-08-25,Female,Lille,INS001
P007318,1955-01-30,Female,Marseille,INS001
P007319,1967-11-26,Male,Paris,INS006
P007320,1973-10-01,Male,Strasbourg,INS003
P007321,2001-04-26,Female,Lille,INS004
P007322,2004-10-11,Male,Lille,INS006
P007323,1954-02-02,Female,Lille,INS002
P007324,1973-09-05,Female,Bordeaux,INS003
P007325,1931-10-24,Female,Toulouse,INS001
P007326,1979-12-24,Male,Bordeaux,INS007
P007327,1942-05-21,Female,Marseille,INS005
P007328,1935-12-07,Male,Marseille,INS002
P007329,1984-05-29,Female,Strasbourg,INS005
P007330,1944-06-05,Male,Toulouse,INS002
P007331,1968-08-31,Male,Montpellier,INS007
P007332,1938-03-06,Female,Strasbourg,INS002
P007333,1990-05-25,Female,Nice,INS003
P007334,1991-12-13,Female,Bordeaux,INS008
P007335,1976-07-23,Female,Strasbourg,INS006
P007336,1997-09-15,Male,Paris,INS006
P007337,1965-05-19,Male,Toulouse,INS005
P007338,1945-02-07,Female,Nice,INS005
P007339,1942-04-05,Male,Lyon,INS002
P007340,1947-10-05,Female,Lyon,INS003
P007341,1946-03-23,Female,Paris,INS008
P007342,1956-03-06,Female,Toulouse,INS008
P007343,1947-05-12,Female,Bordeaux,INS006
P007344,1977-11-16,Male,Toulouse,INS008
P007345,1942-01-07,Female,Paris,INS007
P007346,1980-05-13,Male,Toulouse,INS004
P007347,1957-01-23,Female,Strasbourg,INS006
P007348,1985-08-16,Male,Paris,INS007
P007349,1971-07-19,Female,Nice,INS002
P007350,2003-04-27,Female,Marseille,INS008
P007351,1965-08-18,Female,Paris,INS004
P007352,1953-11-24,Female,Paris,INS003
P007353,1977-09-19,Female,Paris,INS004
P007354,1983-05-11,Female,Toulouse,INS003
P007355,1965-07-30,Male,Toulouse,INS003
P007356,1975-05-03,Female,Nantes,INS005
P007357,1968-02-21,Male,Paris,INS008
P007358,1954-10-09,Male,Nantes,INS004
P007359,1955-05-26,Female,Nice,INS002
P007360,2003-07-01,Male,Paris,INS007
P007361,1984-09-13,Female,Nantes,INS003
P007362,1937-09-25,Male,Lyon,INS005
P007363,2007-12-05,Male,Toulouse,INS003
P007364,1987-09-02,Male,Nantes,INS002
P007365,1934-01-24,Female,Strasbourg,INS003
P007366,1988-12-15,Male,Bordeaux,INS003
P007367,1977-10-04,Female,Toulouse,INS008
P007368,2004-02-21,Female,Strasbourg,INS006
P007369,1969-08-21,Female,Marseille,INS006
P007370,1972-01-02,Female,Marseille,INS001
P007371,1955-06-29,Male,Toulouse,INS001
P007372,1956-01-19,Male,Lyon,INS003
P007373,1980-01-19,Female,Paris,INS008
P007374,1997-01-16,Male,Lille,INS001
P007375,2002-02-21,Male,Lyon,INS007
P007376,1992-06-07,Male,Nantes,INS007
P007377,1979-05-23,Male,Bordeaux,INS003
P007378,1970-07-11,Female,Toulouse,INS001
P007379,1957-07-04,Female,Toulouse,INS002
P007380,1992-03-12,Male,Paris,INS001
P007381,1955-10-09,Female,Toulouse,INS007
P007382,1951-09-12,Male,Paris,INS007
P007383,2000-04-17,Male,Lille,INS006
P007384,1977-09-30,Male,Nantes,INS001
P007385,1958-09-10,Female,Montpellier,INS008
P007386,2000-01-29,Male,Marseille,INS006
P007387,2007-12-23,Male,Marseille,INS007
P007388,1955-10-04,Female,Nantes,INS004
P007389,1972-03-26,Female,Montpellier,INS002
P007390,1969-03-02,Female,Marseille,INS007
P007391,1986-10-31,Female,Strasbourg,INS001
P007392,2007-01-12,Male,Lille,INS002
P007393,1974-06-06,Male,Nantes,INS002
P007394,1994-08-27,Female,Marseille,INS001
P007395,1978-03-30,Male,Marseille,INS005
P007396,2001-11-06,Female,Montpellier,INS002
P007397,1962-10-09,Female,Lille,INS008
P007398,1961-03-16,Female,Paris,INS008
P007399,1964-03-19,Male,Nice,INS002
P007400,2010-09-18,Male,Lyon,INS007
P007401,1979-07-11,Male,Lyon,INS001
P007402,1942-05-11,Male,Strasbourg,INS003
P007403,1933-04-24,Female,Lille,INS006
P007404,1972-01-08,Male,Lyon,INS002
P007405,1995-04-05,Female,Montpellier,INS001
P007406,1968-10-26,Female,Marseille,INS002
P007407,1975-05-18,Female,Nantes,INS006
P007408,1994-09-02,Female,Marseille,INS002
P007409,1971-10-28,Female,Bordeaux,INS002
P007410,2003-08-06,Female,Nantes,INS002
P007411,1981-09-02,Female,Nice,INS008
P007412,1989-03-22,Male,Toulouse,INS008
P007413,1993-04-18,Female,Nantes,INS007
P007414,1980-10-08,Female,Strasbourg,INS001
P007415,1934-01-21,Male,Strasbourg,INS003
P007416,1964-08-15,Male,Nice,INS008
P007417,1941-06-17,Female,Lille,INS005
P007418,1971-05-03,Male,Bordeaux,INS001
P007419,1941-08-06,Female,Montpellier,INS002
P007420,1971-04-03,Female,Marseille,INS007
P007421,1957-11-07,Male,Nantes,INS008
P007422,1931-08-26,Female,Nice,INS004
P007423,1940-02-12,Male,Toulouse,INS002
P007424,1970-09-30,Female,Strasbourg,INS001
P007425,1936-05-20,Male,Toulouse,INS002
P007426,1999-05-02,Male,Strasbourg,INS007
P007427,1991-06-15,Male,Nantes,INS007
P007428,1987-06-14,Female,Paris,INS003
P007429,1943-12-10,Female,Strasbourg,INS008
P007430,1994-06-14,Male,Nantes,INS008
P007431,1981-05-29,Male,Marseille,INS008
P007432,1961-08-18,Female,Nice,INS007
P007433,1930-01-13,Female,Bordeaux,INS005
P007434,1972-11-05,Male,Montpellier,INS008
P007435,1994-06-20,Male,Lille,INS006
P007436,1932-09-17,Male,Marseille,INS007
P007437,1934-04-07,Male,Paris,INS004
P007438,1961-01-08,Female,Nice,INS002
P007439,1971-06-09,Female,Montpellier,INS005
P007440,1968-06-05,Male,Nantes,INS004
P007441,1964-07-09,Male,Lille,INS003
P007442,1950-09-03,Female,Strasbourg,INS006
P007443,1934-11-07,Male,Marseille,INS005
P007444,1932-07-13,Female,Nantes,INS003
P007445,1938-01-02,Female,Bordeaux,INS002
P007446,1985-12-03,Male,Strasbourg,INS005
P007447,1993-08-30,Female,Montpellier,INS003
P007448,1965-03-29,Female,Lille,INS002
P007449,1936-04-09,Male,Paris,INS002
P007450,1963-09-02,Female,Lyon,INS006
P007451,2009-11-01,Female,Nice,INS004
P007452,1950-04-01,Male,Lille,INS003
P007453,1969-10-12,Female,Lyon,INS001
P007454,1973-07-25,Male,Strasbourg,INS001
P007455,1956-09-21,Female,Nantes,INS006
P007456,1965-06-24,Female,Lyon,INS008
P007457,1968-03-17,Male,Nice,INS003
P007458,1968-05-23,Female,Nantes,INS007
P007459,1988-02-17,Male,Montpellier,INS005
P007460,1977-01-18,Male,Montpellier,INS003
P007461,1934-04-29,Male,Montpellier,INS005
P007462,1930-07-07,Female,Strasbourg,INS002
P007463,1963-04-08,Female,Nice,INS003
P007464,2003-07-10,Male,Nantes,INS006
P007465,1932-12-27,Female,Bordeaux,INS007
P007466,1935-10-05,Male,Nice,INS002
P007467,1985-01-07,Male,Montpellier,INS008
P007468,1966-07-11,Female,Lyon,INS005
P007469,1948-09-06,Female,Lyon,INS002
P007470,1946-10-18,Male,Toulouse,INS007
P007471,1983-11-12,Male,Marseille,INS008
P007472,1972-06-04,Female,Bordeaux,INS003
P007473,1981-09-11,Male,Lille,INS001
P007474,1952-09-12,Male,Nice,INS003
P007475,1972-08-20,Female,Strasbourg,INS007
P007476,1999-08-29,Female,Marseille,INS001
P007477,1955-08-23,Male,Nice,INS003
P007478,1962-02-07,Male,Lyon,INS003
P007479,1943-04-07,Male,Nice,INS001
P007480,1981-09-26,Female,Nantes,INS005
P007481,1932-08-19,Male,Nice,INS007
P007482,1950-02-27,Male,Toulouse,INS002
P007483,1987-10-04,Male,Lyon,INS008
P007484,1931-07-29,Female,Strasbourg,INS008
P007485,2010-02-11,Female,Lyon,INS007
P007486,1962-09-26,Female,Toulouse,INS006
P007487,1962-04-18,Female,Lyon,INS004
P007488,1973-06-15,Female,Strasbourg,INS002
P007489,1981-10-09,Male,Bordeaux,INS008
P007490,1967-03-23,Female,Bordeaux,INS005
P007491,2001-08-15,Male,Lille,INS004
P007492,2007-12-03,Female,Nice,INS004
P007493,1946-03-25,Male,Marseille,INS002
P007494,1987-04-03,Female,Nice,INS004
P007495,1954-05-17,Male,Montpellier,INS007
P007496,2010-08-24,Male,Marseille,INS005
P007497,1950-07-09,Male,Nantes,INS004
P007498,1953-11-25,Female,Lille,INS001
P007499,1987-11-08,Female,Montpellier,INS004
P007500,1993-11-29,Male,Strasbourg,INS002
P007501,1940-06-01,Female,Lille,INS004
P007502,1974-12-31,Male,Marseille,INS002
P007503,1957-12-31,Female,Paris,INS008
P007504,1979-07-21,Female,Nantes,INS002
P007505,1975-02-04,Male,Montpellier,INS001
P007506,2009-11-07,Male,Lyon,INS006
P007507,2005-08-16,Male,Strasbourg,INS003
P007508,1982-12-21,Female,Nice,INS008
P007509,1985-01-11,Male,Toulouse,INS004
P007510,2002-10-20,Male,Marseille,INS006
P007511,1944-11-11,Female,Nantes,INS007
P007512,1988-10-13,Female,Bordeaux,INS008
P007513,1992-07-15,Female,Strasbourg,INS007
P007514,1940-04-26,Male,Bordeaux,INS005
P007515,2001-05-20,Female,Paris,INS007
P007516,1986-08-26,Male,Marseille,INS003
P007517,1958-02-12,Female,Lille,INS007
P007518,1969-03-24,Male,Toulouse,INS007
P007519,1969-08-28,Male,Lille,INS004
P007520,2004-06-02,Female,Strasbourg,INS001
P007521,2008-07-04,Female,Marseille,INS006
P007522,1995-05-09,Female,Nantes,INS001
P007523,1982-10-29,Female,Lille,INS001
P007524,1938-06-08,Female,Montpellier,INS008
P007525,2004-02-06,Male,Montpellier,INS005
P007526,1940-11-05,Female,Nice,INS006
P007527,1943-07-06,Female,Nice,INS008
P007528,1935-08-22,Female,Nantes,INS008
P007529,2006-10-07,Male,Bordeaux,INS008
P007530,1969-12-14,Male,Bordeaux,INS002
P007531,1949-02-10,Female,Paris,INS003
P007532,1936-07-17,Female,Montpellier,INS007
P007533,1963-05-16,Female,Montpellier,INS001
P007534,1988-08-13,Male,Bordeaux,INS002
P007535,2010-07-23,Male,Strasbourg,INS005
P007536,1974-09-27,Female,Toulouse,INS003
P007537,1979-03-06,Male,Lyon,INS002
P007538,1997-09-14,Male,Strasbourg,INS008
P007539,2003-01-17,Male,Bordeaux,INS004
P007540,1952-08-30,Female,Montpellier,INS004
P007541,2010-05-05,Male,Marseille,INS006
P007542,1972-01-19,Male,Toulouse,INS006
P007543,2005-05-04,Female,Nantes,INS004
P007544,1939-07-08,Female,Lyon,INS008
P007545,1937-11-22,Female,Montpellier,INS003
P007546,2001-08-26,Female,Nantes,INS007
P007547,1984-06-23,Female,Lyon,INS007
P007548,1944-03-05,Male,Nice,INS001
P007549,2002-06-27,Male,Strasbourg,INS007
P007550,1938-04-17,Female,Lille,INS002
P007551,1985-04-07,Female,Nantes,INS004
P007552,1946-08-11,Male,Nice,INS008
P007553,1935-09-20,Female,Lyon,INS002
P007554,1995-04-21,Female,Bordeaux,INS005
P007555,1998-08-21,Male,Bordeaux,INS007
P007556,1938-07-28,Female,Lille,INS004
P007557,1937-07-18,Female,Marseille,INS001
P007558,1979-10-08,Male,Nantes,INS001
P007559,1932-04-29,Male,Nice,INS005
P007560,1990-06-10,Female,Lille,INS001
P007561,2004-03-01,Male,Lyon,INS001
P007562,1990-11-01,Male,Nice,INS008
P007563,1948-09-07,Female,Lyon,INS005
P007564,1945-05-24,Male,Paris,INS004
P007565,1985-02-15,Female,Lille,INS001
P007566,1934-12-29,Female,Strasbourg,INS007
P007567,1973-07-21,Female,Nice,INS005
P007568,1966-05-09,Female,Lille,INS002
P007569,1990-04-24,Female,Bordeaux,INS007
P007570,1946-05-27,Male,Montpellier,INS002
P007571,1991-09-30,Female,Nice,INS005
P007572,1986-08-22,Male,Nice,INS005
P007573,1949-05-03,Female,Paris,INS003
P007574,1958-11-22,Male,Marseille,INS008
P007575,1935-05-07,Male,Lyon,INS006
P007576,1966-05-25,Female,Montpellier,INS003
P007577,1951-02-09,Male,Lille,INS002
P007578,1939-03-12,Male,Toulouse,INS003
P007579,1975-05-09,Female,Bordeaux,INS004
P007580,1975-12-21,Female,Bordeaux,INS005
P007581,1936-12-17,Male,Paris,INS004
P007582,1945-01-10,Male,Montpellier,INS001
P007583,1936-09-09,Female,Lille,INS006
P007584,1984-12-30,Male,Montpellier,INS004
P007585,1957-05-19,Female,Nice,INS003
P007586,1935-10-07,Female,Nantes,INS005
P007587,1945-07-07,Male,Nice,INS007
P007588,2009-01-16,Male,Montpellier,INS001
P007589,1950-09-19,Female,Lille,INS008
P007590,1985-06-12,Female,Lille,INS006
P007591,1967-12-11,Female,Nantes,INS005
P007592,1944-09-20,Male,Marseille,INS001
P007593,1954-11-24,Female,Strasbourg,INS006
P007594,1931-02-21,Female,Paris,INS006
P007595,1990-07-03,Female,Strasbourg,INS005
P007596,1957-02-02,Male,Lille,INS007
P007597,1970-06-09,Female,Paris,INS007
P007598,1942-05-18,Male,Nantes,INS007
P007599,1996-10-04,Female,Marseille,INS003
P007600,1947-09-10,Female,Lille,INS006
P007601,1975-11-13,Female,Toulouse,INS001
P007602,2000-09-09,Female,Bordeaux,INS005
P007603,1987-10-08,Female,Lyon,INS002
P007604,1978-11-10,Female,Paris,INS003
P007605,2001-12-05,Female,Toulouse,INS006
P007606,1944-04-17,Female,Lille,INS004
P007607,2008-01-17,Female,Bordeaux,INS007
P007608,1975-02-02,Female,Nice,INS001
P007609,1963-03-14,Female,Nantes,INS008
P007610,1950-09-20,Female,Lyon,INS006
P007611,1990-05-03,Male,Montpellier,INS004
P007612,2009-01-25,Male,Nice,INS001
P007613,1985-11-24,Male,Paris,INS001
P007614,1932-08-27,Female,Nice,INS004
P007615,1967-12-30,Male,Strasbourg,INS005
P007616,1989-04-25,Male,Bordeaux,INS005
P007617,1962-03-11,Female,Strasbourg,INS003
P007618,1992-08-11,Female,Strasbourg,INS006
P007619,1987-04-16,Male,Montpellier,INS005
P007620,1935-06-10,Male,Montpellier,INS003
P007621,1975-03-12,Male,Lyon,INS003
P007622,1943-12-03,Male,Paris,INS004
P007623,1969-05-29,Male,Nantes,INS006
P007624,1961-02-16,Male,Nantes,INS005
P007625,1995-05-11,Female,Bordeaux,INS002
P007626,2000-04-26,Female,Marseille,INS008
P007627,1967-05-19,Male,Montpellier,INS002
P007628,1973-06-30,Female,Toulouse,INS006
P007629,1980-09-17,Female,Nice,INS001
P007630,1983-01-29,Female,Nantes,INS003
P007631,1981-06-18,Female,Strasbourg,INS005
P007632,1993-06-03,Female,Nice,INS007
P007633,2009-07-15,Male,Nantes,INS005
P007634,1997-01-28,Female,Strasbourg,INS001
P007635,1940-11-29,Male,Paris,INS008
P007636,1968-07-30,Female,Nice,INS003
P007637,1967-05-13,Male,Bordeaux,INS003
P007638,1971-03-19,Male,Nice,INS001
P007639,1972-10-21,Male,Marseille,INS006
P007640,1988-02-27,Female,Bordeaux,INS004
P007641,1964-02-07,Female,Marseille,INS002
P007642,1951-05-01,Male,Lyon,INS006
P007643,1967-01-24,Male,Bordeaux,INS002
P007644,1999-03-19,Female,Paris,INS005
P007645,1955-03-24,Male,Paris,INS006
P007646,1931-09-07,Male,Bordeaux,INS007
P007647,2009-01-28,Female,Strasbourg,INS006
P007648,1945-11-09,Male,Nice,INS005
P007649,1978-10-30,Female,Paris,INS001
P007650,1994-10-25,Female,Lyon,INS002
P007651,1952-03-25,Male,Toulouse,INS005
P007652,1957-07-24,Female,Toulouse,INS005
P007653,1952-09-20,Male,Paris,INS005
P007654,1942-02-19,Male,Marseille,INS006
P007655,1942-05-22,Male,Lyon,INS008
P007656,1945-02-15,Female,Bordeaux,INS005
P007657,1967-02-06,Female,Nantes,INS002
P007658,1972-12-27,Female,Lille,INS004
P007659,1931-04-18,Male,Bordeaux,INS003
P007660,1998-07-16,Female,Marseille,INS005
P007661,1984-09-30,Male,Strasbourg,INS005
P007662,1935-09-22,Female,Paris,INS005
P007663,1998-04-04,Female,Bordeaux,INS005
P007664,1932-06-20,Male,Lille,INS003
P007665,1975-05-27,Male,Toulouse,INS002
P007666,1967-09-05,Female,Bordeaux,INS007
P007667,1970-09-03,Male,Nantes,INS004
P007668,2007-06-13,Female,Montpellier,INS002
P007669,2005-02-02,Male,Bordeaux,INS008
P007670,1952-08-07,Female,Marseille,INS001
P007671,1976-12-13,Male,Bordeaux,INS003
P007672,2007-09-10,Female,Bordeaux,INS006
P007673,1989-01-13,Female,Strasbourg,INS004
P007674,2001-11-25,Male,Bordeaux,INS007
P007675,1965-03-21,Female,Strasbourg,INS003
P007676,1952-12-07,Female,Nantes,INS006
P007677,1971-05-13,Female,Bordeaux,INS004
P007678,1996-03-03,Female,Lille,INS004
P007679,2005-03-26,Male,Marseille,INS004
P007680,1985-07-21,Female,Paris,INS008
P007681,1987-03-24,Male,Bordeaux,INS007
P007682,1971-06-16,Male,Montpellier,INS003
P007683,1955-11-21,Female,Paris,INS004
P007684,1964-04-03,Male,Montpellier,INS004
P007685,1970-04-25,Female,Strasbourg,INS006
P007686,1996-01-20,Female,Toulouse,INS005
P007687,1974-12-25,Female,Lille,INS005
P007688,1994-03-28,Female,Bordeaux,INS004
P007689,1932-03-20,Female,Strasbourg,INS004
P007690,1991-04-24,Female,Paris,INS005
P007691,1971-01-27,Male,Toulouse,INS007
P007692,2010-11-09,Male,Paris,INS008
P007693,1968-03-17,Male,Nantes,INS001
P007694,1968-10-04,Male,Paris,INS002
P007695,1940-04-29,Male,Lille,INS006
P007696,1995-05-12,Female,Nice,INS002
P007697,1986-10-27,Male,Nice,INS005
P007698,1999-11-10,Female,Marseille,INS004
P007699,1937-07-06,Male,Bordeaux,INS002
P007700,1947-02-21,Male,Lyon,INS005
P007701,2001-01-12,Female,Bordeaux,INS005
P007702,1933-05-29,Male,Paris,INS006
P007703,1971-03-01,Male,Strasbourg,INS007
P007704,1962-10-14,Male,Paris,INS008
P007705,2006-02-02,Female,Nantes,INS004
P007706,1999-05-24,Male,Toulouse,INS006
P007707,2002-08-19,Male,Marseille,INS007
P007708,1953-06-01,Female,Bordeaux,INS008
P007709,1977-08-02,Female,Lyon,INS006
P007710,1986-09-13,Female,Bordeaux,INS002
P007711,2008-05-12,Male,Nantes,INS003
P007712,1930-08-06,Female,Toulouse,INS002
P007713,2009-02-19,Female,Lille,INS002
P007714,1958-10-14,Female,Toulouse,INS003
P007715,1940-05-22,Male,Montpellier,INS004
P007716,1979-11-09,Male,Nice,INS007
P007717,1993-04-21,Female,Paris,INS003
P007718,1940-07-05,Female,Marseille,INS002
P007719,1933-04-21,Male,Paris,INS002
P007720,2002-08-16,Female,Marseille,INS002
P007721,2005-08-17,Female,Nice,INS004
P007722,1942-08-29,Male,Strasbourg,INS004
P007723,2003-03-24,Female,Toulouse,INS004
P007724,2003-09-10,Female,Nantes,INS003
P007725,2010-10-15,Female,Lille,INS004
P007726,1947-07-12,Male,Toulouse,INS006
P007727,1976-11-17,Male,Strasbourg,INS001
P007728,2010-07-14,Female,Marseille,INS008
P007729,2003-02-10,Male,Lille,INS003
P007730,1978-12-25,Male,Lyon,INS002
P007731,1945-12-19,Male,Marseille,INS002
P007732,1936-10-31,Female,Paris,INS005
P007733,1950-12-29,Female,Strasbourg,INS005
P007734,1935-04-16,Male,Strasbourg,INS001
P007735,1945-10-25,Female,Toulouse,INS004
P007736,1936-01-26,Female,Bordeaux,INS002
P007737,1991-09-27,Female,Marseille,INS008
P007738,1977-10-12,Male,Paris,INS003
P007739,1971-12-13,Female,Bordeaux,INS008
P007740,1995-07-29,Female,Lyon,INS005
P007741,1963-04-11,Male,Strasbourg,INS008
P007742,1962-08-22,Female,Marseille,INS005
P007743,1946-10-05,Female,Nice,INS002
P007744,1966-01-12,Female,Marseille,INS006
P007745,1944-02-19,Female,Lyon,INS004
P007746,1977-09-24,Male,Bordeaux,INS007
P007747,2010-10-16,Female,Lyon,INS004
P007748,1973-03-05,Male,Lille,INS002
P007749,1954-03-22,Female,Marseille,INS001
P007750,1985-09-24,Female,Strasbourg,INS006
P007751,1996-06-02,Female,Bordeaux,INS002
P007752,1968-03-19,Female,Nice,INS006
P007753,1950-04-11,Female,Bordeaux,INS002
P007754,1987-10-27,Female,Montpellier,INS001
P007755,1945-03-03,Male,Toulouse,INS006
P007756,2010-10-12,Female,Strasbourg,INS003
P007757,1955-09-29,Male,Strasbourg,INS005
P007758,1958-05-17,Female,Montpellier,INS001
P007759,1988-11-17,Female,Nantes,INS002
P007760,1930-12-28,Male,Montpellier,INS001
P007761,1946-06-07,Female,Nice,INS003
P007762,1940-03-05,Female,Lille,INS003
P007763,1961-09-04,Female,Lyon,INS003
P007764,1974-11-01,Female,Marseille,INS002
P007765,1944-07-19,Male,Bordeaux,INS004
P007766,1957-11-19,Female,Lyon,INS008
P007767,1992-07-18,Male,Marseille,INS001
P007768,2006-02-19,Female,Nantes,INS008
P007769,1931-02-27,Female,Lille,INS004
P007770,1980-10-27,Female,Nantes,INS005
P007771,1932-01-30,Female,Montpellier,INS006
P007772,1972-02-24,Male,Paris,INS006
P007773,2001-03-27,Male,Nantes,INS008
P007774,1994-08-22,Female,Strasbourg,INS008
P007775,1948-11-06,Female,Lyon,INS001
P007776,1950-12-12,Male,Nice,INS004
P007777,1993-06-18,Female,Bordeaux,INS005
P007778,1996-05-25,Male,Nantes,INS005
P007779,1952-10-02,Female,Paris,INS008
P007780,1930-04-01,Female,Toulouse,INS006
P007781,1965-12-31,Female,Lille,INS004
P007782,1980-03-11,Female,Lyon,INS008
P007783,1965-12-10,Male,Nice,INS006
P007784,2005-09-17,Male,Bordeaux,INS007
P007785,1995-11-25,Male,Strasbourg,INS006
P007786,1993-10-25,Male,Lyon,INS001
P007787,1931-08-24,Female,Nice,INS008
P007788,1999-02-21,Female,Nantes,INS006
P007789,1991-03-05,Female,Nantes,INS002
P007790,1962-02-25,Male,Lille,INS003
P007791,1977-10-02,Female,Nantes,INS003
P007792,1996-10-05,Male,Marseille,INS003
P007793,2003-05-27,Male,Nice,INS005
P007794,1974-08-13,Male,Toulouse,INS005
P007795,1933-05-08,Female,Toulouse,INS002
P007796,1980-02-06,Male,Bordeaux,INS006
P007797,1985-01-29,Male,Paris,INS003
P007798,1934-10-09,Male,Lille,INS002
P007799,1996-03-14,Female,Marseille,INS008
P007800,1946-04-29,Male,Montpellier,INS003
P007801,2002-02-15,Female,Toulouse,INS002
P007802,1974-08-17,Male,Paris,INS006
P007803,1956-02-03,Male,Paris,INS007
P007804,1934-10-06,Female,Montpellier,INS002
P007805,1931-06-13,Male,Lyon,INS001
P007806,1990-01-20,Female,Paris,INS007
P007807,1960-07-19,Male,Marseille,INS005
P007808,1998-01-16,Male,Marseille,INS004
P007809,1948-09-02,Male,Paris,INS004
P007810,2004-07-19,Male,Montpellier,INS005
P007811,2006-04-07,Female,Paris,INS006
P007812,1938-03-30,Female,Nice,INS001
P007813,1982-05-26,Male,Strasbourg,INS003
P007814,2006-02-11,Female,Nantes,INS008
P007815,1956-03-03,Female,Lyon,INS002
P007816,1935-06-24,Female,Nice,INS008
P007817,2000-11-29,Female,Lille,INS004
P007818,1968-05-25,Male,Toulouse,INS002
P007819,1932-03-11,Female,Marseille,INS005
P007820,1998-01-21,Female,Nice,INS006
P007821,1984-12-26,Male,Bordeaux,INS003
P007822,1935-09-12,Male,Lyon,INS007
P007823,1950-12-14,Female,Toulouse,INS001
P007824,1931-06-24,Male,Nice,INS001
P007825,2007-05-05,Female,Montpellier,INS005
P007826,1932-01-09,Male,Montpellier,INS005
P007827,1994-06-18,Female,Lyon,INS006
P007828,1971-05-31,Female,Strasbourg,INS007
P007829,1977-03-14,Female,Bordeaux,INS008
P007830,1995-09-27,Male,Nice,INS005
P007831,2002-06-28,Female,Lille,INS005
P007832,1940-04-27,Female,Nantes,INS008
P007833,1931-06-13,Male,Marseille,INS008
P007834,1940-02-04,Female,Bordeaux,INS001
P007835,1985-04-13,Male,Marseille,INS005
P007836,1976-01-19,Female,Lille,INS008
P007837,1936-10-17,Female,Toulouse,INS001
P007838,1948-12-23,Female,Strasbourg,INS008
P007839,1973-07-07,Female,Nantes,INS006
P007840,1989-02-22,Female,Nantes,INS002
P007841,1957-10-25,Female,Marseille,INS006
P007842,2006-12-02,Male,Toulouse,INS004
P007843,2010-05-15,Female,Toulouse,INS003
P007844,1992-01-18,Female,Nice,INS005
P007845,1966-10-17,Male,Lyon,INS006
P007846,2001-01-18,Female,Paris,INS008
P007847,1988-12-16,Male,Bordeaux,INS004
P007848,1972-02-01,Male,Strasbourg,INS002
P007849,1965-12-11,Female,Nice,INS007
P007850,1997-06-01,Male,Strasbourg,INS003
P007851,1975-02-14,Male,Lille,INS007
P007852,1944-10-25,Male,Marseille,INS007
P007853,2010-12-25,Male,Nantes,INS001
P007854,1935-07-16,Female,Paris,INS004
P007855,1986-04-18,Male,Strasbourg,INS001
P007856,1983-02-17,Female,Nice,INS005
P007857,1977-06-24,Female,Bordeaux,INS007
P007858,1934-03-17,Male,Lyon,INS005
P007859,1969-11-24,Female,Marseille,INS003
P007860,2002-04-16,Male,Montpellier,INS008
P007861,1949-05-27,Male,Paris,INS001
P007862,1986-01-05,Male,Paris,INS002
P007863,1999-07-23,Male,Lille,INS003
P007864,2007-02-15,Male,Marseille,INS008
P007865,1971-10-22,Male,Nantes,INS008
P007866,1955-06-05,Male,Paris,INS005
P007867,1986-09-01,Male,Nice,INS008
P007868,1969-05-18,Male,Nice,INS008
P007869,1980-10-16,Female,Marseille,INS005
P007870,1990-01-28,Female,Bordeaux,INS001
P007871,1987-07-14,Female,Nantes,INS008
P007872,1949-08-31,Female,Strasbourg,INS006
P007873,1991-03-21,Female,Nice,INS002
P007874,1973-11-21,Female,Montpellier,INS007
P007875,2005-05-22,Male,Lyon,INS004
P007876,1983-06-01,Male,Nantes,INS007
P007877,2002-03-27,Male,Nice,INS003
P007878,2009-04-13,Male,Marseille,INS001
P007879,2010-07-21,Male,Marseille,INS004
P007880,1990-04-27,Male,Paris,INS004
P007881,1978-05-19,Female,Montpellier,INS007
P007882,1939-07-27,Male,Strasbourg,INS001
P007883,1961-04-11,Female,Lyon,INS008
P007884,1968-07-02,Female,Marseille,INS002
P007885,1993-03-22,Female,Toulouse,INS008
P007886,1977-09-09,Male,Strasbourg,INS006
P007887,1965-07-27,Male,Strasbourg,INS003
P007888,1941-11-16,Female,Strasbourg,INS008
P007889,1987-12-24,Male,Strasbourg,INS003
P007890,1964-12-27,Female,Nantes,INS006
P007891,1932-12-05,Female,Marseille,INS001
P007892,1953-01-02,Female,Nantes,INS001
P007893,2001-03-26,Female,Toulouse,INS003
P007894,1939-08-17,Male,Montpellier,INS002
P007895,1962-11-24,Female,Toulouse,INS002
P007896,1971-06-23,Female,Nice,INS004
P007897,1936-10-13,Female,Lyon,INS005
P007898,1943-06-02,Male,Nantes,INS002
P007899,2006-02-27,Male,Toulouse,INS007
P007900,1977-10-31,Male,Toulouse,INS007
P007901,1947-01-14,Male,Nice,INS007
P007902,1943-09-30,Male,Toulouse,INS002
P007903,1964-06-25,Female,Paris,INS008
P007904,1988-08-10,Female,Lille,INS002
P007905,1989-02-28,Female,Montpellier,INS001
P007906,1945-10-25,Female,Montpellier,INS006
P007907,1988-10-09,Female,Nantes,INS007
P007908,2002-08-06,Female,Nantes,INS002
P007909,1948-05-01,Female,Marseille,INS004
P007910,1932-02-15,Female,Nice,INS004
P007911,2007-09-01,Female,Bordeaux,INS006
P007912,1972-04-12,Female,Paris,INS005
P007913,1992-11-21,Male,Montpellier,INS005
P007914,1955-12-05,Male,Strasbourg,INS001
P007915,1954-03-26,Female,Paris,INS008
P007916,1948-03-25,Female,Toulouse,INS005
P007917,1947-07-31,Female,Nice,INS006
P007918,1968-03-13,Female,Nice,INS004
P007919,1938-07-27,Female,Lyon,INS002
P007920,1998-03-15,Female,Paris,INS006
P007921,1971-05-30,Male,Montpellier,INS003
P007922,2004-02-19,Male,Strasbourg,INS002
P007923,1970-09-04,Male,Nice,INS005
P007924,1954-07-25,Male,Nantes,INS003
P007925,1971-09-16,Male,Nantes,INS008
P007926,1942-06-30,Male,Toulouse,INS006
P007927,1996-09-30,Male,Nantes,INS003
P007928,1988-04-30,Male,Lille,INS001
P007929,1941-12-02,Male,Paris,INS003
P007930,1977-02-20,Male,Lille,INS001
P007931,1973-07-30,Male,Marseille,INS002
P007932,1946-04-13,Female,Lille,INS003
P007933,1939-11-21,Female,Toulouse,INS006
P007934,1991-08-01,Female,Lyon,INS001
P007935,1951-05-22,Female,Toulouse,INS002
P007936,1972-01-13,Female,Toulouse,INS001
P007937,1950-01-24,Female,Lyon,INS008
P007938,1982-12-04,Female,Toulouse,INS008
P007939,1933-12-20,Male,Nantes,INS003
P007940,1959-02-08,Female,Toulouse,INS004
P007941,1974-04-24,Female,Paris,INS003
P007942,1965-07-26,Female,Nice,INS005
P007943,1979-08-08,Female,Bordeaux,INS005
P007944,1944-08-10,Male,Toulouse,INS003
P007945,1965-10-14,Male,Paris,INS006
P007946,1991-04-11,Female,Paris,INS001
P007947,1957-01-08,Female,Paris,INS006
P007948,1942-09-20,Female,Strasbourg,INS007
P007949,1998-08-31,Male,Lille,INS001
P007950,1993-01-15,Male,Toulouse,INS006
P007951,1985-02-10,Male,Nantes,INS006
P007952,1994-08-21,Female,Nantes,INS008
P007953,1993-01-30,Male,Paris,INS007
P007954,1990-06-22,Male,Montpellier,INS001
P007955,1971-04-06,Male,Marseille,INS001
P007956,1931-07-29,Female,Nice,INS002
P007957,1978-05-12,Female,Strasbourg,INS005
P007958,1952-02-15,Female,Bordeaux,INS006
P007959,1992-08-20,Female,Lyon,INS006
P007960,1967-12-08,Male,Bordeaux,INS003
P007961,2003-04-29,Female,Marseille,INS002
P007962,1978-03-28,Female,Strasbourg,INS001
P007963,1974-08-04,Male,Nice,INS003
P007964,2004-06-15,Female,Strasbourg,INS003
P007965,1968-06-24,Male,Strasbourg,INS003
P007966,1960-06-03,Male,Lyon,INS001
P007967,1960-02-03,Male,Paris,INS003
P007968,2000-11-15,Male,Nantes,INS007
P007969,1991-04-04,Female,Nantes,INS002
P007970,1943-03-28,Female,Strasbourg,INS008
P007971,1969-11-21,Male,Nantes,INS001
P007972,1960-01-27,Female,Strasbourg,INS006
P007973,1982-05-19,Female,Lille,INS001
P007974,1934-03-27,Male,Lyon,INS004
P007975,1987-11-04,Female,Paris,INS008
P007976,1990-02-20,Female,Toulouse,INS007
P007977,1948-05-09,Female,Paris,INS005
P007978,1942-03-15,Female,Bordeaux,INS006
P007979,1980-10-29,Male,Toulouse,INS006
P007980,1950-10-26,Female,Marseille,INS007
P007981,2006-04-07,Female,Bordeaux,INS005
P007982,1992-10-16,Female,Nantes,INS005
P007983,2007-05-10,Male,Paris,INS001
P007984,1973-04-24,Female,Toulouse,INS008
P007985,2006-01-06,Female,Montpellier,INS005
P007986,1931-02-18,Male,Marseille,INS003
P007987,1953-06-26,Female,Nice,INS002
P007988,1930-03-08,Male,Lille,INS005
P007989,1984-11-17,Female,Marseille,INS007
P007990,1971-05-13,Female,Strasbourg,INS007
P007991,1953-04-20,Female,Lille,INS008
P007992,1954-09-13,Male,Strasbourg,INS008
P007993,1982-02-21,Female,Nantes,INS005
P007994,1944-08-09,Female,Strasbourg,INS008
P007995,1971-09-05,Male,Strasbourg,INS001
P007996,1979-09-13,Female,Montpellier,INS004
P007997,1949-06-09,Male,Bordeaux,INS004
P007998,1948-07-03,Male,Montpellier,INS006
P007999,1958-09-10,Male,Paris,INS003
P008000,1977-12-19,Female,Toulouse,INS003
P008001,1950-08-09,Female,Lille,INS008
P008002,1960-09-20,Male,Paris,INS006
P008003,1974-01-07,Female,Strasbourg,INS006
P008004,1945-02-15,Female,Strasbourg,INS002
P008005,1976-01-31,Male,Nice,INS005
P008006,1941-03-09,Male,Nantes,INS004
P008007,1941-07-18,Female,Nantes,INS005
P008008,1949-03-09,Female,Lille,INS008
P008009,1953-03-17,Male,Nantes,INS003
P008010,1932-06-01,Male,Montpellier,INS007
P008011,2007-11-21,Female,Marseille,INS006
P008012,1954-12-16,Female,Lille,INS004
P008013,1995-03-04,Female,Lyon,INS008
P008014,2003-01-21,Female,Montpellier,INS002
P008015,1994-11-07,Female,Bordeaux,INS006
P008016,1997-05-04,Male,Bordeaux,INS004
P008017,1938-02-08,Female,Marseille,INS006
P008018,1960-02-18,Female,Paris,INS002
P008019,1990-06-10,Male,Strasbourg,INS006
P008020,1976-08-22,Female,Strasbourg,INS001
P008021,1930-06-17,Female,Lille,INS003
P008022,1975-12-15,Male,Nice,INS008
P008023,1995-03-01,Female,Bordeaux,INS006
P008024,1997-02-15,Male,Nantes,INS004
P008025,1961-02-03,Female,Lyon,INS003
P008026,1949-02-20,Female,Nantes,INS001
P008027,1955-01-27,Male,Lyon,INS001
P008028,1954-01-03,Female,Marseille,INS006
P008029,1958-01-27,Male,Lille,INS003
P008030,1954-06-12,Female,Marseille,INS001
P008031,1967-01-12,Male,Montpellier,INS004
P008032,1933-04-24,Female,Paris,INS004
P008033,1952-04-16,Male,Montpellier,INS008
P008034,1955-06-28,Male,Lyon,INS002
P008035,1942-06-03,Female,Strasbourg,INS003
P008036,2001-02-09,Female,Lille,INS002
P008037,1984-09-17,Female,Montpellier,INS002
P008038,2003-11-14,Male,Bordeaux,INS005
P008039,1975-06-27,Female,Toulouse,INS002
P008040,1938-11-18,Male,Lyon,INS006
P008041,2003-04-10,Female,Toulouse,INS007
P008042,1967-02-07,Female,Bordeaux,INS004
P008043,1985-06-09,Male,Montpellier,INS002
P008044,1960-11-20,Female,Marseille,INS007
P008045,1970-01-13,Female,Paris,INS008
P008046,1969-08-21,Male,Marseille,INS008
P008047,1953-01-22,Male,Marseille,INS008
P008048,1974-12-06,Female,Montpellier,INS007
P008049,1989-06-06,Female,Lyon,INS006
P008050,1931-08-23,Female,Montpellier,INS008
P008051,1940-08-08,Male,Lyon,INS003
P008052,1998-03-21,Female,Strasbourg,INS008
P008053,1976-02-21,Male,Toulouse,INS001
P008054,2008-11-11,Male,Paris,INS007
P008055,1978-12-23,Male,Nantes,INS003
P008056,1982-12-04,Female,Nice,INS003
P008057,2002-10-26,Female,Strasbourg,INS006
P008058,1983-06-30,Female,Lyon,INS002
P008059,1956-09-12,Female,Nantes,INS008
P008060,1972-10-06,Female,Bordeaux,INS006
P008061,1949-01-31,Male,Toulouse,INS001
P008062,1957-01-28,Female,Strasbourg,INS007
P008063,1985-02-06,Female,Toulouse,INS001
P008064,1942-01-25,Male,Lille,INS007
P008065,1984-06-05,Male,Bordeaux,INS007
P008066,1977-04-22,Female,Montpellier,INS006
P008067,1954-12-24,Male,Strasbourg,INS005
P008068,1933-08-22,Male,Nice,INS007
P008069,1987-01-27,Female,Paris,INS007
P008070,1996-10-13,Male,Lille,INS006
P008071,1989-02-18,Female,Paris,INS002
P008072,1964-02-04,Female,Paris,INS006
P008073,1982-12-08,Female,Strasbourg,INS002
P008074,1963-08-06,Female,Strasbourg,INS001
P008075,1959-01-07,Male,Lyon,INS002
P008076,1956-07-02,Male,Toulouse,INS004
P008077,1947-01-29,Female,Marseille,INS008
P008078,2008-07-07,Male,Paris,INS001
P008079,1983-12-18,Female,Lille,INS001
P008080,1944-03-02,Female,Lyon,INS001
P008081,2000-01-25,Male,Nice,INS002
P008082,1942-04-04,Female,Montpellier,INS005
P008083,1978-02-01,Male,Toulouse,INS007
P008084,1943-05-30,Female,Marseille,INS001
P008085,1959-04-05,Male,Toulouse,INS007
P008086,1983-05-04,Female,Montpellier,INS008
P008087,2010-12-05,Female,Lyon,INS001
P008088,2010-05-05,Male,Nantes,INS004
P008089,2002-07-16,Female,Paris,INS007
P008090,1949-01-27,Female,Lille,INS006
P008091,1937-07-29,Male,Toulouse,INS002
P008092,2003-05-09,Female,Lille,INS002
P008093,2004-10-09,Female,Lyon,INS004
P008094,1952-07-26,Female,Nice,INS007
P008095,1931-07-22,Male,Nantes,INS008
P008096,1982-06-24,Male,Toulouse,INS004
P008097,1936-03-01,Male,Toulouse,INS005
P008098,1933-04-13,Male,Paris,INS005
P008099,2005-11-27,Female,Nantes,INS004
P008100,1970-02-23,Female,Marseille,INS006
P008101,1939-01-28,Female,Lille,INS003
P008102,1983-01-07,Male,Strasbourg,INS005
P008103,1959-11-27,Female,Nantes,INS005
P008104,1973-06-10,Male,Nantes,INS005
P008105,2002-10-22,Male,Marseille,INS008
P008106,1949-04-07,Male,Bordeaux,INS006
P008107,1982-05-14,Female,Paris,INS006
P008108,1997-02-08,Female,Marseille,INS007
P008109,1964-04-29,Male,Strasbourg,INS005
P008110,2008-07-30,Male,Toulouse,INS003
P008111,1966-04-24,Female,Nantes,INS005
P008112,1967-03-12,Male,Nice,INS008
P008113,2001-08-14,Male,Montpellier,INS008
P008114,1981-07-05,Female,Paris,INS003
P008115,2000-05-12,Male,Bordeaux,INS004
P008116,1994-01-08,Female,Montpellier,INS003
P008117,1987-09-13,Male,Lyon,INS001
P008118,1949-07-24,Female,Strasbourg,INS003
P008119,1962-04-22,Female,Bordeaux,INS001
P008120,2000-01-07,Female,Lille,INS003
P008121,1979-11-24,Male,Nice,INS001
P008122,1952-09-11,Male,Strasbourg,INS003
P008123,1956-07-07,Female,Lyon,INS006
P008124,1992-11-03,Female,Nantes,INS007
P008125,1944-06-07,Female,Montpellier,INS008
P008126,1939-01-30,Female,Nantes,INS005
P008127,1991-12-22,Male,Bordeaux,INS005
P008128,1953-05-11,Female,Lyon,INS008
P008129,1991-12-30,Male,Toulouse,INS005
P008130,1973-03-22,Male,Montpellier,INS001
P008131,2010-10-27,Female,Nice,INS008
P008132,1972-07-08,Male,Toulouse,INS005
P008133,2000-04-06,Male,Lille,INS006
P008134,1998-11-19,Male,Strasbourg,INS001
P008135,1947-03-04,Male,Montpellier,INS004
P008136,2010-09-07,Female,Marseille,INS004
P008137,1990-05-29,Female,Strasbourg,INS007
P008138,1938-09-07,Male,Lille,INS004
P008139,1930-06-28,Female,Strasbourg,INS003
P008140,1951-12-25,Male,Montpellier,INS006
P008141,1931-04-26,Male,Nantes,INS001
P008142,1958-12-19,Female,Toulouse,INS006
P008143,2010-09-14,Female,Lille,INS001
P008144,1968-10-16,Female,Paris,INS002
P008145,1931-12-09,Male,Paris,INS004
P008146,1970-01-02,Female,Strasbourg,INS002
P008147,1947-09-30,Female,Nantes,INS001
P008148,1999-05-08,Male,Marseille,INS004
P008149,1937-05-03,Male,Bordeaux,INS006
P008150,1992-05-31,Male,Strasbourg,INS002
P008151,1966-02-14,Male,Nantes,INS003
P008152,1931-07-12,Female,Montpellier,INS006
P008153,1984-07-10,Male,Lyon,INS008
P008154,1966-11-09,Male,Paris,INS005
P008155,1992-06-29,Female,Nantes,INS005
P008156,1980-01-24,Female,Bordeaux,INS007
P008157,1993-10-07,Female,Nantes,INS001
P008158,1967-04-17,Male,Montpellier,INS008
P008159,1930-08-23,Male,Lyon,INS004
P008160,1940-08-01,Male,Montpellier,INS004
P008161,1967-03-04,Male,Paris,INS005
P008162,1962-03-12,Female,Bordeaux,INS008
P008163,1994-05-05,Male,Strasbourg,INS008
P008164,1963-05-06,Male,Nantes,INS007
P008165,1999-09-03,Female,Marseille,INS004
P008166,1945-03-16,Female,Nantes,INS002
P008167,1961-03-05,Male,Montpellier,INS002
P008168,1991-04-05,Male,Marseille,INS007
P008169,1940-01-20,Female,Montpellier,INS002
P008170,1956-01-13,Male,Nantes,INS004
P008171,1990-11-24,Female,Paris,INS004
P008172,1977-09-15,Female,Lille,INS006
P008173,1993-01-08,Male,Strasbourg,INS003
P008174,1971-10-10,Female,Lille,INS006
P008175,1999-08-05,Male,Montpellier,INS005
P008176,2001-01-25,Male,Toulouse,INS008
P008177,2008-12-08,Female,Lille,INS002
P008178,1939-11-19,Female,Strasbourg,INS007
P008179,1977-11-19,Female,Nice,INS006
P008180,1939-04-04,Female,Marseille,INS007
P008181,1948-07-16,Male,Nice,INS004
P008182,1954-04-29,Female,Marseille,INS003
P008183,1982-05-03,Male,Strasbourg,INS005
P008184,1964-12-05,Female,Paris,INS008
P008185,2000-01-16,Female,Nantes,INS002
P008186,1954-03-08,Male,Lyon,INS006
P008187,1979-12-30,Female,Nantes,INS002
P008188,1991-10-26,Male,Montpellier,INS007
P008189,2009-05-27,Male,Nantes,INS004
P008190,1949-11-12,Male,Toulouse,INS007
P008191,1989-06-02,Female,Strasbourg,INS002
P008192,1936-11-12,Female,Lyon,INS001
P008193,1974-01-06,Male,Bordeaux,INS008
P008194,1963-07-08,Female,Montpellier,INS003
P008195,2007-08-22,Male,Lille,INS001
P008196,1992-08-22,Male,Paris,INS007
P008197,2005-02-07,Male,Toulouse,INS004
P008198,1998-11-23,Male,Toulouse,INS008
P008199,1963-04-07,Male,Strasbourg,INS004
P008200,1989-05-26,Female,Strasbourg,INS007
P008201,1932-06-20,Male,Lille,INS005
P008202,1975-03-10,Male,Nice,INS004
P008203,1933-10-31,Female,Lyon,INS004
P008204,1988-08-28,Male,Lyon,INS003
P008205,2008-04-20,Female,Nantes,INS006
P008206,1985-03-11,Female,Nice,INS005
P008207,1998-01-12,Male,Strasbourg,INS001
P008208,1948-12-25,Male,Nantes,INS004
P008209,2010-07-03,Female,Lyon,INS004
P008210,1974-08-11,Male,Nantes,INS008
P008211,1984-08-17,Female,Toulouse,INS004
P008212,1992-06-01,Female,Marseille,INS005
P008213,1981-10-21,Female,Lille,INS001
P008214,1955-09-08,Male,Strasbourg,INS004
P008215,1979-07-11,Female,Lyon,INS003
P008216,1982-12-21,Female,Bordeaux,INS004
P008217,1999-06-11,Male,Paris,INS008
P008218,1968-12-31,Female,Nice,INS008
P008219,1970-08-24,Female,Lyon,INS003
P008220,1970-10-03,Female,Montpellier,INS005
P008221,1939-04-09,Male,Strasbourg,INS008
P008222,1937-04-18,Male,Strasbourg,INS002
P008223,1931-08-28,Male,Lille,INS004
P008224,1983-12-18,Female,Nice,INS005
P008225,1963-12-05,Female,Lyon,INS001
P008226,2000-02-13,Male,Marseille,INS004
P008227,1986-11-17,Female,Lyon,INS001
P008228,1941-06-16,Female,Paris,INS003
P008229,1938-02-08,Female,Lille,INS001
P008230,1959-08-27,Female,Bordeaux,INS006
P008231,2004-08-05,Female,Strasbourg,INS007
P008232,1933-12-10,Male,Paris,INS003
P008233,1945-03-07,Female,Toulouse,INS001
P008234,1932-05-26,Male,Nice,INS004
P008235,1963-07-04,Female,Marseille,INS001
P008236,2010-02-28,Male,Nice,INS004
P008237,1985-05-19,Male,Bordeaux,INS005
P008238,1969-12-20,Male,Bordeaux,INS004
P008239,1941-09-11,Female,Lyon,INS005
P008240,1958-10-18,Male,Lyon,INS005
P008241,1972-06-27,Female,Strasbourg,INS002
P008242,1952-04-06,Male,Strasbourg,INS006
P008243,1987-02-09,Male,Toulouse,INS006
P008244,2009-05-18,Male,Bordeaux,INS002
P008245,1946-09-06,Male,Bordeaux,INS004
P008246,1950-06-07,Male,Bordeaux,INS003
P008247,1940-03-23,Male,Nice,INS004
P008248,1988-10-12,Female,Bordeaux,INS007
P008249,1967-05-26,Female,Lyon,INS005
P008250,1952-12-25,Male,Paris,INS008
P008251,1947-10-03,Male,Strasbourg,INS005
P008252,1935-09-17,Female,Nice,INS001
P008253,1968-07-26,Female,Lyon,INS006
P008254,1985-05-06,Male,Paris,INS001
P008255,1949-01-14,Female,Marseille,INS003
P008256,1930-02-18,Female,Bordeaux,INS008
P008257,1968-05-03,Female,Bordeaux,INS008
P008258,1984-09-25,Female,Lyon,INS002
P008259,1957-12-11,Male,Lyon,INS008
P008260,1950-04-13,Female,Marseille,INS008
P008261,1942-07-01,Female,Toulouse,INS008
P008262,1990-06-07,Female,Marseille,INS007
P008263,1999-10-14,Female,Toulouse,INS001
P008264,1992-05-07,Female,Paris,INS001
P008265,1971-12-22,Female,Montpellier,INS005
P008266,1988-08-25,Female,Strasbourg,INS001
P008267,1962-02-24,Male,Lille,INS003
P008268,1931-12-26,Female,Strasbourg,INS008
P008269,1959-10-10,Female,Bordeaux,INS008
P008270,1987-01-01,Female,Paris,INS003
P008271,1982-06-07,Female,Marseille,INS005
P008272,2010-03-14,Female,Paris,INS005
P008273,2010-10-17,Female,Nice,INS003
P008274,1949-08-26,Female,Nice,INS002
P008275,1930-10-10,Female,Nantes,INS004
P008276,1952-03-19,Male,Paris,INS005
P008277,2000-12-18,Female,Marseille,INS007
P008278,1995-11-23,Female,Toulouse,INS007
P008279,1937-12-31,Male,Lyon,INS001
P008280,1942-12-29,Female,Lyon,INS006
P008281,1975-08-24,Male,Lille,INS005
P008282,1983-07-04,Female,Bordeaux,INS001
P008283,2009-07-26,Female,Paris,INS007
P008284,1991-02-26,Male,Montpellier,INS005
P008285,1947-02-28,Female,Toulouse,INS006
P008286,1933-01-04,Female,Lyon,INS006
P008287,1981-04-27,Male,Paris,INS003
P008288,1974-11-08,Male,Montpellier,INS002
P008289,2004-08-29,Female,Bordeaux,INS004
P008290,1976-08-23,Male,Strasbourg,INS007
P008291,1970-08-07,Female,Nice,INS006
P008292,1954-07-31,Male,Montpellier,INS006
P008293,1936-12-27,Female,Strasbourg,INS002
P008294,2000-12-24,Male,Nice,INS001
P008295,1996-11-28,Female,Strasbourg,INS006
P008296,1943-03-08,Male,Strasbourg,INS008
P008297,1987-01-05,Female,Marseille,INS003
P008298,1959-07-02,Male,Bordeaux,INS004
P008299,1965-05-26,Male,Montpellier,INS008
P008300,1998-09-28,Male,Strasbourg,INS002
P008301,1998-03-15,Male,Lyon,INS005
P008302,1945-06-10,Female,Lyon,INS001
P008303,1954-12-01,Male,Marseille,INS003
P008304,1996-07-12,Female,Nice,INS003
P008305,2004-04-10,Male,Lille,INS006
P008306,1936-05-28,Male,Nantes,INS003
P008307,1997-07-09,Female,Lyon,INS004
P008308,1969-08-17,Female,Paris,INS003
P008309,1977-10-24,Male,Nice,INS002
P008310,1936-02-07,Male,Marseille,INS007
P008311,1985-02-08,Male,Paris,INS006
P008312,1984-11-28,Female,Marseille,INS006
P008313,1983-09-05,Female,Lille,INS005
P008314,1994-01-14,Male,Toulouse,INS002
P008315,2006-08-18,Male,Strasbourg,INS005
P008316,1998-11-02,Male,Lyon,INS006
P008317,1990-04-29,Male,Nantes,INS004
P008318,2009-06-24,Male,Marseille,INS006
P008319,1984-08-20,Male,Toulouse,INS003
P008320,1984-06-06,Male,Marseille,INS005
P008321,1973-11-27,Male,Lille,INS004
P008322,1992-04-16,Male,Bordeaux,INS008
P008323,1935-10-13,Female,Bordeaux,INS002
P008324,1970-12-19,Female,Lyon,INS003
P008325,1964-06-13,Male,Lyon,INS006
P008326,2003-12-06,Male,Marseille,INS001
P008327,1935-11-17,Male,Strasbourg,INS005
P008328,1982-02-21,Male,Lille,INS001
P008329,1944-12-06,Female,Bordeaux,INS005
P008330,2001-07-25,Female,Toulouse,INS003
P008331,1998-12-31,Male,Lille,INS002
P008332,1949-01-26,Male,Paris,INS004
P008333,2000-08-09,Female,Toulouse,INS003
P008334,1970-03-27,Female,Montpellier,INS001
P008335,2008-08-26,Female,Montpellier,INS005
P008336,1989-02-10,Female,Lille,INS005
P008337,1932-10-16,Female,Bordeaux,INS006
P008338,1946-06-03,Female,Marseille,INS008
P008339,1962-09-10,Female,Montpellier,INS006
P008340,1947-02-13,Male,Bordeaux,INS007
P008341,1940-09-22,Male,Montpellier,INS006
P008342,2009-03-21,Male,Strasbourg,INS006
P008343,2000-05-23,Female,Lille,INS007
P008344,1965-03-15,Female,Toulouse,INS006
P008345,1947-06-02,Female,Bordeaux,INS005
P008346,1944-09-22,Male,Marseille,INS006
P008347,2004-03-05,Female,Strasbourg,INS008
P008348,1956-11-06,Male,Bordeaux,INS004
P008349,1931-01-08,Male,Marseille,INS002
P008350,1962-03-09,Male,Toulouse,INS004
P008351,1966-10-20,Female,Strasbourg,INS001
P008352,1980-06-20,Female,Toulouse,INS003
P008353,1957-06-07,Male,Nice,INS008
P008354,2004-10-05,Female,Montpellier,INS001
P008355,1982-02-15,Male,Lille,INS008
P008356,2009-11-29,Female,Montpellier,INS005
P008357,1959-09-23,Male,Toulouse,INS003
P008358,1982-10-14,Male,Bordeaux,INS004
P008359,1959-08-05,Female,Nice,INS008
P008360,1986-09-10,Male,Paris,INS001
P008361,1990-05-26,Male,Nice,INS005
P008362,1956-01-25,Male,Bordeaux,INS003
P008363,2005-12-13,Female,Nantes,INS005
P008364,1999-06-06,Female,Montpellier,INS007
P008365,2002-06-14,Male,Toulouse,INS008
P008366,1947-08-23,Female,Montpellier,INS003
P008367,1988-02-22,Male,Bordeaux,INS006
P008368,1938-08-14,Female,Marseille,INS004
P008369,1938-07-19,Male,Nantes,INS005
P008370,2008-10-30,Female,Lyon,INS002
P008371,1942-05-21,Male,Strasbourg,INS007
P008372,1999-12-29,Female,Lyon,INS002
P008373,1964-11-22,Female,Toulouse,INS001
P008374,1954-08-06,Female,Strasbourg,INS007
P008375,1935-12-15,Male,Paris,INS004
P008376,1984-09-08,Female,Toulouse,INS001
P008377,1988-06-04,Male,Bordeaux,INS006
P008378,1967-10-30,Female,Lille,INS003
P008379,1995-08-09,Male,Nantes,INS008
P008380,1956-03-04,Male,Lille,INS008
P008381,1974-09-07,Female,Lille,INS005
P008382,1953-03-24,Female,Marseille,INS004
P008383,1977-02-27,Female,Nantes,INS004
P008384,1941-01-07,Male,Strasbourg,INS005
P008385,1968-07-26,Male,Lyon,INS008
P008386,1974-06-30,Female,Toulouse,INS006
P008387,1975-01-29,Male,Marseille,INS001
P008388,1966-03-05,Male,Marseille,INS002
P008389,1982-02-16,Male,Montpellier,INS006
P008390,1971-06-27,Female,Nice,INS003
P008391,1952-12-10,Male,Montpellier,INS004
P008392,1947-06-12,Female,Nantes,INS004
P008393,1982-06-19,Male,Nantes,INS005
P008394,2006-01-09,Female,Nice,INS002
P008395,1991-01-03,Male,Nantes,INS001
P008396,1981-09-22,Male,Strasbourg,INS002
P008397,2004-08-22,Male,Lille,INS006
P008398,2002-11-12,Female,Lyon,INS005
P008399,1971-01-09,Male,Toulouse,INS007
P008400,1938-11-07,Female,Paris,INS001
P008401,1981-05-17,Male,Paris,INS002
P008402,1980-06-13,Female,Paris,INS002
P008403,1952-06-19,Male,Paris,INS005
P008404,1998-10-21,Female,Nice,INS005
P008405,2000-06-18,Female,Bordeaux,INS002
P008406,1956-10-20,Female,Montpellier,INS004
P008407,1968-08-16,Female,Marseille,INS001
P008408,1945-10-22,Female,Lille,INS005
P008409,1944-06-12,Male,Toulouse,INS005
P008410,1951-06-20,Male,Nice,INS001
P008411,1959-08-18,Male,Montpellier,INS001
P008412,1952-02-09,Male,Nice,INS006
P008413,1942-04-13,Female,Bordeaux,INS008
P008414,1966-03-22,Female,Montpellier,INS007
P008415,1980-07-04,Female,Lyon,INS005
P008416,1956-05-27,Female,Toulouse,INS005
P008417,1973-03-20,Male,Marseille,INS007
P008418,1951-12-22,Male,Lyon,INS007
P008419,1987-01-05,Male,Lille,INS008
P008420,1982-07-12,Male,Nice,INS004
P008421,2007-10-06,Female,Lille,INS004
P008422,1934-04-18,Male,Strasbourg,INS001
P008423,1999-02-07,Female,Nantes,INS002
P008424,1957-07-27,Male,Nice,INS004
P008425,1935-05-08,Female,Marseille,INS007
P008426,1985-11-13,Female,Strasbourg,INS004
P008427,1943-11-29,Female,Marseille,INS005
P008428,1944-03-30,Female,Lille,INS007
P008429,2009-05-08,Female,Nice,INS004
P008430,1947-11-23,Female,Nantes,INS003
P008431,1974-04-27,Male,Marseille,INS006
P008432,1946-04-03,Male,Marseille,INS003
P008433,1940-01-17,Female,Toulouse,INS004
P008434,1930-01-28,Female,Toulouse,INS008
P008435,1931-04-20,Male,Paris,INS004
P008436,1968-05-16,Female,Marseille,INS003
P008437,1965-02-25,Male,Lyon,INS007
P008438,1933-02-26,Female,Lyon,INS006
P008439,1958-04-26,Female,Lille,INS007
P008440,1952-02-09,Female,Paris,INS003
P008441,1976-04-10,Female,Nantes,INS007
P008442,2010-07-30,Male,Nantes,INS008
P008443,1986-01-08,Male,Marseille,INS002
P008444,2004-05-21,Female,Strasbourg,INS002
P008445,1945-07-27,Male,Bordeaux,INS005
P008446,1947-06-03,Female,Lille,INS006
P008447,1990-10-24,Female,Lyon,INS001
P008448,1955-02-10,Male,Toulouse,INS005
P008449,1998-10-01,Male,Montpellier,INS002
P008450,1967-07-24,Male,Paris,INS008
P008451,1946-04-08,Female,Paris,INS006
P008452,1998-05-25,Female,Toulouse,INS008
P008453,1974-08-02,Female,Montpellier,INS002
P008454,1995-01-05,Male,Marseille,INS007
P008455,1966-08-19,Female,Nice,INS004
P008456,1940-03-23,Male,Bordeaux,INS001
P008457,1985-02-28,Female,Lyon,INS004
P008458,1940-01-30,Female,Montpellier,INS004
P008459,1983-09-22,Female,Lyon,INS005
P008460,1963-10-03,Female,Bordeaux,INS007
P008461,1994-02-10,Male,Nantes,INS003
P008462,2000-06-22,Male,Nantes,INS006
P008463,1962-12-30,Male,Strasbourg,INS002
P008464,2001-06-12,Male,Nice,INS008
P008465,1938-12-25,Female,Nantes,INS004
P008466,1938-09-12,Male,Lyon,INS007
P008467,2010-06-22,Male,Lille,INS003
P008468,1976-07-08,Male,Lille,INS003
P008469,1966-07-04,Female,Lille,INS008
P008470,1942-08-11,Female,Lyon,INS002
P008471,1953-05-29,Male,Paris,INS005
P008472,1985-07-29,Female,Toulouse,INS003
P008473,1996-07-22,Female,Nice,INS004
P008474,2004-03-24,Female,Strasbourg,INS006
P008475,1963-01-10,Male,Montpellier,INS007
P008476,1966-11-01,Female,Toulouse,INS004
P008477,1943-03-25,Male,Strasbourg,INS006
P008478,1936-09-23,Male,Toulouse,INS001
P008479,1965-06-19,Female,Toulouse,INS002
P008480,1976-12-01,Female,Marseille,INS006
P008481,1938-06-14,Male,Nantes,INS006
P008482,1963-02-02,Female,Lille,INS001
P008483,1981-12-19,Female,Toulouse,INS008
P008484,1995-09-06,Female,Montpellier,INS004
P008485,2006-01-06,Female,Bordeaux,INS003
P008486,1957-07-26,Male,Lille,INS004
P008487,1961-09-23,Female,Nantes,INS004
P008488,2000-11-11,Male,Nice,INS005
P008489,1986-02-25,Female,Nantes,INS002
P008490,1952-03-03,Male,Paris,INS002
P008491,1985-06-30,Male,Marseille,INS008
P008492,1942-10-05,Female,Lyon,INS006
P008493,1966-05-16,Male,Montpellier,INS003
P008494,1954-10-28,Female,Lille,INS007
P008495,2010-05-27,Male,Toulouse,INS007
P008496,1932-10-29,Male,Montpellier,INS006
P008497,1999-05-25,Female,Montpellier,INS006
P008498,1952-10-12,Female,Marseille,INS008
P008499,1932-12-07,Male,Strasbourg,INS007
P008500,1983-06-20,Male,Nice,INS003
P008501,1984-12-01,Female,Nantes,INS006
P008502,1941-07-11,Female,Lyon,INS002
P008503,1933-02-07,Female,Nantes,INS005
P008504,1939-01-08,Male,Nantes,INS001
P008505,1963-02-13,Male,Toulouse,INS002
P008506,1940-09-21,Male,Bordeaux,INS006
P008507,1986-12-11,Male,Marseille,INS003
P008508,1936-04-13,Male,Nantes,INS002
P008509,1993-11-25,Female,Lyon,INS008
P008510,2000-11-04,Male,Marseille,INS008
P008511,1988-01-24,Female,Toulouse,INS002
P008512,2006-06-21,Male,Lyon,INS005
P008513,2006-01-28,Female,Montpellier,INS003
P008514,1933-10-09,Male,Strasbourg,INS007
P008515,1957-09-12,Male,Toulouse,INS006
P008516,1991-07-25,Male,Bordeaux,INS004
P008517,1957-07-05,Female,Marseille,INS008
P008518,1989-09-15,Male,Marseille,INS006
P008519,1992-09-18,Female,Montpellier,INS002
P008520,2010-09-30,Female,Toulouse,INS004
P008521,1956-09-19,Male,Montpellier,INS007
P008522,1958-03-06,Male,Paris,INS005
P008523,1931-12-20,Female,Lyon,INS001
P008524,1953-02-15,Male,Toulouse,INS007
P008525,1952-09-21,Female,Nice,INS004
P008526,1966-09-12,Male,Toulouse,INS002
P008527,1964-02-12,Male,Strasbourg,INS007
P008528,1999-05-19,Male,Lyon,INS008
P008529,1992-09-03,Male,Strasbourg,INS005
P008530,1989-01-05,Male,Toulouse,INS006
P008531,1930-06-04,Male,Marseille,INS002
P008532,1968-03-14,Female,Nantes,INS006
P008533,1989-02-04,Female,Nice,INS008
P008534,1949-10-23,Male,Montpellier,INS002
P008535,1964-05-30,Female,Paris,INS008
P008536,1988-11-20,Male,Nice,INS001
P008537,1994-05-10,Female,Lille,INS004
P008538,1999-03-20,Male,Bordeaux,INS001
P008539,1964-10-24,Female,Toulouse,INS004
P008540,1962-05-25,Male,Nice,INS006
P008541,1960-12-31,Male,Lille,INS007
P008542,1984-02-26,Female,Marseille,INS002
P008543,1963-12-25,Male,Toulouse,INS008
P008544,1962-06-01,Female,Nantes,INS008
P008545,1943-08-19,Male,Strasbourg,INS001
P008546,1968-10-03,Male,Paris,INS008
P008547,1949-03-21,Female,Bordeaux,INS008
P008548,1972-07-07,Female,Paris,INS001
P008549,2001-12-24,Female,Nantes,INS001
P008550,1992-10-31,Female,Nantes,INS006
P008551,1968-09-20,Male,Strasbourg,INS004
P008552,2009-03-05,Female,Lyon,INS003
P008553,2009-05-24,Male,Nice,INS004
P008554,1965-12-29,Male,Nantes,INS003
P008555,1991-11-04,Male,Nantes,INS008
P008556,1957-09-23,Male,Nantes,INS002
P008557,2001-03-02,Female,Bordeaux,INS001
P008558,1960-04-05,Male,Paris,INS007
P008559,1950-12-02,Male,Strasbourg,INS007
P008560,1940-11-04,Male,Lille,INS008
P008561,1998-04-02,Female,Lyon,INS008
P008562,1954-01-19,Female,Nantes,INS001
P008563,1995-11-17,Male,Montpellier,INS007
P008564,1937-01-01,Male,Nice,INS003
P008565,1970-07-28,Female,Marseille,INS004
P008566,1964-08-28,Male,Strasbourg,INS004
P008567,1965-07-18,Female,Strasbourg,INS008
P008568,1943-07-23,Male,Lille,INS005
P008569,1935-12-26,Female,Bordeaux,INS002
P008570,1958-01-22,Female,Strasbourg,INS001
P008571,1968-02-02,Female,Lyon,INS005
P008572,1994-04-12,Female,Lille,INS007
P008573,1967-06-17,Female,Toulouse,INS006
P008574,1949-12-02,Female,Paris,INS008
P008575,1951-04-06,Female,Lyon,INS001
P008576,1979-07-25,Male,Nantes,INS004
P008577,1965-04-15,Male,Marseille,INS005
P008578,2002-12-29,Male,Marseille,INS007
P008579,1965-08-15,Female,Marseille,INS003
P008580,1975-12-03,Female,Lyon,INS006
P008581,1935-03-06,Male,Nantes,INS002
P008582,1945-09-12,Male,Marseille,INS005
P008583,1998-11-11,Male,Nantes,INS007
P008584,1957-12-04,Male,Strasbourg,INS007
P008585,1964-02-07,Male,Toulouse,INS004
P008586,1977-10-26,Male,Montpellier,INS004
P008587,1934-09-08,Female,Lyon,INS008
P008588,1971-01-13,Male,Montpellier,INS005
P008589,1958-01-15,Male,Lille,INS003
P008590,1942-01-14,Male,Lille,INS003
P008591,1963-11-20,Female,Montpellier,INS006
P008592,1966-03-11,Female,Toulouse,INS006
P008593,1945-02-03,Female,Nice,INS005
P008594,1973-12-27,Female,Strasbourg,INS002
P008595,1990-06-09,Male,Toulouse,INS002
P008596,1951-08-27,Male,Lille,INS002
P008597,2008-04-14,Female,Toulouse,INS001
P008598,1979-08-10,Male,Lille,INS004
P008599,1992-08-13,Female,Toulouse,INS004
P008600,1935-09-07,Male,Marseille,INS004
P008601,1992-02-29,Female,Montpellier,INS008
P008602,1957-04-07,Male,Bordeaux,INS002
P008603,1987-07-09,Male,Nice,INS007
P008604,1995-02-22,Male,Nantes,INS002
P008605,1950-04-13,Male,Lille,INS005
P008606,1951-01-01,Female,Lille,INS007
P008607,1934-10-27,Male,Montpellier,INS007
P008608,1979-01-07,Female,Paris,INS005
P008609,1992-09-10,Female,Marseille,INS002
P008610,1963-03-19,Male,Nice,INS004
P008611,1943-01-15,Male,Bordeaux,INS004
P008612,1955-08-20,Male,Nantes,INS007
P008613,1962-08-18,Female,Paris,INS004
P008614,2004-03-15,Male,Marseille,INS007
P008615,1940-01-17,Female,Bordeaux,INS008
P008616,1957-10-21,Male,Lille,INS001
P008617,1981-09-06,Male,Toulouse,INS008
P008618,1949-03-03,Male,Montpellier,INS005
P008619,2001-08-30,Male,Nantes,INS005
P008620,2003-08-26,Male,Nantes,INS003
P008621,1960-10-15,Female,Lyon,INS003
P008622,1990-06-03,Male,Bordeaux,INS005
P008623,1991-03-25,Male,Montpellier,INS002
P008624,1985-03-23,Female,Nantes,INS006
P008625,1945-02-08,Female,Nice,INS006
P008626,1934-01-05,Female,Montpellier,INS001
P008627,1958-02-15,Male,Montpellier,INS002
P008628,1940-08-17,Male,Lille,INS005
P008629,1953-09-05,Male,Marseille,INS006
P008630,1981-09-14,Female,Marseille,INS003
P008631,1977-09-10,Female,Nice,INS008
P008632,1946-12-18,Female,Lille,INS005
P008633,1931-06-08,Female,Strasbourg,INS005
P008634,1948-04-11,Female,Strasbourg,INS001
P008635,1966-11-02,Female,Nantes,INS006
P008636,1993-02-09,Female,Lyon,INS007
P008637,1959-07-30,Female,Nice,INS002
P008638,1953-02-27,Male,Marseille,INS005
P008639,1974-08-29,Female,Bordeaux,INS001
P008640,1935-10-19,Female,Marseille,INS002
P008641,1948-04-05,Male,Paris,INS001
P008642,1932-12-13,Male,Nantes,INS007
P008643,1972-07-28,Male,Toulouse,INS008
P008644,1965-11-23,Male,Nantes,INS001
P008645,1977-03-09,Male,Toulouse,INS006
P008646,1979-12-27,Male,Lille,INS005
P008647,1962-01-02,Male,Paris,INS006
P008648,2000-05-18,Female,Marseille,INS005
P008649,2004-05-17,Male,Strasbourg,INS008
P008650,1938-12-23,Female,Nice,INS001
P008651,2004-07-11,Female,Toulouse,INS002
P008652,1945-12-06,Female,Paris,INS002
P008653,1950-02-13,Female,Montpellier,INS007
P008654,1972-11-29,Female,Nice,INS001
P008655,1932-05-19,Male,Paris,INS001
P008656,1959-06-29,Female,Marseille,INS006
P008657,1945-10-05,Female,Lyon,INS004
P008658,1969-01-31,Female,Montpellier,INS006
P008659,1995-12-27,Female,Montpellier,INS003
P008660,2004-11-07,Male,Toulouse,INS001
P008661,1947-03-10,Female,Lyon,INS005
P008662,1974-02-19,Female,Nantes,INS001
P008663,1968-06-05,Female,Marseille,INS004
P008664,1963-08-16,Female,Lyon,INS008
P008665,1981-03-31,Female,Marseille,INS002
P008666,2010-02-21,Female,Marseille,INS002
P008667,1962-10-28,Male,Paris,INS008
P008668,1935-04-14,Male,Nice,INS003
P008669,2004-03-11,Male,Lille,INS003
P008670,2005-07-01,Female,Bordeaux,INS006
P008671,1956-02-10,Female,Bordeaux,INS002
P008672,1970-08-20,Male,Nice,INS001
P008673,1999-11-13,Female,Nice,INS007
P008674,1970-10-21,Male,Bordeaux,INS008
P008675,1968-12-22,Male,Strasbourg,INS008
P008676,2004-09-04,Female,Bordeaux,INS001
P008677,1997-02-17,Female,Paris,INS005
P008678,1971-02-03,Male,Strasbourg,INS007
P008679,1943-01-30,Male,Nice,INS007
P008680,1965-07-05,Male,Toulouse,INS003
P008681,1984-10-16,Female,Lille,INS004
P008682,1952-01-27,Male,Strasbourg,INS002
P008683,1973-07-08,Female,Toulouse,INS002
P008684,1983-05-13,Female,Lille,INS004
P008685,1936-11-20,Male,Nice,INS002
P008686,1976-02-21,Male,Lille,INS008
P008687,1989-09-27,Female,Toulouse,INS001
P008688,1947-05-13,Female,Nice,INS005
P008689,1974-06-03,Female,Marseille,INS005
P008690,1987-06-18,Female,Paris,INS001
P008691,1933-08-03,Female,Lille,INS004
P008692,1982-03-03,Male,Lyon,INS008
P008693,1951-01-15,Female,Lille,INS001
P008694,1962-03-08,Male,Paris,INS002
P008695,1982-06-27,Female,Bordeaux,INS002
P008696,1930-05-11,Female,Bordeaux,INS001
P008697,1931-05-12,Female,Marseille,INS008
P008698,1966-03-04,Female,Nantes,INS001
P008699,2006-12-05,Male,Lyon,INS003
P008700,1930-06-29,Male,Paris,INS007
P008701,1993-11-21,Male,Toulouse,INS008
P008702,1936-01-28,Female,Lyon,INS002
P008703,1969-08-08,Male,Strasbourg,INS003
P008704,1964-11-17,Male,Lille,INS002
P008705,1967-11-30,Female,Toulouse,INS002
P008706,1936-08-20,Male,Marseille,INS008
P008707,1991-01-13,Male,Toulouse,INS003
P008708,1952-04-30,Male,Paris,INS005
P008709,1992-06-14,Male,Montpellier,INS002
P008710,1983-02-04,Male,Lyon,INS003
P008711,1974-08-27,Female,Lille,INS003
P008712,1954-12-31,Male,Strasbourg,INS005
P008713,1982-10-31,Male,Toulouse,INS008
P008714,2010-10-22,Female,Nice,INS002
P008715,2004-10-08,Male,Paris,INS006
P008716,2004-03-20,Female,Marseille,INS004
P008717,1947-10-18,Female,Nice,INS007
P008718,1977-05-29,Male,Marseille,INS003
P008719,1962-03-22,Male,Toulouse,INS004
P008720,2008-04-27,Male,Paris,INS005
P008721,2006-12-15,Male,Bordeaux,INS004
P008722,2000-04-22,Female,Lille,INS007
P008723,1943-03-08,Male,Strasbourg,INS001
P008724,1955-10-31,Male,Lille,INS003
P008725,1987-08-12,Male,Strasbourg,INS002
P008726,1990-09-19,Female,Montpellier,INS002
P008727,1958-05-16,Female,Strasbourg,INS001
P008728,1941-01-31,Male,Nice,INS003
P008729,1941-02-02,Female,Bordeaux,INS002
P008730,1985-06-12,Female,Toulouse,INS007
P008731,1966-10-15,Male,Paris,INS005
P008732,1969-10-11,Male,Lyon,INS007
P008733,1996-01-16,Male,Lille,INS008
P008734,1931-05-13,Male,Nantes,INS007
P008735,1991-02-12,Male,Paris,INS004
P008736,1952-03-18,Female,Montpellier,INS008
P008737,2005-06-04,Male,Montpellier,INS004
P008738,2007-05-21,Male,Paris,INS007
P008739,1970-09-03,Male,Paris,INS002
P008740,1955-08-01,Female,Strasbourg,INS008
P008741,1948-11-20,Female,Lyon,INS003
P008742,1944-09-12,Male,Lyon,INS006
P008743,2010-12-07,Male,Lyon,INS003
P008744,1945-03-10,Male,Nice,INS002
P008745,1966-03-04,Male,Lyon,INS003
P008746,1968-10-25,Male,Lyon,INS005
P008747,1985-01-04,Female,Lille,INS001
P008748,1998-04-02,Male,Nantes,INS002
P008749,1975-03-13,Male,Montpellier,INS008
P008750,1991-05-25,Female,Marseille,INS001
P008751,1975-11-25,Female,Marseille,INS006
P008752,1965-05-20,Male,Bordeaux,INS003
P008753,1942-10-11,Male,Toulouse,INS003
P008754,1946-11-27,Female,Nantes,INS003
P008755,1965-01-09,Female,Marseille,INS004
P008756,1933-09-24,Female,Nantes,INS006
P008757,1955-08-17,Male,Montpellier,INS007
P008758,1967-06-22,Male,Nantes,INS003
P008759,1968-04-13,Female,Nice,INS002
P008760,1995-12-30,Male,Paris,INS001
P008761,2008-05-18,Female,Montpellier,INS006
P008762,1989-02-06,Female,Nice,INS008
P008763,1936-06-10,Female,Nantes,INS001
P008764,1963-02-05,Male,Lyon,INS005
P008765,1989-02-13,Male,Bordeaux,INS002
P008766,1978-03-03,Female,Nantes,INS002
P008767,1967-01-30,Male,Nantes,INS007
P008768,1965-05-02,Male,Lyon,INS003
P008769,1962-11-18,Male,Paris,INS003
P008770,1976-11-24,Male,Toulouse,INS001
P008771,1944-06-25,Male,Nice,INS008
P008772,1971-12-01,Female,Lille,INS008
P008773,1946-09-04,Female,Nantes,INS008
P008774,1985-02-26,Male,Montpellier,INS002
P008775,2000-01-16,Male,Strasbourg,INS002
P008776,1971-02-15,Male,Nantes,INS008
P008777,1961-05-24,Male,Nice,INS005
P008778,2006-03-10,Male,Paris,INS003
P008779,1983-06-08,Male,Paris,INS001
P008780,1964-09-01,Male,Nice,INS007
P008781,1932-05-01,Female,Strasbourg,INS007
P008782,1931-04-16,Male,Lyon,INS001
P008783,1947-12-10,Male,Bordeaux,INS004
P008784,1949-02-22,Female,Marseille,INS004
P008785,1988-06-06,Female,Lyon,INS004
P008786,1970-07-19,Male,Lille,INS003
P008787,2010-12-29,Male,Toulouse,INS003
P008788,1973-10-14,Female,Nice,INS003
P008789,2003-02-24,Female,Strasbourg,INS008
P008790,1974-09-28,Female,Montpellier,INS008
P008791,1959-01-05,Female,Lyon,INS001
P008792,1987-11-17,Male,Montpellier,INS006
P008793,1966-05-27,Male,Bordeaux,INS005
P008794,1952-03-31,Male,Lyon,INS003
P008795,1968-04-30,Female,Nantes,INS002
P008796,1983-11-09,Female,Paris,INS007
P008797,1960-06-02,Female,Toulouse,INS003
P008798,1987-01-10,Male,Strasbourg,INS002
P008799,2009-06-08,Male,Montpellier,INS008
P008800,1963-04-25,Female,Marseille,INS008
P008801,1953-11-30,Male,Lyon,INS004
P008802,1962-07-29,Female,Bordeaux,INS004
P008803,1997-11-24,Female,Lyon,INS004
P008804,1944-06-29,Male,Montpellier,INS002
P008805,2008-11-12,Female,Lille,INS001
P008806,1963-07-14,Male,Lyon,INS003
P008807,1998-03-03,Female,Marseille,INS004
P008808,1993-09-24,Male,Lille,INS002
P008809,1993-06-20,Female,Nice,INS001
P008810,2003-08-17,Female,Strasbourg,INS008
P008811,1944-12-21,Female,Nice,INS008
P008812,1978-01-30,Male,Nantes,INS003
P008813,1938-01-07,Male,Marseille,INS005
P008814,1954-04-01,Male,Montpellier,INS002
P008815,1933-04-15,Female,Montpellier,INS008
P008816,1985-04-06,Female,Nantes,INS007
P008817,1979-03-24,Female,Nice,INS002
P008818,1989-12-13,Male,Lille,INS002
P008819,1944-04-10,Female,Toulouse,INS003
P008820,1956-11-28,Female,Strasbourg,INS001
P008821,1984-10-12,Male,Toulouse,INS003
P008822,1996-12-12,Male,Nice,INS006
P008823,2001-09-26,Female,Strasbourg,INS006
P008824,1935-12-21,Female,Montpellier,INS001
P008825,1962-08-09,Female,Marseille,INS003
P008826,1930-11-15,Male,Toulouse,INS007
P008827,1996-04-19,Female,Lille,INS007
P008828,1939-12-17,Male,Bordeaux,INS005
P008829,1996-08-04,Female,Nice,INS006
P008830,1942-08-21,Male,Lille,INS002
P008831,1931-03-31,Male,Marseille,INS007
P008832,2001-03-11,Female,Marseille,INS004
P008833,1965-07-17,Female,Nice,INS006
P008834,1964-06-03,Female,Montpellier,INS003
P008835,1982-05-21,Male,Lyon,INS002
P008836,1952-04-08,Male,Montpellier,INS005
P008837,1985-12-14,Male,Paris,INS005
P008838,1964-10-02,Female,Bordeaux,INS005
P008839,1952-02-01,Female,Lyon,INS007
P008840,1961-12-24,Male,Montpellier,INS007
P008841,1930-07-01,Male,Nice,INS003
P008842,1954-06-02,Male,Lille,INS004
P008843,1977-11-27,Male,Nantes,INS001
P008844,1941-03-03,Male,Strasbourg,INS007
P008845,1939-08-09,Male,Marseille,INS002
P008846,1983-02-16,Male,Nantes,INS001
P008847,1964-09-07,Male,Marseille,INS005
P008848,1941-01-24,Male,Nice,INS008
P008849,1990-07-28,Male,Bordeaux,INS004
P008850,1992-10-22,Female,Nice,INS002
P008851,1932-10-25,Male,Nantes,INS002
P008852,1946-05-03,Male,Nantes,INS007
P008853,1959-12-31,Female,Paris,INS006
P008854,1989-03-28,Male,Strasbourg,INS004
P008855,1935-12-31,Female,Lyon,INS008
P008856,1995-04-02,Female,Lille,INS001
P008857,1955-11-16,Female,Bordeaux,INS005
P008858,1940-02-25,Male,Strasbourg,INS003
P008859,1999-12-06,Male,Nantes,INS002
P008860,1937-01-10,Male,Lyon,INS008
P008861,1940-06-30,Female,Marseille,INS008
P008862,2006-11-30,Male,Lyon,INS007
P008863,1972-01-31,Female,Bordeaux,INS002
P008864,1967-07-04,Female,Nice,INS006
P008865,1985-09-03,Female,Nice,INS003
P008866,1981-01-17,Male,Nice,INS004
P008867,1979-09-12,Female,Nice,INS002
P008868,1931-11-20,Male,Montpellier,INS005
P008869,1974-09-09,Male,Montpellier,INS007
P008870,1952-07-29,Female,Marseille,INS002
P008871,1995-06-03,Male,Lille,INS005
P008872,1970-12-08,Female,Paris,INS006
P008873,1940-01-10,Female,Marseille,INS006
P008874,2001-10-12,Female,Bordeaux,INS003
P008875,1953-01-10,Male,Nantes,INS001
P008876,1951-12-27,Male,Strasbourg,INS007
P008877,2005-11-01,Male,Bordeaux,INS005
P008878,1992-10-15,Male,Montpellier,INS006
P008879,1999-08-15,Female,Bordeaux,INS005
P008880,1983-08-21,Male,Strasbourg,INS004
P008881,2003-09-30,Female,Strasbourg,INS003
P008882,1939-05-04,Female,Toulouse,INS006
P008883,1978-08-06,Male,Strasbourg,INS007
P008884,1953-10-06,Female,Strasbourg,INS003
P008885,1962-04-09,Female,Lille,INS001
P008886,1949-04-07,Female,Marseille,INS002
P008887,1946-08-10,Female,Lyon,INS005
P008888,1965-11-04,Male,Montpellier,INS002
P008889,2004-05-18,Female,Toulouse,INS007
P008890,1981-06-17,Male,Bordeaux,INS003
P008891,1958-04-19,Female,Marseille,INS004
P008892,1965-02-08,Male,Lille,INS002
P008893,1972-11-30,Male,Toulouse,INS004
P008894,1949-10-22,Male,Bordeaux,INS006
P008895,1972-03-20,Male,Lyon,INS007
P008896,1986-05-13,Male,Nice,INS006
P008897,1949-09-11,Male,Lille,INS005
P008898,1977-05-04,Male,Marseille,INS004
P008899,1987-05-18,Female,Paris,INS003
P008900,1972-01-24,Female,Lyon,INS008
P008901,1953-08-25,Male,Marseille,INS006
P008902,1974-11-27,Female,Nice,INS008
P008903,1994-04-02,Female,Strasbourg,INS006
P008904,1947-12-22,Male,Montpellier,INS001
P008905,1976-07-19,Female,Marseille,INS003
P008906,1985-02-10,Female,Nantes,INS004
P008907,1956-01-16,Male,Marseille,INS003
P008908,1961-05-21,Female,Lyon,INS008
P008909,2001-12-29,Female,Bordeaux,INS004
P008910,1959-06-10,Female,Nantes,INS002
P008911,1978-06-16,Female,Nice,INS005
P008912,1942-02-16,Female,Lyon,INS004
P008913,2005-01-01,Male,Nice,INS002
P008914,1978-05-05,Female,Lille,INS008
P008915,1991-08-03,Female,Marseille,INS008
P008916,1978-10-25,Male,Paris,INS007
P008917,1958-10-17,Female,Marseille,INS003
P008918,1957-07-25,Female,Toulouse,INS007
P008919,1986-10-18,Female,Lyon,INS003
P008920,1999-08-24,Female,Lille,INS008
P008921,1940-05-04,Female,Bordeaux,INS008
P008922,1998-06-25,Female,Paris,INS002
P008923,1997-03-24,Male,Strasbourg,INS003
P008924,1938-11-01,Male,Lille,INS006
P008925,1938-10-05,Male,Nice,INS002
P008926,1986-04-19,Female,Nantes,INS007
P008927,1998-04-07,Male,Nice,INS006
P008928,1961-11-25,Male,Marseille,INS002
P008929,1981-11-21,Female,Lyon,INS007
P008930,2010-12-22,Male,Lyon,INS001
P008931,1956-02-23,Male,Marseille,INS004
P008932,1948-03-24,Female,Bordeaux,INS002
P008933,2010-04-27,Male,Nantes,INS001
P008934,1952-09-21,Female,Nice,INS006
P008935,1968-04-12,Female,Montpellier,INS002
P008936,1965-10-23,Female,Strasbourg,INS006
P008937,1972-05-19,Female,Lille,INS001
P008938,1951-10-07,Male,Toulouse,INS008
P008939,1984-12-31,Male,Montpellier,INS008
P008940,1986-01-18,Female,Nice,INS003
P008941,1946-03-31,Male,Toulouse,INS004
P008942,1968-12-14,Male,Strasbourg,INS005
P008943,1934-08-24,Male,Lyon,INS005
P008944,1947-11-22,Male,Nantes,INS001
P008945,2009-12-17,Male,Montpellier,INS008
P008946,1971-01-06,Male,Bordeaux,INS008
P008947,1980-06-09,Female,Nantes,INS004
P008948,2001-12-27,Male,Paris,INS005
P008949,1987-10-24,Female,Nantes,INS002
P008950,1994-03-08,Female,Marseille,INS006
P008951,1987-09-04,Female,Montpellier,INS005
P008952,1970-05-28,Female,Lille,INS003
P008953,1981-03-28,Male,Lille,INS003
P008954,1953-05-14,Male,Lille,INS001
P008955,2002-02-14,Female,Nantes,INS007
P008956,1944-07-27,Male,Montpellier,INS001
P008957,2001-08-11,Female,Lille,INS005
P008958,2001-02-23,Male,Marseille,INS007
P008959,1941-07-11,Female,Nice,INS001
P008960,1987-07-10,Female,Bordeaux,INS002
P008961,2010-02-28,Male,Toulouse,INS007
P008962,1976-05-05,Male,Montpellier,INS007
P008963,1957-07-26,Female,Toulouse,INS001
P008964,2001-03-26,Female,Nantes,INS003
P008965,1971-07-08,Female,Montpellier,INS005
P008966,1939-11-10,Male,Marseille,INS005
P008967,1950-03-11,Female,Montpellier,INS005
P008968,1985-04-12,Female,Montpellier,INS003
P008969,1966-11-19,Male,Toulouse,INS005
P008970,1947-07-22,Male,Lille,INS001
P008971,1994-09-20,Female,Lyon,INS007
P008972,1939-10-08,Male,Paris,INS005
P008973,1947-09-29,Female,Montpellier,INS003
P008974,1967-09-18,Female,Toulouse,INS003
P008975,1933-03-15,Male,Nantes,INS003
P008976,1961-05-18,Female,Marseille,INS004
P008977,2003-09-15,Female,Lille,INS002
P008978,2006-03-26,Male,Strasbourg,INS005
P008979,2000-08-16,Male,Nantes,INS002
P008980,1956-03-29,Male,Marseille,INS003
P008981,1935-04-04,Male,Paris,INS007
P008982,1996-01-03,Female,Strasbourg,INS005
P008983,1960-03-28,Male,Paris,INS008
P008984,1990-08-27,Female,Paris,INS006
P008985,1939-08-27,Male,Lille,INS007
P008986,1984-02-06,Female,Montpellier,INS001
P008987,1977-06-30,Female,Nantes,INS005
P008988,2004-07-20,Female,Paris,INS003
P008989,1938-04-04,Male,Montpellier,INS001
P008990,1963-01-16,Female,Montpellier,INS001
P008991,2010-03-08,Male,Nantes,INS002
P008992,1961-07-25,Male,Paris,INS001
P008993,1983-04-20,Male,Paris,INS004
P008994,1943-01-14,Female,Strasbourg,INS001
P008995,1988-12-31,Female,Strasbourg,INS007
P008996,1952-05-03,Male,Strasbourg,INS005
P008997,1976-05-07,Male,Toulouse,INS008
P008998,2001-04-05,Female,Bordeaux,INS001
P008999,1983-07-18,Male,Lyon,INS001
P009000,1968-06-04,Female,Paris,INS007
P009001,1945-05-24,Female,Marseille,INS004
P009002,1957-08-25,Female,Nantes,INS007
P009003,1998-10-15,Female,Toulouse,INS002
P009004,1947-07-04,Female,Nantes,INS001
P009005,1983-02-28,Male,Toulouse,INS004
P009006,1969-04-13,Female,Bordeaux,INS005
P009007,1955-12-28,Male,Montpellier,INS001
P009008,1988-01-18,Male,Nantes,INS001
P009009,1959-05-02,Male,Montpellier,INS002
P009010,1953-03-22,Female,Montpellier,INS001
P009011,1972-11-13,Male,Nantes,INS008
P009012,1991-05-17,Female,Montpellier,INS008
P009013,1999-12-29,Male,Marseille,INS001
P009014,1981-01-04,Female,Bordeaux,INS004
P009015,1983-08-15,Male,Paris,INS004
P009016,1993-10-16,Female,Paris,INS001
P009017,1951-10-23,Male,Lyon,INS006
P009018,1950-04-28,Female,Lyon,INS007
P009019,1969-03-15,Female,Toulouse,INS005
P009020,1981-02-10,Male,Nice,INS008
P009021,1982-04-29,Female,Montpellier,INS006
P009022,1942-06-15,Male,Montpellier,INS005
P009023,1993-03-24,Male,Lyon,INS008
P009024,1959-06-20,Male,Toulouse,INS006
P009025,2001-01-21,Male,Toulouse,INS007
P009026,1988-09-02,Male,Paris,INS007
P009027,2009-08-13,Male,Paris,INS001
P009028,1981-03-01,Female,Lille,INS006
P009029,1972-09-22,Male,Strasbourg,INS006
P009030,1945-03-20,Male,Lille,INS004
P009031,1962-04-17,Female,Lille,INS005
P009032,1999-07-11,Female,Montpellier,INS007
P009033,1960-12-10,Female,Lille,INS002
P009034,1934-04-28,Male,Nantes,INS005
P009035,1949-11-09,Female,Montpellier,INS007
P009036,1978-03-18,Male,Lyon,INS003
P009037,1980-12-15,Male,Bordeaux,INS003
P009038,2009-09-08,Male,Lille,INS001
P009039,2005-08-22,Female,Lyon,INS003
P009040,1973-01-19,Male,Paris,INS003
P009041,1974-11-30,Male,Nantes,INS008
P009042,1994-11-08,Female,Nantes,INS001
P009043,1933-12-10,Female,Bordeaux,INS006
P009044,1978-03-17,Female,Nantes,INS001
P009045,1968-05-23,Male,Nice,INS007
P009046,1993-06-05,Female,Paris,INS004
P009047,1994-10-29,Female,Paris,INS004
P009048,1983-02-07,Female,Lille,INS008
P009049,1983-03-29,Female,Bordeaux,INS006
P009050,1985-12-24,Female,Montpellier,INS001
P009051,1976-12-27,Male,Montpellier,INS003
P009052,1948-06-14,Female,Strasbourg,INS003
P009053,1953-01-17,Male,Marseille,INS005
P009054,1990-02-01,Female,Bordeaux,INS007
P009055,1980-02-01,Female,Lyon,INS006
P009056,1949-04-09,Male,Toulouse,INS004
P009057,2001-02-07,Male,Paris,INS006
P009058,2009-06-06,Male,Montpellier,INS007
P009059,1980-09-16,Female,Toulouse,INS001
P009060,1948-06-13,Female,Nice,INS005
P009061,2005-12-31,Male,Lyon,INS006
P009062,1949-03-04,Female,Montpellier,INS005
P009063,1965-01-11,Male,Bordeaux,INS002
P009064,1999-07-20,Female,Paris,INS002
P009065,1972-03-04,Female,Lille,INS003
P009066,1949-09-06,Male,Marseille,INS003
P009067,1936-06-27,Male,Paris,INS008
P009068,1959-03-26,Male,Paris,INS005
P009069,1984-06-09,Male,Nice,INS007
P009070,1987-11-19,Female,Strasbourg,INS001
P009071,1948-01-22,Male,Nantes,INS007
P009072,1942-11-10,Male,Nantes,INS002
P009073,1986-10-25,Female,Paris,INS005
P009074,1942-11-19,Female,Lyon,INS004
P009075,1935-03-16,Male,Paris,INS007
P009076,1969-05-24,Female,Montpellier,INS006
P009077,1976-03-29,Male,Nice,INS004
P009078,1949-09-27,Female,Montpellier,INS005
P009079,1947-02-09,Male,Montpellier,INS006
P009080,1949-02-01,Male,Marseille,INS006
P009081,1957-10-08,Male,Bordeaux,INS005
P009082,1930-10-01,Male,Nantes,INS006
P009083,1930-12-14,Female,Nice,INS007
P009084,1960-01-03,Male,Nantes,INS001
P009085,1931-08-12,Male,Toulouse,INS003
P009086,1955-10-12,Male,Paris,INS008
P009087,1977-01-19,Male,Montpellier,INS003
P009088,1932-07-10,Male,Nantes,INS007
P009089,1980-01-16,Male,Strasbourg,INS005
P009090,1980-04-26,Male,Marseille,INS003
P009091,1976-06-09,Male,Lyon,INS003
P009092,1980-10-03,Male,Montpellier,INS004
P009093,1995-07-19,Female,Strasbourg,INS001
P009094,1935-09-26,Female,Strasbourg,INS003
P009095,1943-09-04,Male,Toulouse,INS006
P009096,1955-09-06,Female,Montpellier,INS008
P009097,1985-09-26,Female,Marseille,INS008
P009098,2000-09-11,Female,Nice,INS004
P009099,2004-05-29,Male,Toulouse,INS007
P009100,1977-02-25,Male,Lyon,INS004
P009101,1963-03-21,Male,Nice,INS007
P009102,1963-05-15,Male,Lille,INS008
P009103,1934-11-05,Male,Lyon,INS004
P009104,1967-09-03,Female,Nice,INS005
P009105,1971-07-17,Female,Nice,INS007
P009106,1946-11-14,Female,Lille,INS002
P009107,1992-03-15,Female,Montpellier,INS002
P009108,1995-10-05,Male,Nice,INS006
P009109,1954-06-18,Female,Paris,INS002
P009110,2004-01-12,Male,Lille,INS007
P009111,1938-09-04,Male,Montpellier,INS003
P009112,2003-10-06,Female,Lyon,INS003
P009113,1992-03-18,Male,Montpellier,INS007
P009114,1948-02-20,Male,Bordeaux,INS005
P009115,1982-08-30,Male,Nantes,INS007
P009116,1955-03-03,Male,Nantes,INS006
P009117,1994-10-11,Male,Bordeaux,INS005
P009118,1943-01-04,Male,Bordeaux,INS005
P009119,1949-11-02,Male,Bordeaux,INS007
P009120,1954-11-19,Female,Nantes,INS008
P009121,1946-03-05,Male,Nice,INS001
P009122,1956-12-15,Female,Toulouse,INS005
P009123,1978-10-22,Female,Toulouse,INS007
P009124,1981-04-12,Female,Nice,INS006
P009125,1974-11-13,Female,Nice,INS004
P009126,1945-05-12,Female,Nantes,INS007
P009127,1946-05-26,Female,Toulouse,INS004
P009128,2004-06-20,Female,Bordeaux,INS002
P009129,1950-05-11,Male,Bordeaux,INS003
P009130,1938-05-09,Male,Toulouse,INS001
P009131,1966-10-09,Male,Lyon,INS006
P009132,1930-07-23,Female,Bordeaux,INS008
P009133,1957-10-03,Male,Toulouse,INS004
P009134,1999-04-01,Female,Paris,INS006
P009135,1951-08-29,Female,Montpellier,INS008
P009136,1987-01-02,Female,Nantes,INS004
P009137,1969-09-03,Male,Lyon,INS008
P009138,1958-10-13,Male,Marseille,INS001
P009139,1983-08-03,Male,Bordeaux,INS006
P009140,1978-03-27,Male,Strasbourg,INS002
P009141,1955-10-11,Male,Toulouse,INS007
P009142,1948-02-09,Male,Strasbourg,INS001
P009143,2004-04-05,Female,Lyon,INS007
P009144,1943-08-22,Female,Bordeaux,INS004
P009145,2007-09-19,Male,Strasbourg,INS002
P009146,1968-02-29,Male,Strasbourg,INS005
P009147,2010-09-25,Female,Marseille,INS008
P009148,1958-08-10,Female,Nantes,INS002
P009149,1975-10-21,Female,Paris,INS003
P009150,1979-10-31,Female,Lyon,INS006
P009151,1957-06-08,Female,Montpellier,INS001
P009152,1947-09-02,Male,Nice,INS008
P009153,1972-02-23,Female,Marseille,INS005
P009154,1983-09-12,Female,Montpellier,INS008
P009155,1951-03-05,Female,Montpellier,INS004
P009156,1992-02-11,Male,Paris,INS007
P009157,1981-09-30,Female,Paris,INS003
P009158,1943-07-01,Female,Marseille,INS004
P009159,2006-01-10,Male,Nice,INS003
P009160,1933-07-21,Male,Bordeaux,INS005
P009161,1982-12-13,Female,Bordeaux,INS002
P009162,1965-08-09,Male,Toulouse,INS005
P009163,1982-12-16,Female,Toulouse,INS007
P009164,1992-09-10,Male,Nantes,INS002
P009165,1985-08-30,Female,Paris,INS007
P009166,1982-09-17,Male,Bordeaux,INS007
P009167,1998-02-09,Male,Marseille,INS001
P009168,1986-11-07,Male,Nice,INS006
P009169,1995-11-29,Male,Lyon,INS004
P009170,1962-08-18,Female,Paris,INS006
P009171,1946-06-06,Male,Toulouse,INS003
P009172,1949-01-11,Female,Toulouse,INS002
P009173,1979-07-31,Female,Bordeaux,INS003
P009174,1973-01-27,Male,Strasbourg,INS002
P009175,1936-04-01,Male,Nantes,INS004
P009176,1946-07-21,Male,Lille,INS007
P009177,2008-05-15,Male,Nice,INS007
P009178,1988-10-27,Male,Bordeaux,INS002
P009179,1991-02-25,Male,Marseille,INS005
P009180,1945-12-15,Male,Paris,INS001
P009181,1935-03-15,Male,Paris,INS001
P009182,1953-08-04,Female,Marseille,INS006
P009183,1999-05-28,Male,Strasbourg,INS003
P009184,1971-01-11,Male,Toulouse,INS006
P009185,1993-07-21,Male,Toulouse,INS002
P009186,1969-06-03,Female,Lille,INS001
P009187,1969-09-14,Female,Marseille,INS006
P009188,1978-09-01,Female,Nice,INS002
P009189,2007-09-02,Female,Paris,INS001
P009190,1965-06-07,Male,Nantes,INS007
P009191,1978-04-03,Female,Montpellier,INS006
P009192,2004-06-22,Female,Strasbourg,INS008
P009193,1960-02-27,Male,Lille,INS005
P009194,1998-01-12,Female,Strasbourg,INS004
P009195,1973-05-04,Female,Marseille,INS006
P009196,2001-03-16,Male,Marseille,INS007
P009197,1967-11-22,Male,Lille,INS006
P009198,1980-12-27,Male,Paris,INS003
P009199,1956-03-09,Male,Marseille,INS008
P009200,1981-06-08,Male,Strasbourg,INS006
P009201,1956-06-04,Female,Nice,INS008
P009202,1979-05-06,Male,Lille,INS005
P009203,1993-11-20,Male,Lille,INS004
P009204,1965-03-23,Male,Lille,INS007
P009205,1964-10-07,Female,Lyon,INS005
P009206,1956-02-03,Female,Lyon,INS007
P009207,1989-03-02,Female,Montpellier,INS008
P009208,1977-12-13,Male,Nantes,INS003
P009209,1971-10-31,Male,Nantes,INS002
P009210,1932-01-26,Female,Marseille,INS002
P009211,1938-12-02,Male,Strasbourg,INS005
P009212,1930-08-09,Male,Lyon,INS007
P009213,1998-11-13,Male,Montpellier,INS008
P009214,1998-12-24,Female,Bordeaux,INS001
P009215,1935-07-03,Male,Lille,INS001
P009216,1933-10-05,Male,Nice,INS006
P009217,1993-04-17,Male,Toulouse,INS003
P009218,1972-07-04,Male,Marseille,INS004
P009219,1955-01-09,Male,Nantes,INS001
P009220,1979-10-24,Female,Nice,INS001
P009221,1949-02-25,Male,Nantes,INS005
P009222,1946-01-19,Female,Toulouse,INS006
P009223,1959-10-07,Male,Lille,INS008
P009224,2002-07-21,Male,Toulouse,INS004
P009225,1992-02-20,Male,Strasbourg,INS006
P009226,1945-05-25,Male,Lille,INS007
P009227,1975-07-01,Female,Montpellier,INS004
P009228,2001-08-23,Female,Lyon,INS002
P009229,2007-01-29,Male,Lyon,INS007
P009230,1991-10-20,Female,Lille,INS001
P009231,1940-06-09,Female,Paris,INS003
P009232,1949-07-02,Male,Strasbourg,INS002
P009233,1947-09-16,Female,Lille,INS006
P009234,1942-03-18,Female,Lyon,INS003
P009235,1944-03-14,Female,Nantes,INS003
P009236,1955-08-13,Male,Montpellier,INS006
P009237,1974-12-30,Female,Montpellier,INS003
P009238,1962-03-26,Male,Lyon,INS003
P009239,1964-02-01,Female,Nice,INS004
P009240,1949-11-28,Female,Lille,INS001
P009241,1942-03-27,Female,Strasbourg,INS008
P009242,2010-11-28,Female,Nantes,INS008
P009243,1978-07-08,Male,Nice,INS006
P009244,1948-08-08,Female,Strasbourg,INS001
P009245,1995-08-10,Female,Strasbourg,INS004
P009246,1997-04-12,Female,Lyon,INS003
P009247,2008-04-22,Female,Nice,INS002
P009248,1942-11-21,Male,Lyon,INS008
P009249,1981-11-01,Female,Montpellier,INS004
P009250,2009-05-25,Male,Nantes,INS006
P009251,1995-05-04,Female,Lyon,INS006
P009252,1948-04-07,Male,Marseille,INS003
P009253,2002-05-02,Male,Strasbourg,INS003
P009254,1964-02-27,Female,Nantes,INS008
P009255,1969-08-08,Male,Marseille,INS007
P009256,1975-03-30,Male,Strasbourg,INS005
P009257,1992-06-24,Male,Nice,INS005
P009258,1939-09-29,Male,Paris,INS001
P009259,1973-09-05,Male,Marseille,INS002
P009260,1996-02-28,Female,Strasbourg,INS001
P009261,1974-06-05,Male,Lille,INS007
P009262,1952-04-01,Female,Paris,INS008
P009263,1934-07-24,Male,Nantes,INS002
P009264,1974-06-28,Male,Strasbourg,INS003
P009265,1986-12-20,Male,Bordeaux,INS003
P009266,1974-07-09,Male,Montpellier,INS007
P009267,2009-04-29,Female,Lyon,INS004
P009268,1978-10-24,Male,Nantes,INS001
P009269,1971-03-02,Female,Nantes,INS005
P009270,1934-06-30,Male,Montpellier,INS002
P009271,1975-03-31,Male,Bordeaux,INS006
P009272,1943-08-29,Female,Strasbourg,INS007
P009273,1988-09-13,Male,Lyon,INS001
P009274,1943-01-21,Female,Paris,INS008
P009275,2003-06-10,Male,Nice,INS006
P009276,1954-06-19,Male,Paris,INS001
P009277,1965-02-24,Male,Strasbourg,INS002
P009278,1941-09-27,Male,Paris,INS002
P009279,1947-01-25,Female,Nantes,INS008
P009280,2004-09-03,Female,Toulouse,INS006
P009281,1952-12-23,Female,Nantes,INS003
P009282,1971-07-20,Female,Nantes,INS005
P009283,2009-06-28,Female,Toulouse,INS003
P009284,1980-07-04,Male,Toulouse,INS004
P009285,1933-05-16,Male,Bordeaux,INS006
P009286,1958-12-15,Female,Nantes,INS002
P009287,1961-05-02,Male,Nice,INS007
P009288,1952-05-17,Male,Toulouse,INS008
P009289,1949-07-15,Female,Lille,INS008
P009290,1970-10-03,Male,Paris,INS002
P009291,1960-07-16,Female,Nice,INS004
P009292,1953-11-03,Male,Marseille,INS003
P009293,1963-06-14,Male,Toulouse,INS006
P009294,1957-11-01,Female,Montpellier,INS003
P009295,1948-07-12,Female,Nice,INS004
P009296,1966-09-03,Male,Lille,INS002
P009297,2006-04-29,Female,Toulouse,INS005
P009298,1970-12-18,Male,Lille,INS005
P009299,1978-05-27,Male,Nantes,INS005
P009300,2009-09-22,Female,Lyon,INS003
P009301,1979-09-14,Male,Montpellier,INS007
P009302,1948-02-02,Male,Montpellier,INS005
P009303,1962-04-11,Female,Marseille,INS002
P009304,1969-07-11,Male,Marseille,INS003
P009305,1968-06-15,Female,Bordeaux,INS006
P009306,1942-02-10,Male,Nantes,INS001
P009307,1938-07-29,Female,Nantes,INS003
P009308,1958-05-08,Female,Paris,INS007
P009309,2004-01-20,Male,Nice,INS004
P009310,1988-02-06,Male,Paris,INS005
P009311,1998-03-06,Female,Lille,INS006
P009312,1944-02-18,Male,Nice,INS003
P009313,1963-07-22,Female,Strasbourg,INS007
P009314,1977-02-01,Female,Nantes,INS001
P009315,1965-03-06,Male,Lyon,INS004
P009316,1963-10-02,Male,Nantes,INS005
P009317,1959-02-22,Female,Paris,INS002
P009318,1934-03-06,Male,Marseille,INS007
P009319,1999-06-08,Male,Lyon,INS001
P009320,2005-07-30,Male,Montpellier,INS006
P009321,1936-07-19,Male,Lille,INS006
P009322,1963-07-03,Female,Bordeaux,INS007
P009323,1971-12-11,Female,Nice,INS002
P009324,1993-06-30,Male,Montpellier,INS002
P009325,2009-12-03,Male,Montpellier,INS005
P009326,1963-09-21,Female,Lyon,INS008
P009327,1990-08-30,Female,Lille,INS007
P009328,2005-12-03,Female,Toulouse,INS002
P009329,1997-04-02,Male,Nice,INS004
P009330,1953-07-12,Male,Lille,INS003
P009331,1996-03-19,Male,Marseille,INS007
P009332,1963-05-23,Female,Nice,INS005
P009333,1931-06-03,Male,Toulouse,INS004
P009334,1991-06-20,Female,Nice,INS001
P009335,1997-08-31,Female,Lille,INS006
P009336,1957-11-02,Female,Toulouse,INS004
P009337,1966-07-11,Male,Paris,INS001
P009338,1959-07-07,Male,Paris,INS002
P009339,1939-06-25,Female,Paris,INS006
P009340,2010-07-30,Female,Lyon,INS006
P009341,1931-11-01,Male,Lille,INS004
P009342,1975-01-02,Female,Paris,INS007
P009343,1931-03-18,Female,Lyon,INS006
P009344,1985-11-02,Female,Strasbourg,INS005
P009345,2002-12-19,Female,Strasbourg,INS002
P009346,1982-02-13,Female,Marseille,INS004
P009347,1979-02-05,Male,Montpellier,INS007
P009348,1997-01-22,Female,Lyon,INS003
P009349,2008-11-28,Female,Paris,INS006
P009350,1999-10-22,Male,Lille,INS007
P009351,1948-09-29,Female,Marseille,INS005
P009352,1975-08-16,Male,Paris,INS005
P009353,1996-04-27,Female,Strasbourg,INS002
P009354,1953-11-10,Male,Montpellier,INS004
P009355,1984-09-09,Female,Marseille,INS001
P009356,1931-11-06,Male,Lille,INS001
P009357,2001-01-23,Male,Nice,INS005
P009358,1979-10-07,Male,Montpellier,INS002
P009359,1990-03-11,Male,Marseille,INS003
P009360,1996-11-10,Female,Nantes,INS003
P009361,1947-09-21,Female,Paris,INS004
P009362,1966-06-29,Male,Bordeaux,INS006
P009363,1999-07-20,Male,Montpellier,INS004
P009364,1943-05-05,Female,Toulouse,INS007
P009365,1996-08-13,Male,Nantes,INS004
P009366,1953-05-02,Male,Nantes,INS008
P009367,1976-08-12,Male,Nantes,INS008
P009368,1971-04-23,Male,Nantes,INS004
P009369,1985-08-09,Male,Strasbourg,INS007
P009370,1997-10-08,Female,Paris,INS004
P009371,1958-04-08,Male,Strasbourg,INS008
P009372,1943-11-30,Female,Montpellier,INS007
P009373,1964-03-31,Female,Montpellier,INS003
P009374,1979-08-01,Male,Lille,INS003
P009375,1990-10-14,Male,Bordeaux,INS008
P009376,1991-01-08,Female,Lille,INS005
P009377,1957-07-15,Male,Strasbourg,INS006
P009378,2005-10-26,Female,Toulouse,INS006
P009379,1936-09-26,Female,Lille,INS002
P009380,1939-06-15,Male,Nantes,INS002
P009381,1932-01-03,Male,Paris,INS008
P009382,2005-01-13,Female,Lille,INS003
P009383,1944-08-03,Female,Marseille,INS007
P009384,1978-09-19,Male,Lille,INS003
P009385,1995-11-06,Female,Toulouse,INS007
P009386,1992-02-07,Male,Paris,INS005
P009387,2006-11-08,Female,Strasbourg,INS001
P009388,1934-05-10,Male,Toulouse,INS003
P009389,1962-12-21,Female,Lille,INS008
P009390,1970-12-30,Female,Lyon,INS002
P009391,1986-05-21,Female,Montpellier,INS002
P009392,1980-06-06,Male,Strasbourg,INS002
P009393,1975-05-10,Male,Toulouse,INS005
P009394,1954-11-08,Male,Lille,INS007
P009395,1938-08-16,Female,Toulouse,INS008
P009396,1964-12-17,Female,Montpellier,INS008
P009397,1951-01-12,Male,Marseille,INS008
P009398,1974-11-24,Female,Nantes,INS008
P009399,1994-07-26,Male,Montpellier,INS005
P009400,1974-10-03,Female,Nice,INS007
P009401,1977-03-23,Male,Strasbourg,INS006
P009402,1933-05-23,Male,Montpellier,INS002
P009403,1982-03-20,Female,Paris,INS001
P009404,1965-08-06,Female,Marseille,INS001
P009405,1940-01-08,Male,Lyon,INS003
P009406,1947-04-27,Female,Bordeaux,INS004
P009407,1993-03-28,Male,Toulouse,INS006
P009408,2004-04-01,Male,Paris,INS005
P009409,1971-02-15,Female,Bordeaux,INS003
P009410,2009-02-06,Male,Lyon,INS006
P009411,1944-08-01,Female,Toulouse,INS007
P009412,1954-04-09,Male,Lille,INS002
P009413,2005-05-02,Female,Strasbourg,INS003
P009414,1944-03-10,Male,Nantes,INS008
P009415,1983-05-30,Female,Nantes,INS008
P009416,1947-10-12,Female,Strasbourg,INS003
P009417,1956-10-28,Female,Lyon,INS005
P009418,1968-09-11,Female,Marseille,INS005
P009419,1959-02-27,Male,Nice,INS006
P009420,2000-10-31,Female,Nice,INS007
P009421,2008-10-16,Female,Paris,INS001
P009422,1970-07-03,Female,Marseille,INS005
P009423,1972-07-17,Female,Marseille,INS002
P009424,1934-06-27,Female,Paris,INS007
P009425,1948-12-20,Female,Nantes,INS005
P009426,1933-03-25,Male,Paris,INS006
P009427,1999-05-22,Male,Strasbourg,INS008
P009428,1948-06-02,Male,Bordeaux,INS007
P009429,1957-08-04,Female,Nice,INS007
P009430,1998-04-06,Male,Toulouse,INS007
P009431,1987-10-10,Male,Montpellier,INS006
P009432,1980-05-03,Male,Marseille,INS004
P009433,1933-02-12,Female,Bordeaux,INS003
P009434,1975-08-07,Female,Paris,INS003
P009435,1975-06-07,Female,Strasbourg,INS005
P009436,1955-11-02,Female,Bordeaux,INS007
P009437,1990-05-03,Male,Lyon,INS003
P009438,2005-04-13,Female,Strasbourg,INS005
P009439,1950-12-25,Female,Montpellier,INS004
P009440,1956-10-28,Female,Paris,INS005
P009441,1956-02-09,Female,Strasbourg,INS007
P009442,1997-08-17,Female,Nice,INS004
P009443,1936-04-19,Female,Lille,INS004
P009444,2002-07-26,Male,Nantes,INS002
P009445,1992-10-10,Female,Nice,INS004
P009446,1969-02-23,Male,Toulouse,INS004
P009447,1977-04-06,Male,Nantes,INS002
P009448,2002-06-08,Male,Paris,INS008
P009449,1992-05-09,Male,Montpellier,INS007
P009450,1952-06-02,Female,Montpellier,INS003
P009451,1934-01-31,Male,Marseille,INS008
P009452,1983-05-02,Male,Toulouse,INS003
P009453,1941-10-23,Female,Marseille,INS004
P009454,1937-02-15,Female,Lille,INS002
P009455,2009-07-25,Male,Marseille,INS005
P009456,1968-05-21,Female,Strasbourg,INS004
P009457,1982-09-19,Male,Nantes,INS003
P009458,1947-08-09,Female,Strasbourg,INS003
P009459,1938-03-28,Female,Nice,INS008
P009460,1935-01-31,Male,Nice,INS006
P009461,1958-09-14,Male,Lyon,INS002
P009462,1930-04-21,Male,Strasbourg,INS002
P009463,1964-01-09,Male,Nice,INS001
P009464,1956-04-21,Male,Lyon,INS002
P009465,1972-09-02,Female,Paris,INS006
P009466,1977-10-01,Male,Nice,INS001
P009467,1954-12-25,Female,Lille,INS002
P009468,1966-11-15,Female,Lille,INS001
P009469,1936-04-29,Male,Lille,INS006
P009470,1954-06-11,Female,Strasbourg,INS007
P009471,2009-03-25,Male,Lille,INS005
P009472,2010-04-14,Female,Lille,INS008
P009473,1969-05-08,Female,Lille,INS006
P009474,2006-02-05,Female,Paris,INS007
P009475,1970-08-09,Male,Paris,INS003
P009476,1940-03-06,Male,Toulouse,INS007
P009477,2000-04-19,Female,Paris,INS006
P009478,1963-08-16,Female,Nice,INS001
P009479,1979-08-10,Female,Toulouse,INS001
P009480,1982-07-22,Female,Bordeaux,INS008
P009481,1954-12-13,Male,Lille,INS003
P009482,1989-05-30,Male,Nice,INS004
P009483,1970-08-09,Female,Toulouse,INS007
P009484,1959-09-04,Female,Paris,INS007
P009485,1954-02-17,Male,Toulouse,INS001
P009486,1990-06-13,Female,Lyon,INS005
P009487,1950-03-13,Female,Bordeaux,INS008
P009488,1940-01-21,Male,Bordeaux,INS003
P009489,2001-06-02,Female,Toulouse,INS005
P009490,1956-11-16,Female,Lille,INS003
P009491,1981-12-03,Female,Bordeaux,INS006
P009492,1988-01-11,Male,Nantes,INS001
P009493,1997-11-26,Female,Strasbourg,INS005
P009494,1980-09-05,Male,Montpellier,INS004
P009495,1987-05-05,Female,Paris,INS006
P009496,1997-10-24,Female,Nantes,INS004
P009497,2006-05-30,Male,Paris,INS008
P009498,1933-10-18,Female,Toulouse,INS008
P009499,1990-03-15,Female,Nice,INS003
P009500,1944-02-16,Female,Bordeaux,INS001
P009501,2002-03-11,Male,Strasbourg,INS004
P009502,1933-12-05,Female,Montpellier,INS005
P009503,1949-12-27,Male,Montpellier,INS007
P009504,1945-07-24,Female,Nantes,INS005
P009505,1978-11-16,Female,Nantes,INS005
P009506,1930-05-07,Female,Strasbourg,INS001
P009507,1931-05-19,Female,Marseille,INS007
P009508,1970-11-03,Male,Lille,INS003
P009509,2008-09-13,Female,Lille,INS004
P009510,1972-10-16,Male,Nice,INS004
P009511,1966-02-13,Female,Lille,INS001
P009512,1983-04-16,Male,Lyon,INS004
P009513,1974-09-11,Female,Nice,INS004
P009514,1961-03-06,Male,Nice,INS002
P009515,1977-09-02,Female,Bordeaux,INS002
P009516,1930-04-05,Male,Strasbourg,INS001
P009517,1949-10-20,Male,Nice,INS008
P009518,1984-08-01,Male,Montpellier,INS003
P009519,1957-08-31,Female,Marseille,INS007
P009520,1934-05-26,Male,Lyon,INS007
P009521,1940-01-30,Female,Lille,INS004
P009522,2000-02-27,Female,Strasbourg,INS007
P009523,1956-09-11,Female,Montpellier,INS002
P009524,1931-11-02,Male,Lyon,INS002
P009525,1989-01-11,Female,Strasbourg,INS008
P009526,1972-12-19,Male,Toulouse,INS006
P009527,1966-07-24,Male,Strasbourg,INS006
P009528,2002-06-27,Female,Nantes,INS008
P009529,1955-05-31,Female,Paris,INS001
P009530,1976-05-15,Male,Toulouse,INS002
P009531,1990-05-03,Female,Paris,INS008
P009532,1979-04-13,Female,Lille,INS002
P009533,1946-11-05,Female,Nice,INS004
P009534,1985-03-17,Male,Nantes,INS001
P009535,1990-03-19,Female,Nice,INS003
P009536,1939-12-01,Female,Nantes,INS002
P009537,1943-05-27,Female,Paris,INS003
P009538,1984-09-01,Female,Bordeaux,INS007
P009539,1939-08-21,Male,Toulouse,INS003
P009540,2001-04-22,Male,Bordeaux,INS007
P009541,1938-11-16,Male,Marseille,INS008
P009542,2008-11-28,Male,Nice,INS005
P009543,1984-05-23,Female,Nantes,INS005
P009544,1965-11-20,Male,Toulouse,INS003
P009545,1951-09-28,Male,Paris,INS006
P009546,1957-11-26,Male,Paris,INS007
P009547,1990-08-18,Male,Lille,INS007
P009548,1991-01-06,Female,Bordeaux,INS002
P009549,1946-11-25,Male,Montpellier,INS006
P009550,1973-12-21,Female,Nice,INS002
P009551,2010-06-05,Male,Toulouse,INS004
P009552,1950-11-04,Female,Marseille,INS001
P009553,1986-03-01,Male,Lyon,INS005
P009554,1943-12-12,Male,Lyon,INS007
P009555,1997-07-23,Male,Paris,INS007
P009556,1943-10-16,Female,Montpellier,INS006
P009557,1954-02-08,Male,Paris,INS005
P009558,1967-03-12,Male,Strasbourg,INS005
P009559,1960-01-09,Male,Bordeaux,INS001
P009560,1943-10-12,Male,Nantes,INS006
P009561,1981-12-01,Male,Montpellier,INS006
P009562,1931-08-07,Male,Nice,INS002
P009563,2009-08-30,Female,Lyon,INS006
P009564,1934-03-21,Female,Montpellier,INS004
P009565,1957-01-15,Male,Lyon,INS005
P009566,2005-04-26,Male,Bordeaux,INS007
P009567,1942-07-24,Female,Nantes,INS003
P009568,1935-11-29,Female,Marseille,INS008
P009569,1990-04-04,Female,Nantes,INS004
P009570,1935-12-05,Male,Nantes,INS005
P009571,2002-11-12,Male,Montpellier,INS001
P009572,1966-07-18,Male,Montpellier,INS001
P009573,2000-05-31,Female,Lille,INS003
P009574,1949-11-08,Female,Nantes,INS008
P009575,1941-06-07,Male,Strasbourg,INS003
P009576,2007-12-23,Female,Paris,INS004
P009577,1991-09-26,Female,Nantes,INS007
P009578,2003-10-15,Female,Montpellier,INS003
P009579,1955-11-29,Male,Lyon,INS007
P009580,1962-10-13,Female,Nice,INS001
P009581,1976-10-02,Female,Paris,INS002
P009582,1966-05-07,Female,Toulouse,INS001
P009583,1949-08-27,Male,Strasbourg,INS001
P009584,1960-05-20,Female,Montpellier,INS005
P009585,1979-04-23,Female,Nice,INS001
P009586,1933-01-25,Female,Nice,INS005
P009587,1957-03-18,Female,Marseille,INS005
P009588,1953-09-20,Male,Strasbourg,INS002
P009589,1935-09-12,Male,Nantes,INS001
P009590,1939-12-09,Female,Montpellier,INS002
P009591,1970-02-24,Male,Nantes,INS002
P009592,1938-04-17,Female,Paris,INS005
P009593,1957-12-08,Male,Bordeaux,INS008
P009594,1975-06-06,Female,Nice,INS004
P009595,2000-10-11,Female,Nice,INS006
P009596,1937-12-31,Male,Lille,INS003
P009597,1965-03-16,Male,Lyon,INS001
P009598,1938-05-04,Male,Strasbourg,INS002
P009599,1964-09-17,Male,Strasbourg,INS004
P009600,1968-12-02,Male,Strasbourg,INS007
P009601,1994-09-27,Male,Nantes,INS002
P009602,1965-10-28,Female,Strasbourg,INS008
P009603,2005-10-10,Female,Toulouse,INS006
P009604,1941-02-23,Male,Nice,INS003
P009605,1934-04-22,Male,Toulouse,INS005
P009606,1930-05-12,Male,Nice,INS006
P009607,1958-11-23,Female,Lyon,INS006
P009608,1945-08-18,Female,Marseille,INS007
P009609,1937-06-02,Female,Marseille,INS006
P009610,1949-02-08,Male,Toulouse,INS001
P009611,2008-12-21,Female,Strasbourg,INS004
P009612,1994-10-26,Male,Lyon,INS008
P009613,1931-07-04,Female,Nice,INS002
P009614,2004-02-24,Female,Strasbourg,INS004
P009615,1946-08-17,Male,Nantes,INS005
P009616,1962-11-18,Female,Nantes,INS005
P009617,1956-07-15,Male,Lyon,INS007
P009618,1962-10-22,Female,Nantes,INS005
P009619,1991-08-14,Female,Marseille,INS001
P009620,1987-09-17,Male,Marseille,INS002
P009621,1978-02-12,Male,Strasbourg,INS006
P009622,1980-10-11,Female,Nantes,INS007
P009623,1988-12-05,Female,Montpellier,INS006
P009624,1944-11-30,Male,Toulouse,INS006
P009625,1962-01-18,Male,Lille,INS002
P009626,1938-09-21,Male,Montpellier,INS001
P009627,1987-01-14,Male,Nantes,INS008
P009628,1965-06-12,Female,Strasbourg,INS005
P009629,1981-08-14,Male,Paris,INS006
P009630,1975-10-01,Male,Bordeaux,INS008
P009631,1952-03-01,Male,Strasbourg,INS002
P009632,1941-03-27,Male,Strasbourg,INS007
P009633,2008-10-21,Male,Nice,INS003
P009634,1953-10-03,Male,Lyon,INS006
P009635,1938-11-16,Female,Bordeaux,INS004
P009636,1954-10-13,Female,Lyon,INS002
P009637,2003-02-04,Male,Strasbourg,INS008
P009638,1951-03-02,Male,Nantes,INS003
P009639,2009-12-05,Female,Lyon,INS001
P009640,1967-04-28,Female,Nice,INS002
P009641,1999-10-21,Male,Nice,INS008
P009642,1982-11-24,Male,Paris,INS007
P009643,1933-07-23,Male,Paris,INS006
P009644,1971-04-05,Female,Marseille,INS007
P009645,1963-10-09,Female,Paris,INS006
P009646,1946-04-26,Female,Bordeaux,INS008
P009647,1974-07-19,Male,Strasbourg,INS001
P009648,1938-05-04,Female,Paris,INS001
P009649,1986-07-24,Male,Nantes,INS006
P009650,1996-07-27,Male,Toulouse,INS008
P009651,1937-06-30,Male,Strasbourg,INS005
P009652,1968-10-27,Male,Toulouse,INS008
P009653,1983-01-24,Male,Nantes,INS004
P009654,1935-01-13,Male,Montpellier,INS006
P009655,1961-07-14,Female,Lyon,INS005
P009656,1950-11-28,Female,Lille,INS008
P009657,1933-03-07,Male,Marseille,INS006
P009658,1995-02-15,Female,Lyon,INS004
P009659,1966-01-07,Male,Nantes,INS002
P009660,1990-11-21,Female,Paris,INS003
P009661,1977-07-21,Male,Lille,INS001
P009662,2000-12-09,Female,Lyon,INS002
P009663,2010-10-03,Male,Nantes,INS005
P009664,1978-10-08,Female,Nice,INS001
P009665,1958-07-11,Male,Toulouse,INS004
P009666,1964-04-03,Female,Toulouse,INS001
P009667,1996-11-08,Male,Toulouse,INS002
P009668,1964-07-22,Female,Lyon,INS006
P009669,1972-02-05,Male,Lille,INS001
P009670,1945-09-18,Male,Montpellier,INS003
P009671,2010-03-12,Male,Paris,INS002
P009672,1982-09-18,Male,Nice,INS001
P009673,1956-09-29,Male,Lyon,INS002
P009674,1977-05-22,Male,Lyon,INS001
P009675,1962-06-29,Female,Marseille,INS001
P009676,1942-07-18,Male,Marseille,INS006
P009677,2000-11-07,Female,Lille,INS001
P009678,2001-09-26,Male,Strasbourg,INS008
P009679,1997-08-16,Female,Montpellier,INS004
P009680,1959-11-05,Female,Nantes,INS004
P009681,1950-10-08,Male,Lyon,INS008
P009682,1934-01-11,Female,Montpellier,INS007
P009683,1989-04-02,Female,Strasbourg,INS004
P009684,1956-07-23,Female,Paris,INS008
P009685,2002-04-08,Male,Lille,INS005
P009686,2000-06-15,Female,Nice,INS006
P009687,1940-05-20,Female,Paris,INS008
P009688,2004-04-09,Male,Paris,INS006
P009689,1941-05-13,Male,Nantes,INS005
P009690,1969-09-20,Female,Lille,INS005
P009691,1968-05-21,Male,Toulouse,INS006
P009692,2007-06-18,Female,Nice,INS008
P009693,1983-03-29,Male,Bordeaux,INS006
P009694,2000-11-22,Female,Nice,INS003
P009695,1978-04-05,Female,Lyon,INS001
P009696,1996-11-03,Female,Paris,INS007
P009697,1999-01-08,Male,Marseille,INS004
P009698,1999-08-20,Female,Marseille,INS004
P009699,1963-05-05,Male,Lille,INS008
P009700,1960-12-06,Female,Nice,INS002
P009701,2009-10-07,Male,Lyon,INS001
P009702,1991-04-10,Male,Lyon,INS006
P009703,2004-04-19,Female,Marseille,INS008
P009704,1976-10-05,Female,Lille,INS007
P009705,2005-04-01,Female,Lyon,INS007
P009706,1988-04-17,Male,Lyon,INS007
P009707,1990-02-23,Female,Bordeaux,INS006
P009708,1944-05-26,Male,Lyon,INS008
P009709,1975-12-01,Female,Lyon,INS003
P009710,1989-03-29,Male,Strasbourg,INS006
P009711,1991-08-22,Male,Paris,INS001
P009712,2007-07-25,Female,Paris,INS005
P009713,1956-06-25,Female,Paris,INS003
P009714,1954-07-07,Male,Bordeaux,INS008
P009715,2008-07-11,Female,Nantes,INS004
P009716,2009-11-16,Male,Nantes,INS002
P009717,1944-07-27,Male,Nantes,INS005
P009718,1960-08-24,Female,Paris,INS001
P009719,2006-10-17,Female,Lille,INS002
P009720,1946-03-06,Female,Nantes,INS004
P009721,1993-06-08,Female,Nantes,INS006
P009722,1939-02-04,Male,Lille,INS005
P009723,1944-06-11,Male,Strasbourg,INS001
P009724,1993-07-31,Female,Strasbourg,INS006
P009725,1979-03-16,Male,Nice,INS001
P009726,1974-12-09,Female,Nice,INS007
P009727,1999-05-20,Male,Montpellier,INS001
P009728,1954-11-17,Male,Nice,INS001
P009729,1970-10-07,Female,Bordeaux,INS005
P009730,1979-04-14,Male,Lille,INS007
P009731,1989-12-05,Male,Lille,INS007
P009732,1956-11-24,Female,Strasbourg,INS005
P009733,1981-04-28,Female,Marseille,INS002
P009734,1966-04-26,Male,Nantes,INS008
P009735,1973-11-24,Female,Bordeaux,INS001
P009736,1999-11-16,Female,Lille,INS003
P009737,1961-11-19,Female,Toulouse,INS007
P009738,1984-02-14,Male,Paris,INS005
P009739,2006-04-19,Female,Nice,INS007
P009740,1991-10-02,Female,Paris,INS007
P009741,2010-01-31,Female,Paris,INS008
P009742,1977-04-06,Female,Marseille,INS005
P009743,1952-11-02,Male,Bordeaux,INS007
P009744,2010-04-20,Female,Marseille,INS002
P009745,1982-03-18,Male,Strasbourg,INS002
P009746,1949-07-21,Female,Montpellier,INS001
P009747,1955-09-10,Male,Lille,INS002
P009748,1951-03-31,Female,Montpellier,INS001
P009749,1997-07-09,Male,Paris,INS007
P009750,1937-07-01,Female,Lyon,INS004
P009751,1989-12-06,Male,Lille,INS004
P009752,1974-11-16,Female,Montpellier,INS006
P009753,1935-12-14,Female,Bordeaux,INS003
P009754,1979-09-06,Male,Nice,INS005
P009755,1991-01-02,Female,Nantes,INS001
P009756,1988-10-19,Female,Toulouse,INS006
P009757,1972-10-22,Male,Montpellier,INS007
P009758,1957-03-03,Male,Montpellier,INS001
P009759,1943-04-10,Male,Toulouse,INS001
P009760,1930-12-29,Male,Nice,INS002
P009761,1959-02-15,Female,Nantes,INS005
P009762,1981-03-17,Female,Bordeaux,INS007
P009763,1933-01-19,Male,Lyon,INS007
P009764,2010-11-22,Female,Marseille,INS007
P009765,1977-06-17,Female,Montpellier,INS005
P009766,1953-11-09,Female,Marseille,INS006
P009767,2007-12-05,Female,Nantes,INS003
P009768,1944-11-24,Female,Montpellier,INS006
P009769,2007-07-25,Female,Nantes,INS002
P009770,1952-10-27,Male,Marseille,INS008
P009771,1960-10-03,Male,Strasbourg,INS001
P009772,1964-06-16,Male,Paris,INS008
P009773,2010-07-31,Female,Nice,INS004
P009774,1950-04-29,Female,Marseille,INS006
P009775,2008-10-19,Male,Nantes,INS002
P009776,1958-02-07,Female,Toulouse,INS003
P009777,1953-02-05,Female,Bordeaux,INS007
P009778,1981-09-10,Male,Lille,INS001
P009779,1986-03-11,Male,Bordeaux,INS002
P009780,1957-12-12,Female,Montpellier,INS006
P009781,1940-11-10,Male,Strasbourg,INS007
P009782,1962-01-30,Male,Toulouse,INS004
P009783,1973-10-09,Male,Montpellier,INS001
P009784,1933-03-30,Female,Strasbourg,INS002
P009785,1936-05-15,Male,Nantes,INS008
P009786,2004-05-08,Male,Bordeaux,INS002
P009787,1932-11-26,Female,Paris,INS005
P009788,1962-12-16,Male,Bordeaux,INS008
P009789,1991-11-16,Male,Marseille,INS004
P009790,1956-07-30,Female,Lyon,INS001
P009791,1970-01-28,Female,Strasbourg,INS007
P009792,1937-01-02,Female,Marseille,INS007
P009793,1994-05-07,Male,Nantes,INS006
P009794,1981-05-14,Female,Strasbourg,INS008
P009795,1998-12-25,Female,Bordeaux,INS007
P009796,1999-12-20,Female,Nice,INS006
P009797,1958-06-01,Male,Nice,INS003
P009798,1933-05-02,Male,Toulouse,INS001
P009799,1958-01-20,Female,Montpellier,INS006
P009800,1941-10-07,Male,Montpellier,INS007
P009801,1973-03-13,Female,Lille,INS006
P009802,1941-11-09,Female,Strasbourg,INS006
P009803,2004-09-02,Male,Lyon,INS006
P009804,1978-10-13,Female,Lyon,INS003
P009805,1950-06-30,Male,Bordeaux,INS001
P009806,2004-08-13,Male,Nantes,INS006
P009807,1992-05-05,Male,Bordeaux,INS008
P009808,1965-06-16,Female,Nice,INS002
P009809,1941-11-13,Female,Lille,INS001
P009810,1957-11-06,Female,Strasbourg,INS006
P009811,1977-04-21,Male,Montpellier,INS004
P009812,1992-01-12,Male,Paris,INS008
P009813,1951-03-20,Male,Toulouse,INS004
P009814,1990-02-23,Male,Marseille,INS005
P009815,1952-11-28,Female,Nantes,INS001
P009816,1949-12-27,Male,Toulouse,INS008
P009817,1966-03-17,Male,Marseille,INS003
P009818,1943-01-10,Female,Marseille,INS004
P009819,1962-10-11,Male,Lille,INS006
P009820,1958-12-25,Male,Lyon,INS007
P009821,1952-09-06,Male,Lyon,INS007
P009822,1992-10-27,Male,Nantes,INS007
P009823,1956-11-13,Female,Montpellier,INS001
P009824,1986-04-19,Male,Bordeaux,INS001
P009825,1988-05-05,Female,Montpellier,INS007
P009826,1983-12-07,Male,Lyon,INS008
P009827,1951-10-25,Female,Montpellier,INS005
P009828,1997-03-07,Male,Bordeaux,INS008
P009829,1949-02-28,Female,Nice,INS003
P009830,1952-06-12,Female,Paris,INS003
P009831,2000-11-14,Female,Nantes,INS002
P009832,1957-07-07,Male,Lille,INS007
P009833,1986-06-16,Female,Strasbourg,INS006
P009834,1933-06-06,Female,Nice,INS002
P009835,1979-10-05,Female,Strasbourg,INS008
P009836,2000-05-13,Female,Strasbourg,INS001
P009837,1987-05-28,Male,Nice,INS007
P009838,1977-03-05,Female,Marseille,INS002
P009839,1998-10-08,Female,Marseille,INS007
P009840,1954-02-23,Female,Strasbourg,INS004
P009841,1960-07-08,Female,Nantes,INS002
P009842,1935-08-16,Female,Strasbourg,INS001
P009843,1986-07-26,Female,Nice,INS005
P009844,1988-08-05,Female,Nantes,INS002
P009845,1990-11-10,Female,Lyon,INS004
P009846,1990-08-24,Female,Montpellier,INS008
P009847,1940-04-26,Male,Marseille,INS008
P009848,1983-12-17,Female,Marseille,INS004
P009849,1991-10-30,Male,Lyon,INS006
P009850,1946-07-04,Male,Paris,INS007
P009851,1968-08-05,Male,Lille,INS005
P009852,2003-12-20,Female,Strasbourg,INS002
P009853,1963-08-07,Male,Strasbourg,INS007
P009854,1991-01-02,Male,Toulouse,INS001
P009855,1972-12-15,Male,Lille,INS005
P009856,1983-04-12,Male,Lille,INS007
P009857,1980-09-29,Female,Montpellier,INS005
P009858,1982-09-22,Male,Paris,INS003
P009859,1993-02-16,Male,Paris,INS004
P009860,2003-04-02,Female,Paris,INS004
P009861,1953-12-12,Female,Strasbourg,INS006
P009862,2005-03-11,Male,Paris,INS008
P009863,1980-11-08,Female,Montpellier,INS007
P009864,1978-03-31,Male,Lyon,INS003
P009865,1956-07-18,Female,Bordeaux,INS001
P009866,1963-10-01,Male,Montpellier,INS004
P009867,1982-10-12,Female,Lyon,INS007
P009868,1959-06-18,Male,Marseille,INS006
P009869,1953-04-09,Female,Nice,INS003
P009870,1996-05-05,Male,Strasbourg,INS001
P009871,1963-08-26,Female,Montpellier,INS003
P009872,1982-03-19,Female,Paris,INS006
P009873,1932-07-11,Female,Nice,INS006
P009874,1936-04-04,Female,Lille,INS004
P009875,1998-09-13,Male,Bordeaux,INS003
P009876,1941-07-08,Female,Montpellier,INS002
P009877,1994-06-17,Female,Montpellier,INS008
P009878,2002-11-30,Male,Lyon,INS004
P009879,1968-12-28,Female,Toulouse,INS007
P009880,2001-08-22,Female,Marseille,INS004
P009881,1964-08-09,Male,Nantes,INS005
P009882,2007-02-05,Female,Strasbourg,INS006
P009883,1949-03-16,Male,Lille,INS003
P009884,1964-08-27,Male,Lyon,INS008
P009885,1961-07-02,Female,Paris,INS004
P009886,1993-07-04,Male,Paris,INS007
P009887,1933-07-17,Male,Lille,INS008
P009888,1997-01-31,Female,Montpellier,INS004
P009889,1931-11-25,Male,Marseille,INS002
P009890,1955-07-28,Female,Toulouse,INS008
P009891,1978-04-13,Male,Nantes,INS007
P009892,1941-10-09,Male,Nantes,INS007
P009893,1969-09-12,Female,Marseille,INS008
P009894,2010-10-04,Female,Lyon,INS001
P009895,1996-09-04,Female,Lyon,INS008
P009896,1932-06-13,Male,Marseille,INS001
P009897,1977-12-06,Male,Paris,INS002
P009898,1978-05-20,Female,Toulouse,INS002
P009899,1935-07-12,Female,Nantes,INS001
P009900,1982-08-31,Male,Nantes,INS001
P009901,1972-03-14,Female,Montpellier,INS002
P009902,1985-03-23,Female,Marseille,INS004
P009903,1954-02-05,Female,Nantes,INS003
P009904,1950-09-15,Male,Strasbourg,INS003
P009905,1989-08-11,Female,Paris,INS002
P009906,1988-06-12,Male,Nice,INS008
P009907,1943-02-06,Male,Paris,INS003
P009908,1947-07-12,Female,Bordeaux,INS004
P009909,1977-06-29,Male,Strasbourg,INS002
P009910,1997-02-24,Female,Toulouse,INS002
P009911,1946-05-06,Female,Bordeaux,INS002
P009912,1947-10-01,Male,Nantes,INS008
P009913,1995-06-06,Female,Bordeaux,INS002
P009914,1986-06-07,Male,Nice,INS005
P009915,2003-01-31,Male,Strasbourg,INS005
P009916,1993-06-15,Female,Lyon,INS001
P009917,2007-03-19,Male,Toulouse,INS003
P009918,1945-04-21,Male,Strasbourg,INS001
P009919,1952-01-11,Female,Lille,INS002
P009920,1949-04-11,Female,Toulouse,INS006
P009921,1934-06-28,Male,Nice,INS005
P009922,1993-02-08,Female,Montpellier,INS004
P009923,1983-08-08,Female,Marseille,INS002
P009924,1936-12-19,Female,Montpellier,INS005
P009925,1946-01-18,Female,Nice,INS008
P009926,1945-06-14,Female,Paris,INS007
P009927,1962-08-21,Male,Strasbourg,INS002
P009928,1966-11-24,Male,Lille,INS006
P009929,1953-05-29,Male,Marseille,INS002
P009930,2005-05-05,Female,Bordeaux,INS007
P009931,1947-03-27,Female,Bordeaux,INS004
P009932,1975-07-06,Female,Bordeaux,INS006
P009933,1965-06-23,Female,Paris,INS005
P009934,1961-05-27,Male,Strasbourg,INS006
P009935,1996-11-20,Female,Lille,INS008
P009936,2009-03-31,Male,Lyon,INS002
P009937,1930-06-23,Female,Bordeaux,INS008
P009938,1967-07-24,Male,Nantes,INS004
P009939,1939-08-27,Male,Lyon,INS002
P009940,1965-02-17,Male,Montpellier,INS004
P009941,1979-12-24,Male,Nantes,INS001
P009942,1963-05-06,Male,Montpellier,INS005
P009943,1955-01-14,Male,Nantes,INS004
P009944,1955-04-15,Female,Paris,INS004
P009945,1954-04-16,Female,Marseille,INS004
P009946,1956-05-19,Male,Montpellier,INS005
P009947,1960-04-17,Female,Bordeaux,INS007
P009948,1985-09-17,Male,Lyon,INS004
P009949,1937-10-11,Female,Paris,INS001
P009950,1933-04-23,Male,Bordeaux,INS005
P009951,1971-11-09,Female,Bordeaux,INS008
P009952,1985-03-23,Male,Marseille,INS004
P009953,1950-12-15,Female,Lyon,INS001
P009954,1946-04-19,Female,Nantes,INS008
P009955,1980-08-08,Male,Toulouse,INS004
P009956,1961-02-13,Female,Paris,INS003
P009957,1989-08-14,Female,Paris,INS003
P009958,1941-11-14,Male,Marseille,INS006
P009959,1939-10-23,Male,Bordeaux,INS002
P009960,1974-10-09,Female,Lille,INS005
P009961,1961-10-16,Male,Paris,INS003
P009962,1989-01-28,Female,Montpellier,INS004
P009963,1970-12-30,Female,Nantes,INS002
P009964,1958-09-23,Male,Bordeaux,INS007
P009965,1942-12-07,Female,Marseille,INS004
P009966,1943-03-28,Female,Nice,INS008
P009967,1991-03-22,Female,Montpellier,INS007
P009968,1948-05-06,Male,Nantes,INS007
P009969,1970-09-12,Male,Marseille,INS004
P009970,1996-04-07,Female,Lille,INS008
P009971,2002-09-21,Male,Montpellier,INS005
P009972,1951-09-06,Male,Paris,INS004
P009973,1938-11-17,Female,Marseille,INS003
P009974,1992-09-30,Male,Lyon,INS008
P009975,1985-09-01,Female,Nantes,INS003
P009976,1956-10-29,Female,Toulouse,INS008
P009977,1978-01-29,Female,Lyon,INS002
P009978,1945-04-15,Female,Montpellier,INS007
P009979,1986-10-02,Male,Bordeaux,INS003
P009980,1988-11-28,Male,Marseille,INS007
P009981,1954-04-01,Male,Montpellier,INS007
P009982,1967-12-14,Female,Nantes,INS006
P009983,1957-01-22,Female,Lyon,INS008
P009984,1932-07-14,Female,Strasbourg,INS005
P009985,1940-04-24,Female,Paris,INS007
P009986,2007-10-02,Male,Montpellier,INS005
P009987,1966-12-09,Male,Lille,INS001
P009988,1941-12-20,Male,Marseille,INS004
P009989,1933-08-02,Male,Paris,INS001
P009990,1958-08-17,Female,Montpellier,INS006
P009991,2009-08-09,Female,Bordeaux,INS002
P009992,1961-03-02,Female,Nantes,INS003
P009993,2010-12-15,Male,Strasbourg,INS007
P009994,1969-08-23,Female,Bordeaux,INS006
P009995,1991-11-17,Female,Marseille,INS003
P009996,1993-08-14,Male,Nice,INS005
P009997,1932-04-13,Female,Bordeaux,INS005
P009998,1930-06-30,Male,Marseille,INS003
P009999,2004-09-19,Female,Strasbourg,INS006
P010000,2005-07-12,Female,Strasbourg,INS002
